user,rating,date,review
Peter,"5,0",13 mars 2018,"Pour remplacer une télé LED HD Samsung endommagée, il s'agissait du premier prix Amazon,
aucune déception, fait le taf, bon son et belle image,
télécommande un peu cheap ""plastique"" légère, mais fonctionne parfaitement,
les connectiques : 3 HDMI, USB et autres me permettent de brancher box, périphériques et chromecast sans soucis."
LeControleur,"4,0",13 septembre 2017,"Une bonne télé qui fait bien l'affaire. Fonctionne correctement et est très réactive ( pas de temps de latence lors de l'allumage ou changement de chaines, extérieu..)
La qualité d'image est standard : Full HD, ce qui convient pour tout type de programme/ jeux vidéo.
Pas de problème pour brancher les consoles et une antenne TNT.
Je pense que le rapport qualité prix de cette télé est réellement intérréssant.
Les  + : Ergonomie
prix
bonne qualité d'image
Son très correct ( même pour la musique on retrouve des basses percutantes )
Design
Prise HDMI et USB
Les - : Les pieds de la télé semblent fragilee
Pas d'OS intelligent intégré ( mais normal pour le prix )
Mon avis vous a aidé ?
Prenez une demi-seconde pour mettre un ""OUI"" , cela valorisera le temps pris pour rédiger ce commentaire et m'encouragera à en écrire à nouveau.Merci à vous :)"
DUMONT,"4,0",13 février 2018,"Après un retard de livraison de 2 jours, le produit est bien arrivé
Il est tout a fait à la hauteur pour un prix très raisonnable
Seul bémol...la notice n'est pas en français donc il faut faire les réglages à l'intuitif
L'image est de qualité. Un bon achat"
AJM,"5,0",14 juillet 2018,"HKC-24C2NB-60-50cm-1920x1080 -- B075NB4J31
J'ai commandé ce téléviseur en tant que deuxième moniteur pour mon PC (en utilisant le bureau étendu de Windows 7).
Le prix était moins cher qu'un moniteur et pourtant le téléviseur comprend également un décodeur satellite numérique et un décodeur numérique terrestre.
La résolution de l'écran TV est bonne (Full HD) bien que, bien sûr, très légèrement inférieure à l'écran du moniteur (qui a une résolution plus élevée).
Windows a reconnu le modèle du téléviseur, mais la taille de l'écran envoyé par le PC à la télévision était légèrement surdimensionnée (de moins de 5 mm en haut et en bas et à gauche et à droite). Lorsque j'ai essayé de redimensionner l'image sur le téléviseur (ou peut-être sur le PC?), la qualité de l'image était moins qu'acceptable. Je n'ai pas essayé de trouver une meilleure solution à ce problème car, en ajustant la taille de la fenêtre du programme informatique sur le téléviseur, je pouvais accepter le léger surdimensionnement de l'image. Cela n'affecte pas le produit lorsqu'il est utilisé comme téléviseur.
Lors de la recherche de chaînes par satellite, il peut être nécessaire d'effectuer une recherche de réseau plutôt qu'une recherche par satellite ou par transpondeur car les réglages du transpondeur déjà programmés dans le décodeur de télévision peuvent être périmés. Ce n'est absolument pas un problème tant que vous en êtes conscient (cela risque d'être un problème avec tout nouveau décodeur car cette information peut être périmée). Beaucoup de conseils à ce sujet sur Internet.
Toutes les fonctions fonctionnent très bien et je suis ravi du produit. Je peux le recommander comme excellent rapport qualité-prix."
LABONNE Ronel,"1,0",31 août 2018,"Au bout de six mois est apparu ligne noire horizontale sur l'écran et prise casque ne fonctionne pas...suis dégouté!!!
ça fait +d'1 mois que je fais les démarches auprès de HKC, le lien qu'ils envois pour le bon de retour vous fais tourner en bourrique sans possibilité d'imprimer ce fameux bon...V me tourner vers la répression des fraudes...Voila!!!"
Celumil,"4,0",21 juillet 2018,"Sur Amazon Allemagne (au moment où j'écris ce commentaire) ce modèle a 93 avis et une note moyenne de 3.8 sur 5. Une bonne note pour une télé de ce prix là, et c'est ce qui m'a décidé à l'acheter.
Personnellement, j'ai dû augmenter un peu la luminosité et le contraste pour mieux voir les tons noirs correctement. J'ai aussi passé l'interface en anglais pour éviter de voir certains mots français trop longs ne pas s'afficher en entier... mais, à part ce détail, l'interface logicielle est plutôt claire et bien faite. Niveau décodage de la TNT, ça me semble plutôt pas mal (malgré un signal parfois faible chez moi). La connectique de l'appareil est assez riche, et c'est un grand plus. Aucun problème pour lire des vidéos présentes sur un disque dur externe qui traînait chez moi. Attention, le manuel utilisateur fourni est uniquement en anglais et allemand (mais il n'y a rien d'extraordinaire dedans).
Au final, ce n'est pas la télévision parfaite mais le rapport qualité/prix est plutôt bon."
mathon,"5,0",30 octobre 2018,"Produit reçu conforme a la description, belle finition, aucune mauvaise surprise, installation facile et rapide, parfait pour moi."
Portret Hervé,"4,0",23 juin 2018,"Reçu le jour prévu comme souvent avec Amazon, je suis content de mon achat. Facile a raccorder et a mettre en service. Jolies couleurs, bon rapport qualité prix.Il faut voir a l'usage mais dans l'immédiat je recommande ce produit."
erbrmat,"4,0",1 juin 2018,"j'ai  acheté cette TV comme appoint pour la chambre, elle fait très bien son office.
très légère, les images sont nettes et belles, pas de souci, bon rapport qualité / prix, je recommande!"
capitaine40,"3,0",19 septembre 2018,"article très bien propre bien transporté, mais attention pas de tnt intégré , merci."
Lippmann Thomas,"5,0",3 septembre 2018,"Top pour son prix !  Une télé complètement équipée.  Récepteur Sat,  TNT et encore analogique pour les ancien appareils  même une prise peritel est installé.
Le point faible est le menue et l installation.  Confus est compliqué,  on n'a pas de droit d erreur sinon il faut commencer à zéro avec la programmation."
maxime 76,"4,0",7 octobre 2018,"excellent rapport qualité/prix
article livré rapidement
installation très simple pour ceux qui en ont l'habitude
je dois toutefois signaler qu'il est dommage que la notice ne soit pas en Français
je recommande malgré cela ce vendeur et cet article"
Client d'Amazon,"1,0",5 août 2018,Horrible surtout à ne pas acheté il y’a une dégradation sur le contraste de la télé !! A ne surout pas acheté je déconseille fortement ⚠️⚠️⚠️
Benjy3L,"3,0",22 juillet 2018,"Manque quelques ports.
J'ai trouvé dommage qu'il n'y ai pas un listing des programmes. Quand on zappe, le temps de réaction pour afficher le programme actuel est un peu long.
Mais la télé en elle même est de bonne qualité."
Daphuq,"4,0",7 octobre 2018,"Installé en extérieur, elle fait parfaitement son rôle ! :) couplé avec un boitier multimédia, elle tourne H24 sans problème de surchauffe
En revanche, la qualité de la dalle TV n'est pas terrible terrible.
Je recommande pour ceux qui ont un faible budget et qui veulent tout de même s'offrir une TV de qualité moyenne"
Géraldine L.,"5,0",10 novembre 2018,"Très bon produit. Très belle qualité d'image. Pour le son, évaluation non possible car utilisation par ampli 5.1
Le bémol, pas de notice d'utilisation en français, seulement en anglais ou allemand. En revanche, intuitif dès la connexion avec l'antenne.
Contrairement à d'autres commentaire lus avant mon achat, ce TV est totalement compatible avec la TNT via une antenne, même intérieure.
Si pas de besoin d'une TV connectée, je recommande ce produit. Cela dit, un chrome cast fait très bien l'affaire.
Et aussi, les échanges avec le vendeur ont été réactifs."
georges moureaux,"5,0",16 juin 2018,"Utilisation des 20 canaux par antenne. Image suffisamment précise pour la distance 3m. Rapport q/p 10/10, son suffisant. Trrrrres content."
Géraldine ,"4,0",16 novembre 2018,"Très légère, notice pas en français mais les images aident à l'installation tout de même. Qualité son pas top mais il ne faut pas exagérer c'est pas moche non plus. Ne pas oublier de brancher le fil de l'antenne pour pouvoir rechercher les chaines les critiques que j'ai lu avant de l'acheter étaient plus sévères que ce que j'ai constaté. Livrée en temps et en heure, très bon état. On ne peux pas avoir de la très haute qualité pour le prix mais je trouve que pour le prix elle est nickel."
Johan,"4,0",18 août 2018,Produit de qualité - j'ai été très surpris par la légèreté de la télé - seule bémol je trouve qu'il faut pousser le son pour bien entendre.
Client d'Amazon,"2,0",19 septembre 2018,"Encore un lecteur dvd intégré qui beugue sans cesse et faut tout faire renvoyer, ca fait 2 télé avec lecteur dvd que je renvoi à cause du lecteur, je l'ai renvoyé, j'attends le remboursement encore très long."
Trans-Am,"5,0",1 août 2018,"Je m'attendais à une qualité d'image assez médiocre, au final j'ai été ravi de constater que les noirs sont assez bien rendus grâce au rétroéclairage LED. Les couleurs sont pas merveilleuses, le blanc fait un peu... ""LED"", mais ça reste imbattable niveau rapport qualité/prix.
Ne pas hésiter à baisser le réglage ""nettetée"" et à mettre les couleurs sur ""chaud"".
Pas de TV ""connectée"", vous avez juste un affichage de 40"" en 1080p, un tuner et plein d'entrées auxiliaires.
(et ça suffit bien)"
Client d'Amazon,"5,0",28 août 2018,"Cette TV a vraiment toutes les connectiques possible, se qui est aujourd'hui rare pour un tel format.
J'y ai branché mes consoles de jeu rétro (NES/SNES/N64/Master System/Mega Drive/...) sans problème. Même la master système branché sur l'entré ""antenne"" fonctionne ! pour les puristes, il y a 2/3 frames d'input lag, mais ça reste très correcte comparé a certains upscalers.
J'ai apprécié la qualité des menus de configuration, c'est multilingue (français disponible), clair et dynamique (il ne faut pas attendre 2 secondes pour passer d'un menu à l'autre).
Cette petite TV est vraiment parfaite quand elle est installé dans une chambre."
PiCa2B,"5,0",9 novembre 2018,"j'ai cette télé depuis environ 9 mois et j'en suis contente.
elle fonctionne bien. Le son est peut etre un peu juste en qualité, mais çà me va car je n'ai pas l'habitude de mettre le son trop fort."
TAis Berrebi,"4,0",9 août 2018,"Très agréablement surprise par cette TV, les noirs sont profonds, elle vaut largement les Samsung qui à produit équivalent sont 2fois plus chères. Par contre niveau son c'est assez faible"
Stanislas46,"1,0",3 février 2019,"->Qualité d'image correcte dans l'axe, mais désaxées dès 30 degrés, les couleurs sont ""pales"" !!!
Le son est trés mauvais (pas d'aiguées et pas de basses) !
Dès la mise en service, une odeur de ""cramé"" se fait sentir, typique des vernis utilisés par les vernis asiatiques !
Seul le prix est correct!!!!!!!!!!!!!!!!!"
Bidou,"4,0",5 décembre 2018,"Ex technicien TV, j'ai essayé ce produit peu cher, pour l'utiliser en second tv. Je suis impressionné par la qualité de l'image proche d'un Samsung et la connectique presque complète (manque connection LAN et interface LAN) Le son est nul, il faut prévoir une barre de son amplifièe ou un ampli surrround. j'ai qd mm pris la garantie sup 2 ans!"
naty64,"1,0",9 septembre 2018,"Trop léger, il faut le caler si poser sur meuble ou le fixer au mur pour éviter qu'il soit renversé par les enfants ou le chat. Bonne qualité d'image mais pour le son c'est très moyen. Acceptable pour utilisation ponctuelle. Nous ne recommandons pas"
MASSE Louis,"1,0",12 décembre 2018,on ne doit pas accepter la vente de produit en france sans notice ou mode d'emploi en français
mbubelk,"5,0",11 août 2018,"Excellent achat . Envoi rapide . Simplicité de la mise en marche .
Très belle image naturelle aussi bien en mode tv que pour les jeux
Son correct malgré les critiques que j'ai pu lire sur les commentaires
Je recommande ce vendeur"
KIBROM m,"5,0",16 novembre 2018,Il est très bien.
vendrome jean noel,"3,0",18 mars 2019,"J'ai reçu cette télé bien emballée, a l'ouverture j'ai constaté l'absence de la piéce entre le socle et la télé, j'ai contacté Amazone , bien conseillé, j'ai contacté l'entreprise expéditrice, réponse rapide en Français, reçu la pièce 3 jours après, nouveau problème la notice n'est pas en Français, contacté un organisme de traduction qui n'a pas trouvé la marque, . Un technicien de mes amis a réussi a la faire fonctionner sur ma box, soulagement j'avais demandé le retour, maintenant je vais la garder , je serais peut être obligé d'ajouter une barre de son. mais c'est personnel. qualité /prix c'est honnête . A part la notice j'ai eu les documents de retour d'amazone je ne m'en servirais pas ."
Phoenix-3000,"4,0",12 mars 2019,"Oui, bizarrement après une semaine, sa mise en route se fait sans problème (alors qu'au début, 3 fois sur 4, je devais débrancher la prise et la rebrancher pour que cette TV démarre).
Mon seul soucis actuellement, c'est qu'il n'accepte pas les disques USB 3.0, même avec un câble USB2.0. J'utilise donc une clef 2.0 intermédiare pour enregistrer (et relire) les emissions TV. Pour le reste. Excellent !
Je rappelle que cette TV ne dispose pas de toutes les possibilités des TV actuelle (pas d'entrée Internet par exemple).
Mais sa connectique est suffisante pour l'adapter via ses prises hdmi et un boitier d'adaptation à un réseau local (par exemple)"
Amazon Customer,"5,0",1 juillet 2018,très satisfait du produit rien à dire qualité prix surprenant  bonne image facile à utiliser  correspond amplement à mes attentes
Client d'Amazon,"1,0",11 septembre 2018,Elle n a pas  de support
Jennifer,"1,0",19 juin 2018,"La notice est dans toutes les langues sauf en français....
Il est difficile d'entendre le son même monter à fond
Produit peu qualitatif"
Chasseuil,"4,0",19 décembre 2018,La qualité de l'image est excellent en 1080p. Mais je trouve pas la sortie optique depuis le téléviseur. Pour relier sur ma chaîne hi-fi en audio. Apparemment il y en a pas j'ai regardé partout sur les côtés le dessous. Sur le livre. Peut-être qu'il y a une petite trappe ou quelque chose qui s'ouvre je ne sais pas trop.  mise à part ça la tv fonctionne parfaitement belle qualité d'image
alexandre dupuy,"4,0",27 septembre 2018,"Produit conforme à la description, petit problème d'emballage  ( il y avait un trou dans le carton ) mais après ouverture tout était en état de marche, j'attends de voir la durée du produit mais cela me semble satisfaisait comme achat"
philippe fleury,"5,0",3 avril 2018,televiseur a mon avis super tres belle image et son gros avantage tous les types de connection ce qui devient tres dificille maintenant usb et hmi uniquement
Client d'Amazon,"1,0",8 septembre 2018,"Il ne marche pas, et je ne les pas reçu à leur prévu de base, je me suis bloqué une journée inutilement pour un article défectueux"
chauvet,"3,0",5 août 2018,"alors la longeur ca peut aller par contre la hauteur un peut petite a mon avis ,notice pas de francais ,mais elle reste quand meme une belle petite television ,avec de jolie couleur et le pied facile a monte"
Client d'Amazon,"4,0",11 septembre 2017,"J'ai choisi ce TV car il permet à lui seul toutes les réceptions ( sat , câble , hertzien)
La qualité d'images est bonne et l'alimentation 12 v et 220 v permet une utilisation multiple.
Petit problème , c'est la notice d'utilisation qui ne traite pas toutes les fonctions de l'appareil notamment le manque d'infos sur le port PCMCIA pour mettre les différentes cartes de décodage sur le SAT ( canal+ , tnt etc...)
Il a fallu que j'aille sur internet sur d'autres marques de TV pour comprendre l'utilité de ce port car HKC est absent pour l'explication.
Ce TV reste un bon compromis
Je suis satisfait pour l'instant et j'espère pour longtemps."
MARISA,"3,0",19 décembre 2018,"pour l instant j en sis contente après faut voir dans le temps!l image une fois réglé à son gout,par contre le son n est pas terrible alors j ai rajouté des haut parleur et là c est top!la taille est parfaite pour mon petit salon!la tnt est intégré!c est une bonne affaire!pour le prix!ça vaut pratiquement les marques haut de gamme!"
Emmanuel GUILLET,"1,0",27 décembre 2018,"decodeur tnt intégré de mauvaise qualité, réception aléatoire su antenne pas parfaitement réglée."
JAB91,"4,0",13 juillet 2018,"Pour regarder la TV dans son lit  ou un dvd ou bien enregistrer des Prgs TV ,le prix est plus que raisonnable.
Seuls hics ,la doc qui n'est pas en français et la télécommande un peu fouilli ,il faut chercher pour trouver certaine fonctions"
 Bernard,"4,0",17 février 2019,"J'utilise cette télé pour capter les chaines TNT sur antenne, les chaines satellite sur parabole, et pour enregistrer et lire sur clé USB. En ce qui concerne la télé tout me parait correcte (à voir dans le temps) !. Bon rapport qualité prix. Conforme à mes attendes. Le seul problème que j'ai rencontré est la notice d'emploie,même en sachant un peu lire l'allemand j'ai eu du mal a m'en sortir. Mai si on cherche assez longtemps on y arrive. A mon avis il faudrait une notice d'emploi en français, et surtout mieux détaillée."
David B,"5,0",10 mars 2019,"Très bonne surprise, pour une prise en main quasi immédiate ,simple à installer ,belle image,son très convenable,pour le prix , vraiment un article à conseiller. En espérant que sa durée de vie puisse être la plus longue possible.Rien à signaler, à part la notice est en Anglais et Allemand, bon en Anglais çà marche , en Allemand moins facile.Rajouter la langue du pays de l'achat serait le petit plus appréciable."
Aude,"5,0",23 juillet 2018,"très très bonne qualité pour cela  étoiles,  pour le prix. je ne regrette pas mon achat. livraison rapide emballage impeccable"
J.R.,"4,0",3 septembre 2018,Une petite télé qui a trouve sa place dans la cuisine pour tenir compagnie a la cuisinière . Le son est un peu faiblard mais ce qui est le plus gênant pour des français c'est d' avoir une notice pour le réglage seulement en anglais et en allemand.
CVX01,"3,0",22 décembre 2018,"contrairement au descriptif la fixation à un support mural VESA avec perçage 75 x 75 est impossible !!!
Les dimensions de la fixation située sur l'appareil étant de 100 x 200 !!"
Client d'Amazon,"4,0",10 décembre 2018,"Contente de mon achat , réussi à le régler j'ai les chaines ,etc.........
mais la seule doc dans  l'emballage pour installation  tout en anglais......
Donc très laborieux lorsqu'il faut chercher une info sur une fonctionnalité.....
JE VOUDRAIS UNE NOTICE EN FRANCAIS  S.V.P."
BALAV,"3,0",11 janvier 2018,"La notice seulement en anglais et allemand !!
Très dommage mais bon je vais voir à l'usage et pas très onéreux"
Emmanuel GUILLET,"3,0",5 décembre 2018,impossible d'éteindre le téléviseur. les touches sur le côté de l'écran ne fonctionne pas.
isabelle FERRA,"3,0",9 août 2018,je n'ai pas aimé la notice .pas d'explication en FRANCAIS. Donc difficulté pour le réglage
Deshayes,"1,0",28 mars 2019,"ce téléviseur semblait de bonne qualité , mais  après branchement cable antenne , je n'arrive pas à fixer le choix de source d'entrée qu'il faut refaire à chaque allumage .  le support fabricant contacte ne me donne aucune solution sionopn renoviye a amazon
hors le televiseur est à marseille dans une maison de retraite et moi a toulouse , carton disparu , impossible à renvoyer
je ne suis pas satisfaite du tout"
NICOLAS VALERIE,"5,0",26 mai 2019,Sincèrement super télé. Mon fils s en sert pour jeux vidéos on peut en brancher plusieurs en plus et dvd impeccable. J ai cherché les chaînes impeccable aussi. Rien a redire
Dura,"5,0",2 juillet 2018,"je ne dirais qu'un mot, PARFAIT, livraison ultra rapide, excellent rapport qualité/prix, installation des chaines en moins de 10mn sans utilisation du fascicule de directives"
Angelitooo,"5,0",3 février 2019,"Quelque petite galere pour le reglage de la tnt mais tout et rentrée dans l’ordre aucun souci
Fonctionne parfaitement
Je recommande sans souci"
jigé 38,"4,0",3 mai 2019,"La personne qui a eu ce cadeau en est très satisfaite; seul bémol, elle regrette que dans la notice il n'y ait aucune explication en français. Elle n'a pas testé pas encore le lecteur DVD mais semble très confiante."
Marc GIRALT,"3,0",7 janvier 2018,"Bon produit, facile à manipuler si vous parlez anglais ou allemand, il semble que  les autres n'en ont pas besoin !!!!!!!"
Christian Reverdiau,"4,0",28 mai 2019,Utilisé en téléviseur d'appoint. Très bonne image. Recherche facile. Ultra léger et très faible consommation. À recommander .
Clément,"4,0",1 janvier 2019,"Il s'agit surement d'une télé faite pour être utilisée comme moniteur d'affichage plus que comme téléviseur. Cependant, elle possède un grand écran led de très bonne qualité, très agréable. La télé est très légère et très fine, cependant le son est décevant et nécessitera l'ajout d'enceintes externes"
Guillaume Jacmaire,"3,0",22 janvier 2019,"J'ai reçu cette télé sans soucis à signaler. Par contre, il est écrit dans le titre de l'annonce que cette télé était en Full Hd soit une résolution de 1920 par 1080. Attention, cela n'est pas du tout le cas! La résolution d'écran est bien plus basse et offre donc une qualité d'image bien plus faible qu'espérée.
Il faudrait songer à faire changer ce titre mensonger sans lequel je n'aurais pas acheté ce modèle!"
Charles Edouard alison,"4,0",26 juin 2018,Franchement télé et super apart si je peut le dire le son il faut mettre un peu plus fort mes niquel très fière à de mon achat pour ce prix on va pas débattre.
dude,"3,0",3 novembre 2018,"Le son n'est vraiment pas terrible. La bande passante semble très étroite, genre 300 - 2K Hz. Le moindre haut parleur à $10 pour PC est bien meilleur."
Bernard,"5,0",25 mars 2019,"J'ai finalement reçu par mail un message PDF pour télécharger une notice d'utilisation en Français.
Je suis donc satisfait et je remercie Amazon et HKC, car téléviseur a un rapport qualité/prix remarquable et je le recommande particulèrement"
jpb,"4,0",4 janvier 2019,"Tres content de mon achat.L'ivraison rapide.
Les plus:
Bonne qualite d'image
Ergonomie
Prix
l'ecture de fichier video aux format hevc ou h265 par la prise usb
Les moins:
Ne reconnais pas le format DTS quand on regarde un film sur une cle usb pas de son
et ne lie pas les sous-titres aux format pgs
Documentation anglais - neerlandais"
doumé432,"4,0",29 novembre 2018,très bon rapport qualite/prix.le point faible sont le son et l'image qui reste toutefois tout a fait correct.amazone au top.
JahMai7,"5,0",12 janvier 2019,"Bon rapport qualité prix, parce que même après réglages les couleurs sont pas toujours top mais elle fait bien le taff 👍"
cyril priol,"1,0",20 décembre 2018,Produit livré avec problème sur l'écran. Dysfonctionnement de la TV. Je ne recommande pas.
takao,"4,0",20 mars 2019,Satisfaisante avec peut-être une définition qui aurait pu être meilleure
tcgaillard51,"4,0",21 février 2019,Je viens de recevoir la TV pas mal qualifié prix d'image pas connecté
Didier Laureaux,"5,0",24 mars 2019,"Rapport qualité/prix jamais vu, Télé grand écran qui fait bien son travail, avec une Chromecast et un Home cinéma c'est parfait, cependant la télé a l'air très fragile ! Attention ou vous la situé, 3 port HDMI très pratique pour les consoles. Un produit que je vous conseil !"
Redbull,"5,0",3 février 2019,Achat pour un tiers qui est entièrement satisfait bonne qualité général pour le prix.
phil,"5,0",8 mai 2019,capte toutes la tnt belle image pas cher que demander de plus
Client d'Amazon2,"4,0",24 février 2019,"Facile de montage. Les pieds et vis sont fournies et installées en 5 minutes. Il faut juste avoir un tournevis cruciforme sous la main, c est tout. La qualité image y a mieux, mais elle n est pas catastrophique non plus. Elle est simple d utilisation, légère et vite installée"
Marie C.,"5,0",2 mai 2019,Cadeau pour un jeune de 20 ans. Très bonne qualité d’image
Client d'Amazon,"5,0",19 avril 2019,Très bien pour une chambre ! Simple TV mais fait le job à petit prix
Fays,"5,0",18 septembre 2018,Parfait
Client d'Amazon,"5,0",5 janvier 2019,"Cette télé est très bien, assez grande pour un jeune dans sa chambre avec une console de jeux par exemple avec ses 3 câbles HDMI c’est parfait.Achetez ce produit, ce n’est pas cher pour ce que c’est.Merci indéfiniment."
Client d'Amazon,"5,0",5 février 2019,"Bonne qualité, bien pour la chambre"
afar,"4,0",30 juillet 2018,produit excellent en rapport qualité prix.le son peut-etre somme toute un peu juste...IMPORTANT: prevoir la notice de fonctionnement en francais ce qui peut etre handicapant pour un certain public
MENDES,"4,0",31 décembre 2018,"Qualité parfaite ! Le son est “deguelasse” je vous conseil d’acheter une enceinte et de la brancher à la télé en auxiliaire pour un bon son.
C'est ce que j'ai fais et c'est parfait"
LEUCI,"5,0",12 février 2019,"Très bon téléviseur. Il correspond parfaitement à la description. Certes le livre d'installation est en allemand ou anglais mais ce n'est pas très compliqué d'installer une télé... le son est très bien pour ma part et suffisant pour un appartement.
Je recommande ce produit ! Aucuns regrets pour ma part."
ALTAZIN,"2,0",19 avril 2018,"Pietre qualité pas de protection pour lecteur dvd, menu en allemand , 3 menus différents en allemand pour paramétrer TV, DVD, et recherche de chaine. menu non intuitif"
Charlinette,"5,0",16 octobre 2018,"Parfait, belle qualité image, réglage simple"
santucci,"4,0",6 janvier 2019,tres bien pour la brochure de la mise en route celui qui a l abbitude sa va pour les autre sa serais bien un paragraphe en francais pour le son c est juste sinon tres bien
PICASSO,"5,0",21 février 2019,beau téléviseur facile a utiliser mon fils adore
JPR,"4,0",3 décembre 2018,Télévision de bonne prestation
sandrine leveille,"5,0",25 août 2018,Très contente de bon achat pour le prix elle est vraiment super !!!!!
déçu,"3,0",5 janvier 2019,"la notice d'utilisation fournie avec ce produit n'éxiste  pas en français, ne peut être traduite automatiquement, ne peu pas être fournie car inconnue, sur le site de commande des notices, après un coût de 1 euro, cette notice n'éxiste pas.veuillez voir avec le fournisseur pour palier à cette situation."
Caramel,"5,0",23 mai 2019,Bien
Client d'Amazon,"5,0",25 janvier 2019,Très bon rapport qualité prix. Utilisée comme TV accrochée au mur
Client d'Amazon,"5,0",13 mai 2019,Utilisation pour caravane
Client d'Amazon,"5,0",17 mai 2019,Très bien
Khaili,"5,0",8 janvier 2019,Génial
Tan,"1,0",9 juin 2019,"Le télé ne mésure pas 24 puces,  mais que 20! Boite marqué 24 puces, étiquette marquée 24 puces. Télé non! J'ai mesuré le longueur de l'écran et le longueur entier du télé et c'est entre 20 pouces et 21 pouces. Pas content"
gobbo,"2,0",27 novembre 2018,Bonjour. Avant de faire mon choix j’ai lis les avis laissés par les acheteurs pour le comparer a d’autres produits similaires. Je painsais que le son était certes pas le meilleur point mais je suis très déçu. Impossible de régler les eigus et le graves.Un piètre son.
Alain SUBRA,"4,0",24 novembre 2018,A ce prix là et a qualité du produit pas d'hésitation à l'achat
richard,"5,0",2 janvier 2019,CADEAU ARRIVE A TEMPS. PAS DE SOUCIS ET CONFORME A LA DESCRIPTION
Stéphanie FARGIER,"4,0",23 septembre 2018,Belle image mais le son pas terrible ! Quand même un bon rapport qualité prix
deborah mechaly,"1,0",4 juin 2019,"Le débit de l’image en ethernet et lent et médiocre dont j’ose pas imaginer en wifi
De plus la qualité du son est vraiment médiocre"
NKIERI matende fabrice,"5,0",22 février 2019,"Bonjour
Quelqu'un peut-il m'expliquer comment il a réalisé la première installation de cette télé en france?
Je lance la recherche automatique des chaînes mais je rien ne marche je n'ai aucune chaîne.
Merci pour votre aide."
Roux,"4,0",13 février 2019,"je ne peux pas me connecter directement sur la prise satellite car le satellite utilisé ""atlantic bird 3"" n'est pas dans la liste
les boutons sur la partie gauche (input ,volume chaines etc ) ne fonctionnent pas
je découvre l'appareil"
Client d'Amazon,"5,0",5 janvier 2019,belle qualité de l'image un peu déçu par le son mais avec une barre de son le problème est réglé.
Youssef,"4,0",8 janvier 2019,"Tv trés legére facile à installer , tres bonne qualitté prix"
Pauline. J,"5,0",31 mai 2019,Bien
Atlantide,"3,0",19 novembre 2018,"Je voulais en  faire un usage mixte maison et camping-car, et autant que je me souvienne la description détaillée du site dédié indiquait cette double alimentation 230/12Volts ! Déception assumée…
Comment faire ?
Christian"
Abraham Déme,"4,0",20 juillet 2018,Parfait  J’adore
benitez,"5,0",29 décembre 2018,Je l'ai commander pour ma fille et petit enfants
Sarl Equinoxe leonelli jeanluc,"5,0",11 mai 2019,Tv installé dans ma chambre super qualite d image le son est acceptable pourrait etre mieux mais pour le prix il ne faut pas trop en demander appareil tres leger ce qui agreable pour l installation sur un mur.
Thomas,"4,0",13 octobre 2018,Un très bon écran rapport qualité/prix tout est parfait sauf 1 seul pixel mort mais presque invisible
JOSEPH,"4,0",22 septembre 2018,Désolée d'avoir demandé un retour...J'ai décidé de garder l'article. Prière de ne pas m'ens vouloir...
Santoni S.,"5,0",9 janvier 2019,Dépannage
mure,"4,0",20 janvier 2019,Pour regarder la télévision dans notre chambre
Client d'Amazon,"4,0",12 décembre 2018,a voir dans le temps
gaston,"5,0",17 janvier 2019,"bonjour ::: reçu par la poste en bon état ;; image & son correct :: pas de doc en français ,en cherchant bien on trouve (réglage sur antenne):: fiche secteur grosse pour 45 w très satisfait"
prunelle elisabeth,"5,0",4 mai 2018,"Petite TV très pratique pour la caravane, lecture de CD, impeccable. Bon les instructions sont en allemand, mais on apprends !!!"
Catala,"5,0",25 avril 2019,Cool
Marie,"5,0",29 mars 2019,Bon rapport qualité prix je recommande
Annabelle Dos reis,"5,0",3 mars 2019,"Colis reçu sous 2 jours en temp et en heure  , colis impeccable ,
Tv , facile à installer le.menu est très simple , bonne qualité image , le son est assez puissant ,  je la recommande"
beltran,"5,0",28 décembre 2018,Super j'en suis ravie
cherif houda,"1,0",14 décembre 2018,"Horrible ! Très déçue
Le son est affreux, l’image nest pas terrible et elle n’est pas compatible avec les chaînes TNT sans une box ou autre .."
lola,"4,0",4 janvier 2019,"belle tv, description correspondante a l 'article, je regrette pas cet achat"
Michel P,"4,0",8 février 2019,"Un seul regret : pas de notice en français!
Il est regrettable que ça ne soit pas indiqué dans la description du produit sur amazon"
Leguillier,"5,0",4 mars 2019,Rajouter un décodeur TV mais excellente qualité !
KONATE Matar,"4,0",1 juin 2019,Fonctionnelle Ok
SYZYGIE,"5,0",9 août 2018,"TV  qui fonctionne très bien. La notice , en anglais et allemand , n'est toujours pas en français à ce jour."
BOITET,"3,0",31 janvier 2019,Bonne télé pour y brancher une console (xbox one ou ps4). Bonne qualité pour le prix. Se qui m'a vraiment dérangé c est la manuel qui n est pas traduit en français.
BOUANANI MOULAY,"5,0",8 juin 2019,"J'aime l'obtion Android
Il manque le bluetooth"
Sabri,"2,0",25 septembre 2018,Je déconseille ce produit. Qualité d'image null.
Ach ,"5,0",9 janvier 2019,"Rien à dire vu le prix de cette TV l'image est assez bien , menu assez clair et facile a utiliser"
gonnet,"3,0",9 février 2019,pas trop mal rapport qualite prix
Client d'Amazon,"4,0",14 novembre 2018,Fais le job pour le prix .c'est très bien. Facile à installer et monter .
Le Grix,"3,0",2 décembre 2018,Utilisation quotidienne et bon rapport qualité prix par contre une odeur de chaud et de brulé se dégage de la télé depuis un mois date de mon achat .
Client d'Amazon,"5,0",16 mai 2019,Il fonctionne parfaitement bien facile à comprendre et l'image est impeccable.
Cedric ,"5,0",18 janvier 2019,"Tv de remplacement pour ma chambre vu que mon ancienne a rendu l'ame. Tres satisfait, tres bonne qualité d'image et facile d'utilisation et de parametrage."
Jacob Amandine,"5,0",9 janvier 2019,J'ai acheté ce téléviseur car le mien à rendu l'âme. Il fonctionne très bien
Client d'Amazon,"1,0",9 mars 2019,Manque le pied et la telecommande ! Et tv endommagée. Je suis vraiment déçue. Dommage!
TiGer ,"4,0",6 décembre 2018,Une très bonne télé pour le prix. Design agréable et passe partout. Extrêmement fine et légère. A tester avec le temps mais rien à dire pour le moment.
Ritz Pablo,"5,0",24 octobre 2018,Bonne qualité
FAUCHILLE,"4,0",3 mai 2019,"Fonctionne bien. Une image un peu pâle, faut être bien en face"
Gwendoline,"1,0",16 décembre 2018,Reçu cassé !
jlm,"5,0",30 mai 2019,"bon rapport qualité prix,
pas de notice en français malgré l'obligation
ergonomie télécommande trés moyenne"
Lambda,"4,0",24 janvier 2019,"La notice est rédigée en Anglais et en Allemand, contrairement à la législation. Sinon bon rapport qualité/prix."
Client d'Amazon,"5,0",22 juillet 2018,"Parfait. Simple à installer. Seul petit bémol, le mode d'emploi est en anglais et allemand."
caro,"2,0",19 janvier 2019,"Télé très légère, impression de gadget,l'écran s'enfonce dans les angles si on appuie dessus...bof bof à voir à la longue"
christian,"3,0",17 octobre 2017,belle couleur facille utilliser petit bemol pour la tnt il faut aller dans le menu et ajouter atlantic bird 3
diaz,"5,0",16 décembre 2018,trés bon téléviseur satisfaite du produit
Marie Ophelia Marteuilh,"5,0",11 mars 2019,👍
VETTER ALAIN,"5,0",11 janvier 2019,"par contre très bon produits, qualité écran HD nickel, sortie HDMI parfaite,"
christ,"4,0",17 février 2019,"Arrivé a la date prévue, super produit, mise en service très facile, je le conseil christ"
eve,"5,0",8 janvier 2019,"Très bon produit, très contente 😊. Légère.. image 🖼 clair et nette. Livraison rapide dans les temps."
BURLOT,"3,0",28 avril 2019,"2ème TV pour bureau.
Je déplore l'absence de notice en français !!!!"
Mme H. K,"5,0",7 juin 2019,Installation facile
dupont nathalie,"4,0",14 août 2018,Correcte
Client d'Amazon,"5,0",3 septembre 2018,"une télé très bien livraison rapide  reçu 1 jours plus tôt
je recommande"
elo,"5,0",28 avril 2019,"Très bonne télé, mon fils en est satisfait. Lis la plupart de mes CD grave."
Jean Pierre Perret,"4,0",15 février 2019,"Seules les langues anglaise et allemande étaient utilisées dans le ""user's manuel""!!!!!!"
Jawaddu77,"5,0",31 janvier 2019,Nikel
Client d'Amazon,"5,0",17 février 2019,rien a dire
guillaume ,"5,0",10 janvier 2019,petit téléviseur parfait pour la cuisine
Patrick67,"3,0",18 février 2019,"Télé d'appoint, bonne image mais qualité du son médiocre.Pour le prix c'est du bon matériel"
stephanie Basso,"5,0",24 mai 2019,"Très satisfaite de mon achat.
Je recommande."
Client d'Amazon,"5,0",27 décembre 2018,"Très bon produit, et pas pas cher, et avec prise VGA en plus !"
chris,"3,0",5 février 2019,"l'installation n'est pas très facile, pas de notice en français. Mais belle télé pour ce prix"
moulin bruno,"3,0",28 avril 2019,bon produit mais liver par Chronopost jeter par dessus le mur qui fait 2 métre  une honte
Client d'Amazon,"5,0",21 septembre 2018,"tres bon produit
cdt
pascal"
vincent l.,"5,0",13 juin 2018,parfaite la télé fonctionne très bien elle est simple a régler donc aucun soucis je suis ravi de cet achat
georges l.,"5,0",2 janvier 2019,Très facile à régler. Bon produit avec un prix acceptable.
Niakate,"5,0",14 décembre 2018,toute est biens
Sarah Joao rebelo,"5,0",18 février 2019,Super rien a redire j adore super belle qualité au rdv
Marco,"1,0",26 novembre 2018,Obliger de régler les chaines manuellement sinon elles sont toutes dans le désordre
Axel,"4,0",12 octobre 2018,Produit correct bon rapport qualité prix a mon gout
Client d'Amazon,"4,0",3 décembre 2018,Très bonne expérience malgré l'odeur de brulé qui s'est dégagée pendant environ 15 jours
Leroy Amandine ,"4,0",27 janvier 2019,J'aime beaucoup ma télé très bonne qualité juste pas assez de sont
Frank,"3,0",28 février 2019,la prochaine je prend du 4K sinon  pas mal
wrcfredo,"5,0",22 novembre 2018,très bon compromis qualité prix
BUSCHBAUM ,"1,0",10 février 2019,Cette télévision ne fait pas 40 pouces... Elle est juste à 100 cm !!!
Rémi,"4,0",11 février 2019,Super rapport qualité prix. Aucun problème a la livraison. Nickel
Pierre p,"5,0",26 mars 2019,Très satisfait avec cette télévision.
Amandine,"1,0",14 janvier 2019,Je suis très déçu car le lecteur DVD intégrer ne marche pas a la réception
Pires Pedro,"3,0",18 juin 2018,Tv bien côté qualité/prix mais arrivé avec deux pieds du même coté (droit) bricolage pour les mettre
reine,"3,0",17 avril 2019,pas de notice en francais
Sébastien Deur 28,"5,0",14 janvier 2019,Très Bonne TV les images sont de qualité je valide
Frassanito Aleardo,"5,0",2 août 2018,joli televiseur et performant
patrick berthelet,"5,0",21 août 2018,super produit du jamais vu en rapport qualite prix
FRANCIS BAUDOT,"5,0",5 mai 2019,rien a re dire tout et parfait pas pas soucy
Ababa rhum,"2,0",8 novembre 2018,c est dommage que la notice n est pas en francais
Client d'Amazon,"5,0",12 décembre 2018,TRES BIEN
mr le forban,"5,0",10 janvier 2019,pour le prix c'est pas mal
Henri,"3,0",13 décembre 2018,toute la notice est en langue étrangère
Casapia,"3,0",11 mars 2019,"Malgré tout, on y arrive quand même."
legrosse,"2,0",26 septembre 2018,Manque beaucoup de vis de fixation du cache arrière.
Mangin Cyrille,"4,0",26 avril 2019,parfait pour se que j'ai a faire
MALHOMME,"5,0",22 décembre 2018,Televiseur de bonne qualité. Seul bemol le son.
llanes alain,"4,0",17 novembre 2018,Jeux
lepinard,"3,0",5 janvier 2019,le livret n'est pas traduit en francais
Client d'Amazon,"4,0",16 novembre 2018,"pas de souci, la livraison a été rapide"
Client d'Amazon,"4,0",9 février 2019,bonne qualité du produit
patrick herve,"4,0",3 février 2019,tres bon televiseur ras
riffard brigitte,"4,0",22 février 2019,Pour un usage personnel
Un acheteur,"5,0",27 février 2019,Conforme
Steve,"5,0",21 janvier 2019,Bien
riri,"1,0",27 février 2019,je recommande pas
Méhaut,"5,0",17 janvier 2019,Très contente de mon achat
ALCHAIR VALÉRIE ,"5,0",8 janvier 2019,Coup de coeur
godelle,"5,0",14 novembre 2018,Génial vraiment  j adore...
Client d'Amazon,"4,0",24 septembre 2018,Très bien
Carine,"5,0",5 juin 2019,J'adore
MARC,"5,0",12 janvier 2019,super pour le tarif
angelique le bellour,"4,0",16 mai 2019,Nikel
Espérance Ilunga,"3,0",18 avril 2019,Salon
adeline maréchal,"5,0",7 mai 2019,Top
langevin,"5,0",26 février 2019,ras
demarche,"5,0",25 janvier 2019,pas de souci
ludovic,"5,0",19 octobre 2018,Console jeux vidéo film
Nikita,"5,0",27 janvier 2018,"Une télé de grande qualité, à un prix modique ( 279 euros ) pour une 40 pouces,
Il est vrai que sur le coup, j'ai été audacieuse, ne connaissant pas du tout cette marque.
J'ai un peu "" flippé "" entre le moment de la commande et de la livraison !... a tort ! c'est une super TV !
Elle est supérieure à bien des marques connues !
Son image est bien piquée
La qualité d'image est contrastée,elle est  Full HD,
3 Prises HDMI
Prise USB
elle permet de visionner tous les programmes !
On peut y connecter aussi sa console de jeux vidéo.
Le son est très audible et ne nécessité pas une barre de son supplémentaire
279 euros pour 40 pouces de qualité, c'est du jamais vu !
Mode d'emploi en Anglais, mais mise en route intuitive, sans aucun problème.
J'oubliais : Elle est garantie 2 ans.
PS: Elle est disponible en 32 pouces à 175 euros, port compris.
Ou en  50 pouces (127 cm) 4K Ultra HD, Smart LED TV  à 409, 99 euros"
cedric,"1,0",30 mai 2018,"La télévision ne fonctionnais pas. Ecran bleu/rouge/vert / blanc. Retour chez Amazon.
Elle est super légère.
Dommage car il y a pas mal d'entrée HDMI, un port usb et péritel"
Client d'Amazon,"1,0",14 septembre 2018,"J'avais lu dans les commentaires quelqu'un qui avait reçu sa télé cassée pensant que c'était un cas isolé, mais finalement j'ai reçu la mienne aussi avec l'écran cassé (cf photo)..."
epines,"1,0",10 février 2018,"J'aurai du m'en douter vu le prix, retro eclairage hs (ecran noir) et toujours pas de réponse du sav, après une semaine, fenêtre de retour fermée après un mois."
Marc Grichendler,"4,0",27 mars 2018,"Pour l'instant, pas de problème avec ce téléviseur premier prix. Bon, c'est vrai que tout le cadre est en plastique assez léger mais pour ce prix, c'est plutôt intéressant... Parfait pour une TV d'appoint"
delph1902,"5,0",28 mars 2018,"Nous avons acheté cette TV comme appoint pour la chambre, elle fait très bien son office.
La taille correspond, les images sont nettes et belles, pas de souci, bon rapport qualité / prix, je recommande!"
Victor Deloule,"5,0",14 février 2018,"Cette télé est presque parfait, oui j'ai dis presque.
Le principal défaut et l'épaisseur de cette télé.
Elle est légère, grande, mais l'épaisseur, c'est pas encore ca ^^
Ceci dit vu le prix, on ne peut pas lui en vouloir
L'""OS"" intégré de la TV est bien pensé, et intuitif et réactif
C'est une télé abordable pour tous et d'excellente qualité
Je recommande"
lidonne Marie-claude,"5,0",15 janvier 2018,"un peu septique quand à la qualité de ce téléviseur vu son prix peu élevé pour un écran de 80 cm
mais appareil livré dans les délais prévus
bonnes qualité de l'image et du son....
conforme au descriptif
je recommande cet article"
Jean Pierre Carron,"4,0",22 juillet 2018,"A peine arrivé, déballé, branché et prêt à l'essai. Petit bémol déjà signalé par un autre contributeur la notice est en Anglais et en Allemand. Aucune traduction sur le Web. Dommage pour un produit vendu en Europe.
Allumage, première utilisation, phases de réglages. Après le passage en Français sur le premier écran il suffit de suivre de manière très intuitives les instructions qui se succèdent dont : scan automatique. L'appareil détecte les 33 chaines TNT. La touche ""menu"" sur la télécommande donne accès aux réglages complémentaires de couleurs, audio et autres.
La touche ""input"" sélectionne les diverses entrées en fonction de ce que vous avez branché? Attention si vous voulez lire une clé ou un disque  USB  il faut descendre jusqu'à le fin du menu et passer sur la page suivante pour trouver l'entrée ""média"".
Petite astuce: L'entrée casque coupe le son des HP donc si comme moi vous utilisez un casque vous risquez de vous fâcher avec le reste de la famille. Donc prenez une prise ""scart ex péritel"",cherchez sur le web les repères de sortie son et câblez une fiche correspondant à la fiche d'entrée de votre casque. Le tour est joué vous bénéficiez du son, les autres aussi et tout le monde est content.
En conclusion une bonne affaire avec un prix permettant une petit folie en 1m d'écran.Je recommande"
Nebbak,"4,0",17 juin 2018,"Télévision à 230 € 100 .3 cm 40 "" qualité d'images plus que correct le sont passe encore mes pour écouter de la musique pars exemple vaut mieux prendre un home cinéma barre de son
pour  regarder la télé le son d'origine et largement suffisant
Légère  simple d'utilisation fine franchement après mettre renseigner sur la marque que je ne connaisser pas les vaut certaines Samsung ! !!
ReStéphanie à voir la logeviter"
Raven,"4,0",23 juillet 2018,"Bonne taille
Belle image
Cependant je ne peut mettre 5 étoiles je ne peut la connectée à ma BBox. Elle reste une TV basique.
Quant à l'assistance technique d'amazon de vrais cons. Incapable de m'aider c'est plus facile de retourner un colis qu'aider un client."
Kevalet,"4,0",17 août 2017,Excellent produit facile a utiliser et d'une simplicité enfantine. Faible consommation d’énergie et couleurs chaudes et claires. Seul bémol c'est la qualité du son. Ça sonne un peu creux et ça manque de lourdeur. L'image oscille un peu quand on met trop de volume mais dans la norme c'est parfait pour un camping car ou pour une utilisation avec batterie de 12v. Je recommande vivement ce produit dont je suis moi même très satisfait!
Marco.,"5,0",26 janvier 2018,"Remarquable, il devient rare aujourd'hui de trouver des écrans TV avec une connectivité pareille :
RCA Scart Composite Composantes et ... même Satellite, HDMI , USB
Bref extraordinaire.
Quand à l'image , très bien."
oliviermulot,"1,0",14 janvier 2018,Très déçu par la qualité d image les couleurs sont pâles  et malgré les possibilités de réglages la qualité générale est médiocre je n'est pas du tout apprécié ce exproduit et je l ai retourné
Client d'Amazon,"4,0",26 mai 2018,"Bonjour je n'arrive pas à capter la tnt qui est intégré à la télé, comment faire sachant que j'ai une prise d'antenne murale, merci"
cousin ,"1,0",20 décembre 2018,Produit arrivé avec dalle hs pas de possibilité d échange date dépasse c était un cadeaux bravo amazone
Mat_54,"5,0",27 juillet 2018,"J’ai reçu la TV un jour avant la date indiquée ce qui est une bonne nouvelle. Comme tous le monde, même remarque la notice n’est pas en français mais cela ne dérange pas elle est simple d’utilisation.
Bon rapport qualité prix. Elle répond à mon besoin ( télévision d’appoint).
Je suis satisfait de mon achat, reste à voir si elle tient dans le temps"
Harzli Joumen,"1,0",29 octobre 2018,Article reçu cassé
nanou,"3,0",16 juin 2018,"TELEVISEUR DE BONNE QUALITE MAIS ERREUR DANS LA COMMANDE, JE ME SUIS TROMPEE COMMANDE TV HD READY MAIS PAS FULL HD DONC NECESSITE DECODEUR TNT"
sandy ,"1,0",6 septembre 2018,"Suite à un débalage minutieux, il s'est avéré que le téléviseur était cassé à l'intérieur de l'écran, ce sont des choses qui arrivent mais anormal. Je ne commanderais plus de téléviseur chez amazon."
Client d'Amazon,"1,0",29 août 2018,Produit arrivé cassé
Dan,"4,0",27 septembre 2017,"Je l'ai reçue dans les temps. Aucun problème pour l'installer à la place d'une petite télé sur un des ports HDMI dans mon bureau. Elle répond à mes attentes. L'écran de 40"" est de bonne qualité. L'image est bonne. Le son est correct mais un peu faible 2 x 6W. Connectique très complète. Doc en anglais mais claire. Je ferai le test de connecter des enceintes pour booster le son. Mais je la recommande."
Luiza Benallel,"4,0",25 août 2018,"Je trouve la TV légère donc pour moi c est plutot un bon point, le montage des pieds est rapide, le reglage de la tv pareil rapide a faire, la tv fonctionne parfaitement,la qualité de l image est nikel SEUL et unique bemol c est la livraison.. je devais la recevoir hier, j ai donc attendu toute la journee a la maison attendant cette tv mais rien donc journee foutu en l air pour rien voila ce qui a valu 4etoiles mais sinon tout est nikel :)"
MARIE,"4,0",10 août 2018,"10 mn d installation ,le guide d installation est facultative. touche menu télécommande puis il n y a qu a suivre...les menus  sont très explicites ( image , son , minuterie). Les matériaux constituant la tv ... sont très....... ""plastic"" ;-) vous allez être surpris par son poid :-)  ..elle lit la plupart des fichiers  formats mp4 divx sur port USB
Mais franchement je la recommande ...Personnellement je l ai prise comme 2éme tv donc pas besoin qu elle soit connectée.."
Mlk,"1,0",5 octobre 2018,J'ai eu la télé mais sans la télécommande
Client d'Amazon,"1,0",21 août 2018,"le manuel d'utilisation n'est pas traduit en français ,je vais devoir faire une demande et je sent que c'est pas gagné !"
Client d'Amazon,"1,0",26 juillet 2018,Sas de signal alors que la prise  tv fonctionne à ec d autres tv 2 jours à tenter l installation.....
MOUNIR,"3,0",4 août 2018,Le son n'est pas terrible et la portabilité de la télécommande n'est pas bien il faut être strictement en face si non elle ne capte pas.
Client d'Amazon,"3,0",28 juillet 2018,Très bon rapport qualité prix. Belle image et facile d'utilisation. Peut-être le son manque t'il de pêche mais il ne faut pas trop en demandé.
André Morais,"3,0",1 juillet 2018,"Bonjour je n'arrive pás a avoir les chaines TV français, j'ai un rato, mais j'ai tout essayer ET cá né marche pás..."
MORANGE,"2,0",27 mai 2018,"Nous l'avons reçu cassé, de plus étant une marque chinoise, la télé n'est pas résistante étant donné que nous l'avons reçu très endommagé. Il y avait un bout cassé en bas et l'écran avait une fissure.
De très mauvaise qualité, je ne recommande pas du tout ce produit."
Damien,"5,0",15 septembre 2018,"Bonjour, très bon produit juste un point négatif la notice est en anglais et allemand"
Client d'Amazon,"1,0",23 juillet 2018,"Reçu le téléviseur, écran tout fissuré et ne fonctionne pas. Aucunes étoiles pour ce produit."
Client d'Amazon,"3,0",27 juin 2018,Très bon produits 😉
Foliophile,"4,0",5 mai 2018,"Fait son travail, bonne image, son perfectible mais acceptable, durée de mise en route ok.
Compatible avec la prochaine norme TNT (DVB-T2 HD) celle déja en vigueur en Allemagne, donc parfait pour les frontaliers.
Menus basiques mais ok. Télécommande simple mais fonctionnelle. Plastiques un peu bas de gamme. Pas d’alimentation d’antenne. Attention la prise coax latérale n’est pas la bonne pour la TNT: il faut utiliser la prise du bas. Pieds simples à monter et stables. Fixation murale possible.
Mode d'emploi en anglais seulement.
Attention: une seule sortie audio, via jack, et c'est une sortie casque: elle coupe donc le son de la television quand elle est utilisée. De ce fait, il n'est pas possible de brancher une barre de son ou un ampli en plus du son de la télé, c'est l'un ou l'autre."
Cliente Amazon,"5,0",8 juillet 2018,TV pas Cher att assemblée ou Hollande
Pascal Ménager,"4,0",26 mai 2019,"je verrais dans le temps si cette TV  me satisfait, là chose qui me déçois c'est quelle n'as pas de manuel en français même sur l'écran rien de s'affiche en français là j'attends que le vendeur n'envois un manuel pour que je puisse mettre la TNT sur la TV  HKC  sinon je vous envois un nouveau message  et là soit sa sera satisfaisant soit décevant  l'avenir me le dira"
Nathan Wallet,"5,0",15 décembre 2018,J ai acheté cette tv poue ma chambre et elle fais vraiment un bon boulot au niveau image et son ses trois port hdmi sont un plus pour la vente et son prix est vraiment interessant pour la qualité quelle montre
aco,"5,0",16 janvier 2019,"Livraison parfaite, et article de qualité. L'image est parfaite le son est correct. Seule petit défaut, qui devrait avoir sa solution : en mode TNT  l'image est rognée en haut en bas et sur les côté. Le service client est extra et j'attend leur réponse sur ce sujet."
Client d'Amazon,"2,0",7 juillet 2018,"BONJOUR
J'ai reçu ma télé et gros problémes: déja notice en chinois pas de français et en plus je ne peux pas mettre ma box SFR c'est pas prévu pour cela c'est lamentable!...Alors il faut que soit je vous la renvois ou soit je regarde plus les chaine SFR!!!Dites moi?..
MERCI
MME GEORGES Corinne"
danella,"5,0",6 août 2018,j'aimerais bien mais amazon me rend folle e n ne prenant pas ma carte et j'en souffre .j'ai encore bien d'autres choses a lui acheter !!!! maisce n'est pas la peine je crois
Client d'Amazon,"5,0",6 juillet 2018,"Franchement pour le prix, c'est tres intéressant. On ne regrette pas"
Zanbar,"2,0",29 juillet 2018,"Article commandé avec delai de l8vraison garantie..... mais 3 jours de retard, cadeau loupé"
Trabelsi,"1,0",14 août 2018,"Franchement apparemment c'est nulllle, j'ai reçu aujourd'hui j'ai branché avec antenne, je change le sur le satellite de France aucune chaîne capte c'est dommage"
