user,rating,date,review
joce,"4,0",9 septembre 2018,"J'utilisais précédemment deux écrans qHD (2560 x 1440) 27"" (un Eizo et un Dell) pour une utilisation desktop avec mon MacBook Pro 2018, que j'appréciais beaucoup. J'ai commencé par acheter un premier écran LG 27UD88-W pour remplacer le Dell, et ca a été la révélation : le HiDPI (résolution réelle 3840x2160 affichant du 1920x1080) est magnifique et beaucoup plus lisible que le QHD, on ne peut rapidement plus s'en passer. A force le qHD finit par vous sembler beaucoup trop petit, et j'ai fini très rapidement par changer mon écran Eizo restant par un deuxième LG 27UD88-W, et c'est un vrai bonheur.
Seul petit bémol (d'où les 4 étoiles au lieu de 5), la reconnaissance de l'écran en sortie de veille par le Mac est parfois très aléatoire. Ce qui semble fournir le plus de stabilité pour l'instant est le branchement en USB-C sur le Mac du premier écran, et le branchement en Display Port du second écran (dans mon cas branché sur un
Belkin - Station d'accueil Thunderbolt 3 avec cble Thunderbolt 3 Actif de 1m, Débit DE 40 Gbit/s, Puissance de Recharge DE 85 W, Double Affichage 4K/5K, Sortie Audio, Gigabit Ethernet - Aluminium
), en désactivant le Display Port 1.2 (du coup l'image est affichée en 30Hz au lieu de 60Hz, mais je trouve que ce n'est pas gênant pour un usage bureautique). Mettre le dernier Firmware de l'écran est également important (le dernier au moment où j'écris mon commentaire est le 3.21 sorti le 31/07/2018, qui améliore la compatibilité avec les docks).
------
Si mon commentaire vous a été utile, dites-le-moi en votant, ca me permet d'améliorer mes comptes rendus ! :)"
Touchain,"5,0",29 décembre 2017,"Je viens d'installer cet écran et il est magnifique.
Je l'ai acheté pour deux point: Résolution 4K et connexion en USB-C avec mon Macbook Pro 2016.
Cela me permet de n'avoir plus qu'un câble sur mon ordinateur qui gère la recharge, l'affiche et les données.
Je prévois de brancher un disque de stockage au dos de l'écran avec les ports USB 3 disponible.
Attention: La recharge d'un Macbook en USB-C n'est possible que sur les modèles 12 et 13,3"". Les 15"" demandent plus de puissance que ce que peut délivrer l'écran."
Sheldon Cooper,"5,0",9 septembre 2017,"Ayant testé de nombreux ecrans au cours des 5 dernières années, c'est probablement le meilleur ! pourquoi ? déjà la dalle mate est superbe, la résolution extra ce qui permet dans un domaine comme le graphisme de voir la moindre anomalie ! de plus pour la fatigue des yeux cet écran n'agresse pas ! et quand vous êtes 8h par jours devant un écran, cela change la donne !"
takaramono,"4,0",22 novembre 2018,"Surperbe écran. Pour les caractéristiques techniques, il n'est pas nécessaire de faire l'éloge.
Par contre j'adore la télécommande. On n'est plus obligé de chercher à appuyer sur les petits boutons qui sont souvent sous ou derrière écran. Ces boutons sont en général très pénibles à manipuler et je fais souvent des erreurs de manip. Très agaçant! Mais là, changer la source, Activation/désactivation PIP PBP, naviguer dans le menu, régler le volume, la luminosité, etc c'est vraiment simple! C'est dommage que ça n'existe pas pour les écrans d'autres marques! L'essayer c'est l'adopter !
Sinon je suis à 1m-1m20 de l'écran, c'est confortable (pour voir la vidéo, la TV en plein écran il faut bien reculer davantage).
Sur une source, j'ai branché la TV SFR box. Du coup je peux la voir en PIP taille moyenne (ça évite de tourner la tête ver ma télé) et lire, travailler sur les 2/3 en largeur de l'écran. Il y a de la place!
On peux même afficher 4 sources différentes pour les visualiser sur l'écran en 4 parties, équivalent de 21,5"" full HD fois 4 !
Le son est très correct. La voix à la TV est claire. Ce n'est pas un sound system non plus.
Juste un truc, j'aurais aimé pouvoir baisser un peu plus la luminosité
Edit 7/12/18
Tout allait bien jusqu'à ce jour. Je manipulais les sources PIP sur la télécommande. Subitement l'écran s'éteint. J'appuie sur le bouton ON/OFF et sur tous les boutons, mais je n'arrive pas à le rallumer. J'ai débranché le câble alimentation et le rebranché. Là ça marche à nouveau. C'est quoi ce truc ? Je baisse ma notation à 4 étoiles.  A part ça tout va bien pour le moment."
richard fiore,"4,0",9 avril 2018,"Un 4K pour ce prix la je n'ai pas hésité. Zéro pixels morts, 4 écrans HD dans un seul écran les pixels sont très petits, la surface de travail est importante, il faudra pour celles et ceux qui ont la vue basse ajuster la taille des caractères à 150 voire 200%, pour plus de confort. Je ne suis pas un gamer (pas de tests), mais il vous faudra avoir une carte vidéo capable de gérer cet écran. 2 ports HDMI et un Displayport, pas de VGA suffisant pour moi. Mini stick sous l'écran déroute un peu, pour ajuster les paramètres. Pour ce qui est de la longévité du produit il n'a pas encore sa première bougie..."
Mara,"5,0",31 juillet 2018,"Pour vous résumer j'ai commencé par acheter une entrée de gamme Samsung en moniteur 4k 27"" et il s'est avéré être catastrophique. Je l'ai renvoyé illico et j'ai pris mon temps avant d'en reprendre un, j'ai bien cherché et bien analysé. Bingo! tout me convient:
- design belle finition, fin, sans bordure sur les côtés et en haut 5/5
- colorimétrie, l'image est sublime (IPS en même temps), les couleurs ressortent bien et sont respectées d'une manière générale 5/5
- réactivité, très fluide même si 144hz aurait été PARFAIT 4/5
Je le trouve UN POIL cher mais je ne regrette pas cet achat"
Guillaume LEROUX,"3,0",7 juillet 2018,"L'écran est bien mais pour le coup amazon a tout foiré, offre reconditionné « très bon » dans laquelle il manque les vis pour fixer le pied et un superbe trait bleu traverser l’écran de haut en bas. Difficile de ne pas l’avoir. Ce qui me laisse penser que les produits reconditionnés ne sont même pas testés. La semaine dernière j’ai eu aussi un accessoire manquant dans un autre produit reconditionné. Heureusement qu’amazon est très commerçant pour le coup. Ils m’ont offert le produit. Pour cet écran en revanche, c’est retour direct. Dommage car en dehors de cela, il est parfait si vous avez la place et besoin d’une grand surface pour travailler."
ROUHANI,"4,0",5 avril 2018,"Personnellement j'adore, ça fais quelques mois que je l'ai maintenant ( je l'utilise avec mon macbook pro 2017 en USB-C, ma ps4 et un PC windows  par HDMI )  et je peux dire que :
- L'écran arrivé dans les temps
- bonnes couleurs et image très nette
- Bon prix sachant qu'il possède une prise USB-C ( je n'ai pas trouver de meilleur qualité prix)
- une fois les réglages de l'images ajustés c'est du plug and play ( très simple a régler )
- le bouton en dessous de l'écran est simple d'accès et d'utilisation
- bezels très fins
Points Négatifs :
- Pas de son
- Malgré l'USB-C, le prix reste élever
- parfois à du mal à se reconnecter avec mon macbook pro après une mise en veille relativement longue du Mac.
Je met 4 étoiles bien méritées."
Martina,"3,0",19 octobre 2018,"L’écran est vraiment incroyable, très grand, très claire et avec une qualité de couleurs impressionnant. La
télécommande est aussi très outil.
Mais je conseille pas d'acheter reconditionné, le mienne est arrivé sans le vis du pieds et avec l’écran même DÉVISSÉ'!
Et le service client Amazon ne peut pas m'envoyer seulement les vis donc je dois retourner l’écran maintenant et espérer que le stock ne serait pas épuisé quand j'aurais recevoir le remboursement...
Mais bon, l’écran est vraiment impressionnant, je le recommande."
Tony,"5,0",13 février 2019,"Je vous fais part de mon expérience de plusieurs mois à propos de cet écran LG de 43 pouces. Acheté en mai 2018, jusqu'à maintenant, rien à redire. Fonctionne très bien, image magnifique, compatibilité 4k testée avec mon pc et la n'vidia Shield, son excellent, télécommande très pratique. Bref que du bonheur. Et puis j'ai acheté la xbox one x pour profité de la puissance de la console avec la 4k et là, grosse déception, cela ne fonctionne pas. Contact avec le service technique Amazon puis LG puis Microsoft, mais personne n'a la solution. Amazon m'a renvoyé un autre écran pensant que cela pouvait être un défaut de l'écran, mais j'ai le même problème avec le nouveau. Quand je veux activer la résolution 4k,la xbox one x me dit que l'écran n'est pas compatible..... Bref Amazon cherche toujours la solution, mais sachez qu'il existe ce problème si vous voulez acquérir cet écran pour jouer avec la xbox one x en 4k. J'éditerai mon commentaire si Amazon me trouve une solution...un jour...
Edit du 13 mars 2019:
Bonjour, mon problème est enfin résolu. Après avoir essayer plusieurs fois, sur le site de Microsoft la solution est décrite. Dans les paramètres ""Affichage et son"" de la Xbox one X, il faut passer en résolution 1080p puis cocher ""autorisé le 4k"" puis cocher ""autoriser un taux de 50hz"" puis cocher ""autoriser un taux de 24hz"". Bref, très complexe à régler. De plus sur l'écran LG 43UD79 il faut aller dans menu/image/ajuster image et mettre ""Hdmi ultra HD deep color"" sur ""on"". Enfin il faut brancher le câble Hdmi de la Xbox one X sur le port ""HDMI IN 3"" ou ""Hdmi IN 4"" contrairement à ce qui est décrit dans le mode d'emploi PDF de l'écran qui explique que pour avoir la 4K il faut se brancher sur les ports 1 ou 2 ! Bref, merci au service technique qui m'a orienté sur le site de Microsoft sur lequel j'ai pu trouver une partie de la solution !"
Client d'Amazon,"5,0",16 septembre 2018,"Livraison rapide donc 2 jours et demi  après la commande. C'est exactement ce que je souhaitai comme grand écran d'ordinateur. Plus de problème de vue car cet écran LG, impressionnant au début par sa taille de 108 cm avec super résolution d'image en 4k incomparable sur connexion Display port et Hdmi 4k jamais vu. Conforme à mes attentes comme je venais d'acheter un ordinateur avec sortie de connexion Display port et hdmi avec résolution 4k, donc que du bonheur avec cet écran. Je branche en même temps sur cet écran LG 2 ordinateurs et 2 de mes autres disques durs externes et grâce à son menu PIP, cet écran LG peut se diviser en 4 parties et je travaille en même temps sur tous les entrées de connexion in put dont j'ai branché tous mes appareils. Et par sa taille exceptionnelle tout est en grand et clair et pas de problèmes de vue. Rare de voir des écrans qui ont cette fonction. C'est beau à voir. Il est facile à monter et à paramétrer. Je n'ai eu aucun problème et ça fonctionne du coup impeccablement. C'est la 1ère fois qu'un écran d'ordinateur m'a attiré et je suis devenu tellement accroc à cet ordinateur, je ne m'en passe plus, allumage rapide. Finis le temps des petits écrans d'ordinateurs. Je recommande cet écran LG 43 pouces à tous.
BENJAMIN BIANGA"
schtroumpf,"5,0",21 décembre 2018,"Hello, je voulais un 4 k, j'ai longuement hésité entre le 24"" et le 27"".
J'ai opté pour le 24"" et je le regrette un peu, mais j'ai fait ce choix  pour qu'il ne dépasse pas de mon bureau.
L'effet 4 k proprement dit, parfois avec tv saba 32"" , j’ai la même profondeur de champ.
Il y a de l'effet certes, mais je ne trouve pas cela spectaculaire.
Par contre bizarrement , si je met youtube en 4 k (virtual walking) et que je le passe en vidéo sur mon écran d'un vidéo projecteur (casio laser), via mon ampli, l'image est nettement plus belle, alors que la résolution du vidéo projecteur ne dépasse pas 720p.
Étant habitué  a du 4/3, le 16/9 m'embête un peu, et j'ai du mal à m'y faire.
Mais l'image est plus grande (20"" pour du 4/3 contre 24"" pour du 16/9ème) .
Cependant j'ai du mettre l'affichage à 300% .
J'ai rien compris à l'one screen control ? Il faut plusieurs écrans ou plusieurs pc pour en profiter ?
Le filtre anti reflet n'est qu'un léger filtre  colorisé.
Je ne suis pas joueur, mais j’aurais voulu essayer un jeu pour voir.
Les reportages sur la nature permettent d’apprécier la 4k, mais les films cela reste relatif.
Donc content de l'achat mais sans plus.
What else ,"
Phil,"5,0",11 novembre 2018,"Vraiment un bel écran, même en 1080p ! En 4K, il est tout de suite très lisible pour les textes. Il est livré avec un câble HDMI 2 m de qualité, et aussi un câble DisplayPort. J'arrive à afficher en 4K 60 FPS en HDMI  avec une vieille carte graphique NVIDIA GT1030. Mon processeur est parfois un peu juste : un vénérable AMD Phenom II X4 965 3.4 Ghz. L'écran est équipé de 2 puissants haut-parleurs 2x 10 W, très bons dans les graves en particulier. C'est suffisant dans la majorité des cas.
Coté livraison, j'ai opté pour ""Amazon prime"" : livré J+2, mais avec une fenêtre vraiment grande : dans la journée jusqu'à 20h ! Heureusement le livreur est passé à 13h. Un petit trou sur le dessus du carton, mais rien d’abîmé à l'intérieur."
Client d'Amazon,"2,0",10 octobre 2018,"Hyper déçu pour la calibration de l'ércan, le logiciel ne reconnait simplement pas l'écran, que l'on soit sous windows ou mac, donc impossible de le calibrer correctement. Obligé d'utiliser le le logiciel de ma sonde qui n'est pas du tout prévu pour calibrer cet écran. Les réglages de Saturation / Backlight n'existent pas !!
A quoi bon avoir un écran qui peut restituer du DCI-P3 et du rec 709 proprement si on ne peut même pas le calibrer ??
SAV de LG qui s'en bat les steak vu que le produit n'est plus commercialisé. Grosses déception"
HUGO ,"4,0",7 août 2018,"Écran vraiment bien, les couleurs sont belles et lumineuse
J'ai cependant rencontré un problème : parfois de manière parfaitement aléatoire l'écran s'éteint 3-4 secondes (le son se coupe et l'écran devient noir) puis se rallume) ce je dirais que ça arrive une fois toutes les 2h environ parfois plus fréquemment (notamment pendant les fortes chaleurs)
Suis je le seul ?
Est ce du au fait que je n'étais jamais vraiment l'écran mais uniquement mon ordinateur ?
Mes autres écrans n'ont pas ce problème pourtant"
Romain/Cathy-fée,"5,0",7 décembre 2018,"Bel écran / qualité affichage / bonne définition (il faut une carte vidéo qui assume le format)/ télécommande bienvenue , on est  pas habitué avec les moniteurs PC, mais ça évite de farfouiller derrière l'écran / bonne idée les différents protocoles d'affichage notamment ""lecture"" pour ne pas trop fatiguer les yeux quand on bosse 8 heures par jour sur le PC / branchement multiples ok / installation en 5 minutes. que du bien. Espérons la tenue et la longévité dans le temps.
Un seul bémol la rétention du produit 3 jours chez Chronopost au Mans (?) sans raison.
Sinon la livraison aurait été tenue en 48h00 après la commande. A l'opposé, le livreur final ici en Mayenne était très agréable et efficace..."
HellspawnGaming,"5,0",9 avril 2018,"Acheté pour ma tour Pro ( montage sur mesure ) j'avais pas un gros budget pour l'écran et je doit dire impressionné du rendu ! Sur mon PC la qualité et au Top pour mon boulot ( Graphisme etc...) et je me suis permis la folie de brancher ma Xbox One X dessus et la même ""impressionné"" même si ça manquer de réglages et que les finitions sont pas top le rendu et très bon. Pour ma part pas de Clouding ou autre probléme. Il y as mieux ..... mais c'est plus cher ! très bon rapport qualité prix !"
Fabrice,"5,0",25 septembre 2017,"Excellent produit, les dalles LG sont réputées de bonne qualité. Je passe d'un full hd au uhd et la différence est claire ! Sous Windows 7, tout ce qui va être suite Office est beaucoup plus nette, c'est moins fatiguant et plus agréable. Par contre il fait augmenter l'affichage de Windows à 150%, rien de bien difficile. Pour l'écran, le menu est accessible par une petite molette sous le Logo et je trouve que c'est plutôt simple.
Pour le jeu c'est magnifique, mais clairement ma carte graphique en prend un coup et j'observe des ralentissements lorsque je passe des jeux en  4K. J'ai un Core i7 et 16go de RAM pour une carte nvidia K2000. Il faudra que je la change.
Bref je suis satisfait de mon choix."
Easternpenguin,"5,0",15 mars 2019,"Acheté principalement pour associer un écran externe à mon Macbook Pro (Retina 13 pouces, début 2015), ce LG 24UD58-B fait parfaitement le job, m'apportant un grand confort d'utilisation notamment pour la photo, avec une qualité d'image très honorable comparée à celle du Retina du Macbook Pro. La connexion est assurée par un câble Mini Displayport-Displayport.
Il sert aussi d'écran principal à mon vieux PC Windows (via un câble HDMI-HDMI et un adaptateur DVI) et je passe facilement de l'un à l'autre grâce au switch intégré à l'écran (permet de commuter les 3 entrées disponibles).
J'amplifie le son du Mac sur des enceintes actives branchées sur la prise mini-jack intégrée à l'arrière de l'écran, ce qui me fournit pour le même prix un téléviseur d'appoint d'excellente qualité !"
Thomas JEAN,"5,0",20 juillet 2018,"Ecran magnifique, tres bonne résolution, de nombreux port disponible.
Le pied offre une vrai stabilité à l'ensemble
Le reglage en hauteur se fait tres facilement.
Je m'en sert en ecran principale avec mon Macbook pro en USB-C, c'est un bonheur.
Je recommande."
jean claude Bigaut,"5,0",2 mai 2018,"Correspond exactement à mon attente. Précision et finesse du grain, colorimétrie paramétrable à souhait, je l'utilise en tant que second écran  vidéo pour le montage. (3840X2160) 4K
En revanche, je ne suis pas du tout satisfait de la livraison par un vendeur tiers ""Tienda siglo XXI"" qui n'a pas respecté ses engagements, en de surcroît a commis une erreur d'adresse. 03100  au lieu de 31000 et mon colis s'est retrouvé dans l’Aisne ! car Toulouse est dans le 31 ! J'ai payé cher pour une prestation non effectuée."
Lejamp94,"5,0",9 février 2018,"Magnifique. Je m'en sers en premier lieu comme 2ème écran grâce à l'entée DisplayPort car je monte pas mal de films avec FinalCutPro, mais aussi comme TV en branchant un tuner TNT (Strong SRT 8114, 25€ sur Amazon) sur une des deux entrées HDMI. D'une pierre 2 coups, écran 4K et TV.... Je conseille car le produit est beau (et à géométrie variable, on peut l'utiliser verticalement et en mode paysage...)"
Pierre,"5,0",22 août 2018,"Cet écran est superbe. Bord fin, résolution 4k. J'en ai 2 pour mon ordinateur de bureau d'ailleurs.
Le pied est sobre et permet de régler uniquement l'inclinaison (pas la hauteur ce qui est dommage).
L'application LG permet de piloter les écrans (sur Windows et Mac) sans avoir à aller dans les menus (qui sont les plus intuitifs que j'ai pu utiliser).
Livré avec 2 cables display port (attention, pas de mini display port ici, du vrai display port)."
Eliot,"5,0",21 octobre 2018,"Je l'ai reçu avant-hier et  je l'ai connecté aussitôt à mon MacBook Pro 15 pouces de 2016.
Pour l'instant c'est parfait, je redécouvre mes photos, et découvre (tout court) les vidéos en 4K !
C'est mon cinquième moniteur de marque LG (les autres étaient seulement des 23 pouces mais déjà en technologie ips !)
Super définition, couleurs magnifiques, vive les écrans mats !"
costa,"1,0",11 septembre 2018,"3 Mois après achat,...
Le displayport fonctionne.
MAIS ! Les 2 ports HDMI ne veulent pas fonctionner.
J'attend une réponse de l'assistance technique."
RaMicka,"4,0",23 février 2019,Utilisé avec une station Dex et mon note 8 en 2k. Très bon rendu d'image. J'ai été surpris par la qualité de l'affichage. Petit bémol n'affiche pas la résolution de la source en information sinon jaurais mis 5 étoiles. très satisfait.
MANUEL,"4,0",13 septembre 2018,"Bonjour,
Quelques réglages à faire sur la console  Xbox One X et la 4K HDR fonctionne bien."
Guillaume GRUSON,"4,0",1 juin 2018,"La dalle de cet écran 43"" est quasiment parfaite (backlight uniforme, pas de bleed, très peu de glow dans les angles, contraste et couleurs très satisfaisante).
Vous pouvez y aller les yeux fermés, si vous avez de la place sur votre bureau !"
Francois,"5,0",30 mai 2017,"Parfait avec un MacPro 2013 fin 2013 (10.11.6 El Capitan)
Se calibre facilement avec une sonde.
Visibilité ultra confortable pour un travail de 10/12h par jour."
Fabrizio D.,"2,0",26 septembre 2018,"Qu'elle grande déceptions de ne pas recevoir le cable USB-C dans le carton (pourtant il est noté dans la liste des accessoires fournis), impossible d’utiliser l'écran avec mon Macbook pro 2017. Suite à l'appel du service client d'Amazon il me propose un remboursement de 15 euros (qui ne fonctionne pas), néanmoins impossible de trouver un cable usb-c vers usb-c compatible avec l'écran et le mac. Je pense que je vais devoir retourner l'écran pour un câble...."
Fitz,"5,0",28 décembre 2017,"Bon comme je passe d'un écran 75hz de 2010 à celui-ci qui est un 4K de 2016, c'est tellement impressionnant !
Je regrette pas du tout l'achat (pour l'instant), c'est probablement l'écran le moins cher pour toutes ces configs, alors que les autres marques mettent à peu près la même cfg pour 900-1200e.
Les couleurs sont tellement top !
10/10"
Iglesias Ludovic,"5,0",12 octobre 2018,"Vraiment satisfait de ce produit, un très bon écran polyvalent. Je l'utilise avec une mibox3 et un pc. Grâce à sa télécommande je peux passer de l'un à l'autre à distance, ultra pratique. Je suis aussi joueur (world of tank, simulateur voiture et avion, pes...) et je suis très satisfait du rendu avec ce moniteur. Le son est excellent et puissant pour un moniteur mais j'ai préféré brancher un kit son 2.1 sur la sortie casque du moniteur pour avoir d'avantage de basse.
Bref super achat, je l'ai eu à 571e par Amazon, reçu en 2 jours."
yama,"5,0",12 décembre 2018,"Premier écran défectueux, j'en ai reçu un de remplacement en parfait état. ça vaut le coup de prendre le risque : le retour est gratuit. Il faut juste être à 2 personnes pour porter le carton. Histoire de gagner du temps s'il présente un défaut, je conseille de regarder comment sont rangés les éléments dans le carton, puis de poser l'écran à plat sur le bureau de votre PC pour voir s'il s'illumine bien de partout, avant de déballer le reste et de monter le pied. Content de mon choix, la dalle mat est parfaite."
Julien D.,"5,0",29 août 2018,"Super confort d'utilisation grâce à la résolution compatible ""retina"".
Possibilité de brancher plusieurs sources et de switcher entre elles facilement.
Il ne lui manque que des hauts-parleurs pour être parfait."
naomix,"2,0",27 mars 2019,"Après huit mois, une ligne bleue traverse l'écran sur la droite. La qualité LG de mes anciens moniteurs n'est plus là.
L'écran lui-même à un bon rendu, mais l'absence de bouton marche arrêt est très gênant, il est remplacé par une sorte de joystick qui commande plusieurs fonctions et dont le fonctionnement est très aléatoire."
J. Goldberg,"5,0",21 janvier 2018,"Ecran commandé pour être relié à mon MacBook Pro 13"" (version 2017). Parfait !
Excellente qualité d'image, et grand confort de pouvoir afficher en même temps plusieurs fenètres pour travailler plus facilement.
Montage simple en moins de 2 minutes.
Commandé chez ADMI, livraison très rapide (mardi matin pour une commande faite le dimanche)."
Bruno BRETON,"5,0",22 avril 2018,"Excellent écran pour mon MacBook Pro 2017 retina 15 avec une connexion usb-c vers usb-c. Maya, illustrator et Photoshop. Bonne investissement."
sant69,"1,0",31 mai 2019,"Reçu avec un énorme rayure sur le cadre
Rayure visible une fois les protections autocolantes enlevées (???). J'ose espérer qu'il ne s'agit pas d'un produit reconditionné car payé au prix du neuf.
Pour le reste image parfaite mais pb de configuration avec mon mac et ma miboxS, il faut impérativement utiliser les cables fournis avec le produit."
Maxim Le Guennec,"5,0",11 mars 2018,"L’ecran est super, aucune difference entre retina 2015.
Pensez a prendre cable qui convient pour avoir l’affichage a 60hz si vous etes sur apple"
Client d'Amazon,"5,0",13 octobre 2017,"Ecran de très bonne qualité d’image. USB-C sur macbook pro 2017. Ce que la doc ne dit pas mais qui est utile = la source video est détectée automatiquement. Allumer l’écran, puis le portable et il trouve la source tout seul."
Damien Tulliez,"4,0",29 octobre 2018,"Je viens de recevoir ma tour MEGAPORT, avec la carte graphique 1070  8 GIGA, et j'en suis absolument ravi, je l'ai branché a un bel écran et le résultat m'a bluffé. Très réactif, la tour reste  en soi très silencieuse même en mode jeu intensif. Au delà de ces performances, la livraison s'est déroulée plus rapidement que prévue chose qui a été très appréciée vous comprendrez...
Honnêtement quand je vois les prix de certaines tours dans le commerce avec du matos intégré moindre, je ne suis pas près de regretter cet achat!"
pierre-charles,"5,0",2 juin 2018,"En fait, j'ai commandé cet appareil suite à une erreur, en effet je n'ai pas prêté attention au faut que cet appareil est un ""moniteur"" et non un poste de Télévision. Il serait souhaitable qu'à l'avenir pour éviter toute confusion d'achat les TV et moniteur est chacun leur rubrique. Mais l'ayant essayé par inadvertance je puis dire que sa qualité d'image est remarquable."
Nzo ,"1,0",27 mai 2018,"Après quelque semaine d’utilisation une ligne verte est apparue sur la longueur de l’ecran ! Dégouté
En espérant avoir un échange ! Déjà que le prix n’est pas donné !"
Baraka,"5,0",26 février 2019,"Très bon écran. L'image est joli (logique pour du 4k)...
Comme marqué dans la description, il n'y a pas de haut-parleurs, mais il y a une prise jack femelle derrière l'écran, donc il est possible de connecter une enceinte dessus.
Le temps de réponse est top."
OTTO Christian,"1,0",17 décembre 2018,Il manque une vis pour fixer le pied de l'écran mais je ne trouve personne pour s'en inquiéter.
pidzo,"4,0",18 décembre 2017,LG 27UD69-W image superbe sur mon pc est sur ma xbox oe x 'est impeccable pas de fuite de lumière je suis satisfais une étoile de moins car il ne switch pas automatiquement entre mon pc et la one x dommage
Bruno,"5,0",23 mai 2019,"Après un benchmark rigoureux, j’ai choisi ce LG32UD99 pour ses qualités en usage photographique.
C’est un écran qui propose des couleurs très justes dans un espace couleur très étendu (pas tout à fait Adobe RVB, mais bien plus étendu que sRVB). Je l’utilise pour du traitement d’image (photographie) avec bonheur. Recommandé pour les photographes."
Taou92,"5,0",10 juin 2017,"Super écran, image parfaite. Associé à un MacBook Pro 15¨ (touchbar fin 2016) via le cable usb-C fourni avec l'écran, l'affichage est magnifique et le MacBook se charge très bien sans besoin de le brancher au secteur."
garry 46,"5,0",22 décembre 2018,"Usage personnel, l'expérience de voir 4 choses différentes en même temps mais surtout de voir en grand les applications de mon pc. Il faut reculer pour bien voir car 43 pouces : c'est super GRAND"
André,"5,0",6 octobre 2018,"Comment dire? Tout est plus grand, plus beau avec cet écran! Je l'ai depuis plusieurs mois et je ne reviendrai jamais sur du plus petit, un vrai régal pour les films, les jeux et principalement pour mon travail d'édition photo. Pour tout ce bénéfice j'aurais été prêt à payer bien plus cher!"
Pierroo,"5,0",22 septembre 2017,Superbe écran. Couleur et contraste très bien. Connectique très bien. Recharge très bien mon MacBook Pro 15 de 2016 par la prise USB-C.
ALLEBRR Francis,"5,0",5 août 2018,"Écran de très bonne facture, je ne regrette pas cette achat. Très bien emballé et le mirage prend 10 min Max, pour MacBook Pro."
Client d'Amazon,"1,0",8 octobre 2018,"Colis intact mais en l'installant le coin supérieur droit de l'écran avait du subir un choc et montrait une image blanche sur une surface d'environ une main.
Colis réexpédié donc et reçu par Amazon le 2/10/2018 avec demande de remplacement, dans l'attente du retour..."
lapiflor,"5,0",25 juillet 2018,"Super design , qualité d'image au rendez-vous , pas de clouding , couleur justes , Boris profond , 4k très belle . Effet whaou . Je recommande ."
Laurent31,"5,0",30 avril 2019,"Très facile à installer.
Fonctionne parfaitement avec mon MacBook Pro de 2016.
Très bien pour la retouche photo."
Timothée,"5,0",28 avril 2019,Superbe écran 4K pour MacBookPro 2018. Ajoutez un câble DP - USB-C et le résultat est superbe. Je ne suis ni faner ni pro photo/video. La qualité et définition de l’écran sont à la hauteur. Je recommande
erick,"5,0",19 novembre 2018,"très pratique d'utilisation , je suis perdu maintenant avec les petits  moniteurs
soyons fou LG fait nous maintenant le même avec 8K sinon je regarde samsung  :)"
Alex,"5,0",5 octobre 2018,"Écran excellent pour jouer comme pour regarder des films/séries.
Étant photographe c’est très agréable de retoucher mes photos avec une telle précision colorimétrique et cet affichage 4K!"
Netcom Agency,"3,0",17 août 2018,"Déçu de la finition : le contour en plastique chrome légèrement tordu à certains endroits, marqué par de petits coups à d'autres. Vu la qualité d'emballage c'est bien un défaut de sortie d'usine. Pour l'affichage par contre c'est parfait en 4k hdr."
Guillaume,"4,0",27 juin 2017,"L'écran est vraiment super. L'image très belle, rien a dire. J'ai le 24ud58-b.
En revanche la qualité extérieur n'est pas géniale. Si vous n'aimez pas le plastique noir brillant, cet écran est à éviter.
Mis à part l'aspect extérieur, l'écran est super."
loris,"1,0",27 août 2018,"Je voudrais bien tester ma la prise livrée avec l’alimentation n’est pas une prise europeene, pourtant dans le manuel, sous la liste des objets fournis, on y voit un cordon avec embout européen..."
Sid Mecheri ,"3,0",5 mars 2018,J’ai reçu le produit par contre le bas de l’écran là où il y’a la bande noir la partie extrême droite et décollée
Lismey,"5,0",27 février 2018,"Un bel achat, ce moniteur est génial, pas déçue par ses dimensions,les couleurs, la luminosité, son design,..très agréable à l'usage."
Philippe,"5,0",6 mai 2019,C'est mon écran principal et j'aurais du mal à revenir maintenant sur un écran plus petit. Immersion garantie.
Client d'Amazon,"5,0",23 avril 2019,"Branché sur un Macbook Pro en USB-C, l'affichage est de très grande qualité et le mac est rechargé automatiquement. . Excellent rapport qualité prix"
murat cinar,"5,0",6 décembre 2017,"enfin un écran sans défaut majeur, fonctionne a merveille, pas besoin de monter 2 3 ou 4 moniteur, un seul cable et zou !
mon macbook pro prend enfin toute ça dimension !"
Alexandre,"5,0",14 avril 2017,"Super écran, les couleurs sont excellente, le rendu 4k magnifique. Et le prix est bien en dessous de la concurrence. Je recommande vivement cet écran."
Sylvain Corlay,"1,0",9 juin 2019,"Le pied de l'écran que j'ai reçu n'est pas ajustable en hauteur. Je vais le renvoyer.
(J'ai commandé exactement le même produit précédemment sur amazon et le pied était ajustable. Il y a donc deux versions de ce produit vendues sur la même page.)"
Laurent Tirard,"5,0",14 décembre 2018,"Dalle 4K mat de très belle qualité, on peut calibrer l'écran et surtout il ne suffit que d'un câble USB C (fourni avec) pour la charge du MacBook Pro et l'image sur le moniteur. Après avoir passé des années sur un écran Apple, j'avais des craintes et bien je suis conquis !"
Yann BARTHELEMY,"4,0",1 janvier 2019,"Qualité d'écran exceptionnelle, espace de travail de grand confort.
Seul petit point négatif, la connectique, dont les ports USB, sont difficiles d'accès."
Bleezes77,"5,0",29 octobre 2018,"Superbes couleurs, contraste et piqué.
Vraiment un super ecran 4k. Je recommande !"
Tom,"5,0",29 janvier 2018,"Ecran parfait pour moi. Très bonne colorimétrie, il est très bien pour des logiciels de graphisme.
Vraiment satisfait du produit"
Garret,"5,0",20 janvier 2018,"produit acheté pour mon macbook
le produit est conforme à mes attentes.
Très bonne qualité d'écran et très beau produit.
Je recommande cet article."
ROBERT Philippe,"5,0",23 avril 2019,Ecran pour MacBook Pro. Avant j'avais un écran Asus HDMI; quelle différence en mieux avec cet écran LG. Trés bonne qualité d'image et connectique simplifiée
jo.lanonse,"5,0",3 janvier 2019,"A ce jour fonctionne très bien,
cependant sa stabilité est fonction de la qualité de carte graphique implémentant le standard HDMI pour la 4K.
A éviter donc (Sapphire 11268-01-20G Carte Graphique 4 Go 1206 MHz AMD Radeon RX 550 )"
THENARD Manuel,"4,0",7 juin 2019,Il s'agit en fait d'un écran 4k 60hz et non 135Khz comme indiqué dans la description....
Pedro,"4,0",18 septembre 2017,"Un très bel écran avec une super qualité d'image. Longuement hésité avec le 5k, j'ai prix deux écrans 4K pour le prix d'un 5k. Pour mon utilisation c'est parfait. Je ne donne pas 5 étoiles car tout l'arrière est blanc et pas le choix d'autres couleurs"
Concordel,"1,0",2 mai 2019,la boite correspond mais à l'intérieur on trouve un moniteur 27 pouces lg sans usb type c de piètre qualité !
Reedsmith,"5,0",14 septembre 2017,"En très forte hausse de prix ces derniers temps, mais maintenant que je l'ai, c'est génial.
un peu déstabilisé par la taille les 10-15 premières minutes, maintenant je me demande comment je faisais avant.
L'écran arrive avec des cables HDMI, mais pour en profiter vraiment, il faut un display port sur votre carte graphique (qui doit gérer la 4K) et un cable adapté.
Il faut aussi monter le pied, prévoir une grande table pour poser l'écran à plat. il est livré avec un cache pour la plaque VESA quand on utilise le pied, qui est très stable. L'ensemble pèse bien son poids, mais il est posé sur mon bureau en verre et ça ne pose pas de problème particulier.
Reconnu immédiatement et fonctionnel sans aucun paramétrage sous W10, malgré tout j'ai installé les drivers et les utilitaires.
Je m'en sers pour du développement photo sous Lightroom.principalement, on affiche quasiment les photos en rapport 1:1 :-) , mais il s'avère génial pour les documents texte puisqu'on peut facilement afficher deux pleines pages Word sans souci de taille de caractères.
Bonne colorimétrie, mais un peu froide d'origine.
il y a plusieurs modes préréglés et accessible directement, dont certains sont réglables (mode nuit notamment, qui est un peu trop rose ...).
J'ai donc passé la sonde de calibrage et créé un profil icc qui se charge dès le lancement de W10, avec mesure de la lumière ambiante grace à la sonde branchée en permanence et qui ajuste la luminosité.
C'est vraiment un écran de PC, pas une TV sans tuner, et c'est agréable.
Le joystick sous l'écran est très pratique, mais comme il faut un peu de recul pour tirer parti de la taille, la télécommande fournie est bien plus pratique, d'autant plus qu'elle est vraiment conçue pour aller à l'essentiel (volume, luminosité sont directement réglables, ainsi que sélection des entrées, mode jeu, mode photo, PIP, etc... ).
Mention spéciale pour le son, qui lui est presque digne d'une TV.
Je n'ai pas encore testé le mode jeu, mais je pense bientot connecter ma console dessus tant l'image est belle et l'écran immense.
je n'ai pas encore non plus vraiment eu l'occasion d'essayer la simulation de 1,2, 4 écrans full HD, je mettrais à jour cette évaluation plus tard.
edit après quelques jours d'utilisation:
Très gourmand en ressources, vérifiez que votre carte graphique supporte la 4K.
Ma vieille 7850 gère bien l'affichage 4K avec les derniers drivers (mais faut oublier les jeux. dans cette résolution..), ma 7970 n'a pas supporté plus de 2 jours (mais ça n'a surement aucun rapport, elle avait passé une grande partie de sa vie à faire du mining h24 pendant 2 ans).
Aucun pixel mort ou défecteux à déplorer, quasiment pas de clouding et noir très homogène.
Dalle matte super agréable.
Utilitaire de gestion de fractionnement d'écran très utile et facile à utiliser.
Seul petit défaut: Le bords apparaissent légèrement tronqués quand on les regarde depuis le milieu de l'écran, mais c'est une illusion due à la taille de la dalle."
ades,"5,0",23 août 2018,Excellent écran en retina avec mon macbook pro 13 pouces 2016
itri david,"5,0",25 novembre 2018,parfait
SOCOTRAD,"2,0",18 avril 2019,"Après 10 mois d'utilisation les 4 coins deviennent bleu :-(
4 jolis petit arc en ciel régulier mais qui n'ont rien à faire là !!!"
Flavien Haas,"5,0",9 août 2018,"Couleurs et résolution magnifique, charge mon MacBook Pro 13 puces 2017"
Joseph TserviceT,"5,0",1 avril 2018,"Facile à mettre en œuvre comme écran d'extension à mon MacBook Pro
Plug & Play : connectique et configuration bien adaptées."
twamem,"5,0",11 janvier 2019,pour le studio grande image ! c'est parfait
chabaud,"4,0",11 mars 2019,Image de qualité couplé avec un MacBook Pro
Nicolas La Fortezza,"5,0",13 août 2018,Ils ne vous de sera pas
Gerian,"5,0",11 juin 2016,"Bel écran, esthetique avec ses bords fins. Le pied est un peu faible (peut transmettre les vibrations et faire bouger le moniteur)
mais suffisant si votre bureau est stable. Sinon on peut le remplacer par un support vesa.
La connectique est juste suffisante 1 displayport et 2 hdmi (2.0). Pas de hauts parleurs intégrés.
Pas de pixel mort sur mon exemplaire. La colorimétrie semble très bonne en réglage usine.
Un petit joystick sous l'écran permet d'accéder aux menus et d'éteindre/allumer le moniteur. Très pratique en comparaison des touches
sensitives habituelles espérons qu'il tiendra le choc sur la durée.
Testé avec une msi gtx 970 connecté en displayport via un Câble ""Ugreen DP 1.2 Résolution 4K, Plaqué Or, 2m"" acheté sur amazon
l'écran monte à 72hz via le panneau de contrôle nvidia (synchro manuelle sans changerles paramètres) ou 70/71hz en synchro automatique.
Excellent pour mon usage mixte : retouche photo / jeu occasionnel.
Je joins une capture écran avec le jeu  overwatch en 2560x1440 fenêtré pour exemple... très confortable !
Très satisfait de mon achat :)"
Dhia E.,"5,0",12 octobre 2018,C'est top.
jan,"5,0",3 mai 2017,"Cet écran est en tous points bien supérieur aux Dell et Samsung que j'ai possédé auparavant.
Les plus:
- Pas de gadgets inutiles comme des haut-parleurs intégrés (qui sont toujours de qualité minable) ou un hub USB.
- Fixation VESA et pas de pied réglable, parfait pour ceux comme moi qui veulent le monter sur un bras articulé. Le pied fourni est toutefois stable et solide.
- Meilleur prix dans sa catégorie, mais n'est pas pour autant bas de gamme.
- Calibré en usine, j'en ai commandé deux et les couleurs sont 100% identiques de l'un à l'autre.
- Dalle IPS donc angles de vision parfaits dans toutes les directions, j'ai un écran en portrait et l'autre en paysage, je ne constate aucune dégradation des couleurs du haut vers le bas.
- Menu OSD très facile d'utilisation grâce à un unique petit joystick qui commande tout. Excellent travail de LG sur ce point, contrairement à Samsung qui continue encore aujourd'hui de faire des contrôles complètement inutilisables sur leurs écrans avec des boutons tactiles insupportables et des menus atroces. Le passage d'une source à l'autre est très aisé et rapide.
- Possibilité de désactiver la LED pour ceux comme moi qui ont leur lit dans la même pièce que l'écran. Encore une fois bien mieux que Samsung qui adore mettre des lumières qui clignotent de partout.
- L'écran sait se mettre tout seul en veille lorsque le PC passe en veille, ce qui n'est pas toujours le cas surtout chez Samsung.
- Cables HDMI et Display Port fournis, merci LG.
- Entièrement supporté par le Mac Pro trashcan en résolution native @60Hz, et qui propose 5 niveaux HiDPI: 1920x1080, 2560x1440, 3008x1692, 3360x1890 et 3840x2160. Pour moi le 1440 est parfait, au dessus il faut avoir de bons yeux...
Pas encore trouvé de points négatifs."
Michael,"1,0",22 juin 2017,"déception pour ma part sur ce produit que je vais renvoyer immédiatement
d'une part, j'ai beaucoup de clouding (tache de lumière sur un fond noir).
d'autre part, les noirs ne sont pas respectés (davantage gris que noir), et les couleurs en général certes plutôt bien calibrées mais peu contrastées. (là c'est une question de gout).
voir la photo l'écran au centre est le 27ud68 de LG, l'autre mon ancien écran.
Je pense qu'avec les exigences de qualités que j'ai vis à vis du respect des couleurs, cet écran ne peut pas me convenir. pour une utilisation bureautique cela conviendrai parfaitement pour qui veut un 1er prix en 4K."
sonny DURANT,"4,0",20 décembre 2017,"J’ai remplacé mon vieil écran Apple Led Cinéma Display pour passer à la 4k.
Dans le monde des moniteurs, allier résolution et design n’est pas chose facile … à ma grande surprise, mon ancien écran de 8 ans avait de gros atouts que je n’ai même pas pu retrouver l’écran LG.
Pour moi, en plus de la 4k et du design, ce qui a fait la différence c’est son hub sur la face arrière :
- Pour les anciens Macbook Pro comme le mien, il faut brancher un câble DisplayPort vers mini DisplayPort compatible 4K à 60Hz sinon vous risquez de rester bloquer en 30Hz incompatible pour travailler.
J’ai choisi ce câble, car je ne voulais pas cramer ma machine avec des câbles bas gemmes. Il est plus cher, mais bien noté :
https://www.amazon.fr/gp/product/B073RH83BC/ref=oh_aui_detailpage_o00_s00?ie=UTF8&psc=1
Si comme moi, vous n’avez pas les derniers Macbook de 2016, alors il vous faudra brancher un câble supplémentaire fourni (USB vers USB C) pour accéder aux ports USB de la face arrière. Par exemple pour faire fonctionner un disque dur.
Pour info : USB type C recharge bien Macbook Pro 15 pouces de 2016 c’est plus long, mais possible.
Bref, après 2 mois d’utilisations voici le résultat de mon expérience
Points positifs
- Je trouve l’écran toujours aussi magnifique et son design bord à bord fait ultra moderne.
- J’apprécie la sortie de veille automatique en synchro avec le Macbook pro.
- Régler la luminosité de mon écran externe via les touches de mon Macbook avec NativeDisplayBrightness
Points négatifs
- Je trouve le pied un peu souple. ce qui transmet les vibrations du bureau
- Je trouve dommage que la voyant lumineux clignote en veille, j’aurais aimé trouver dans les options la possibilité de changer ce comportement.
- Quand l’écran entre en veille, cela coupe l'alimentation de l’USB. Cela peut endommager un disque dur par exemple.
Mais là où c’est abusé, c’est concernant les enceintes : présentes, mais inexistantes. Dommage."
Jerm,"1,0",21 avril 2017,"L'écran était emballé de manière correct. Mais il présente un problème de clouding (partie très clair sur un écran noir )
Le temps de réponse de l'écran est extrêmement long malgré qu'il soit indiqué 5ms.. Meme en mode FPS ( en 4k ou 1080p )
L'image n'est aussi pas aussi net qu'attendu pour un écran 4K
Je le déconseille donc."
D. Nicolas,"1,0",10 juillet 2017,"Comme d'autres j'ai eu ""la joie"" d'avoir reçu un écran avec du clouding (fuite de lumière) et je l'ai donc échangé comme son homologue Samsung en 28 pouces dalle TN. Et la c'est incomparable il le surpasse largement en qualité... Bref je ne recommande pas ce produit LG qui est finalement très bas de gamme comparé à son concurrent même si les couleurs sont jolies !"
gd,"5,0",10 août 2017,"Acheté pour un hackintosh, il bénéficie d'une super définition qui se rapproche grandement de l'effet retina des écrans Apple, ce qui était mon but recherché.
À noter que pour y parvenir, il faut utiliser un petit utilitaire qui va permettre de définir plus précisément la résolution de l'écran : SwitchResX. Sans ça vous ne parviendrez pas à avoir une bonne définition sans passer par une UI toute petite.
Et pour régler la luminosité au clavier, j'ai utilisé l'utilitaire Shades de Charcoal.
Au final le résultat est top et après un calibrage assez fin grâce à la molette pratique sous l'écran, j'ai exactement le résultat que j'attendais."
Radio bambam,"5,0",11 janvier 2018,"Petite update février 2019.
J’ai acheté cet écran en novembre 2017 et je voulais ajouter à mon commentaire initial de l’époque à quel point cet écran est génial. En terme de productivité, de qualité d’image, de l’usage de la télécommande. L’intérêt  d’un grand écran et devenu une telle  évidence que je n’en reprendrai jamais un plus petit. Un plus grand sûrement …
La qualité d’image est impeccable. Bref que des louanges. Si quelqu’un hésite, n’hésitez  Plus.
Commentaire initial
Il est génial!  Il faut un petit temps d’adaptatIon.
Par contre il faut une table bien profonde. Je dirais 1 m au moins voir 1m10. 75cm c’est vraiment trop court.
A part ça rien a dire sur la qualité. La construction est bien pensée. La hauteur du socle est bonne.  On peut l’incliner  de manière très satisfaisante. Bonne visibilité de coté. Le logiciel permettant de compartimenter l’ecran est très bien fait. La télécommande très bien aussi. Vraiment avoir un tel espace de travail c’est top (Pour ma part c’est surtout de la 3D)."
Francois Courtois,"1,0",28 juillet 2017,"Branché en USB-C avec le câble de chargement fourni par Apple: n'affiche aucune image mais charge bien le MacBook Pro
Branché en USB-C avec le câble fourni par LG: affiche une image carrée seulement sur la moitié gauche de l'écran en 1920x2160
Branché en HDMI via le Apple Digital AV Multiport Adapter: idem image carrée seulement
Le moniteur a bien la dernière version du firmware.
Quel câble USB-C faut-il utiliser ???"
Inkkk,"4,0",28 septembre 2017,"Tout est dans le titre, après moult recherche et hésitation, je ne regrette pas mon choix.
Premier point : malgré les 60W délivrées, cet écran alimente sans problème un MBP 15 Pouces, même avec un iPhone branché et à recharger. Le temps de rechargement de l'ordinateur sera juste plus ou moins lent en fonction de l'utilisation plus ou moins intensive de celui-ci, il faut donc juste éviter d'arriver à son bureau le matin avec 3% de batterie. Je précise que, dixit le support Apple, l'utilisation d'un wattage plus faible pour le rechargement n'a aucune conséquence sur la durée de vie de la batterie ou de l'ordinateur.
Concernant l'affichage, on est certes pas tout à fait sur du ""retina"" (220dpi vs 160dpi pour cette écran), mais à une distance normale de 50/60cm la différence est quasi invisible même sur les textes, que ce soit sur une résolution système de 1080 ou 1440p : c'est un des points qui me faisait le plus hésiter à investir et j'en suis vraiment satisfait. L'écran présente une bonne colorimétrie dès la sortie du carton, mon exemplaire semble même excellent avec un deltaE autour de 1 ! Je précise que je suis graphiste et plutôt tatillon en ce qui concerne la qualité de mon matériel.
Le cable USB-Type C fourni est de bonne qualité et transmet l'affichage en UHD 60Hz sans broncher, le pied fait le job et la dalle ne bouge pas trop lorsqu'on secoue un peu le bureau. Les plastiques sont de bonne qualité, l'effet borderless est plutôt sympa et globalement le design est plutôt de bon goût selon moi. Le taux de transfert de données via le câble est suffisant pour de petit besoin (dans mon cas une tablette wacom et un disque externe time machine), mais si vous comptez brancher un disque avec vos rushs vidéo pour un montage le taux de transfert ne sera clairement pas optimal.
Bref pour ceux qui ne veulent pas mettre environ 3 fois plus cher dans un Ultrafine 5K, certes meilleur, mais quand même pas foufou sur le plan du design comme sur le plan technique (manque d'un port ethernet et d'une sortie jack par exemple), cet écran peut selon moi représenter une excellente alternative."
MacMagna,"5,0",8 mars 2017,"Utilisé en 4K avec un MacBook Pro 15"" retina fin 2013, l'image est exceptionelle, encore meilleure de mon point de vue que celle de l'écran intégré (c'est pour dire, je ne pensais même pas cela possible!). Un régal. En remplacement d'un 24"", je l'utilise à la plus grosse résolution (équivalente à un 24""), l'affichage est donc très confortable et parfaitement net et lissé grace à la 4K (points invisibles) mais si vous avez des yeux normaux, la version 24"" 4K devrait suffire. Je cherchais un écran externe ""rétina"" pour mon MacBook Pro ""rétina"", je l'ai trouvé ;)."
Dombras,"1,0",26 juin 2018,"Mauvaise expérience avec cette écran, l'appareil présente des petits points noir sur l'écran. Après un second échange rapide par le vendeur, Le second écran à le même défaut. Ces modèles ont certainement un mauvais contrôle qualité à la fabrication. Je ne le recommande pas.
Livraison rapide, vendeur réactif mais l'écran mauvais."
Client d'Amazon,"5,0",13 octobre 2016,"Je suis très satisfait par la qualité ainsi que l’este-tique de cet écran. l'affichage est nettement mieux en displayport
AmazonBasics Câble Mini DisplayPort vers DisplayPort - 0,9 meters
qu'en HDMI (v1) sur mon laptop qui a quelques années."
CEDRIC C.,"5,0",4 octobre 2017,"Je suis très content de cet écran. La qualité d'affichage est géniale. En jeu, pas de ghosting. Je joue principalement à des RPG et rien à redire.
C'est beau, on en prend pleins les yeux.
En bureautique , on affiche 4 fenêtres sur l'écran.
Je le recommande !
Seul point négatif, j'ai commandé cet écran peu après sa sortie et j'ai mis 1 mois à être livré. Amazon ne m'a pas tenu informé suffisamment à mon gout quant à l'avancé de ma commande."
MARIO M.,"4,0",27 novembre 2017,"Reçu en 2 jours, 1 petit frayeur à cause de l emballage découpé...mais l écran est la et intact...
Mo race du pied facile, écran vraiment mat (voir photo avec lumière du lustre allumée), couleurs par défaut assez plaisante...
27 pouces mais à peine plus encombrant que mon ancien IIYAMA 24"" ca ne gêne pas sur le bureau...plastique noir pas trop brillant, les réglages se fond facilement au joystick sous l écran, pas de ports USB mais pas grave j ai déjà un hub a côté... 2 ports display, 1 hdmi, ça ira bien pour brancher un portable ou 1 console en plus...(qui a dit XBOX ONE X?)
Reste plus qu' à tester les vidéos 4k et les jeux...
Bon Achat, à voir sur la durée, mais j ai jamais été déçu par LG"
Client d'Amazon,"2,0",29 juillet 2018,"J'attendais beaucoup de cet écran. La qualité de l'image en terme de netteté n'est pas vraiment au RDV. Il est annoncé comme pouvant pivoté pour être utilisé en vertical. Ce qui a été démenti par le support technique de LG!
Enfin l'installation n'est pas aussi simple et n'est certainement pas bien expliqué. Du coup de grands moments de solitude et de rafistolages avec des logiciels pêchés ci et là. Le tout à la fin fonctionne bien sûr cahin-caha et provoque des bugs en série sur le Mac Book.
Bref, déçu !"
Raphaël Burkhardt,"5,0",4 décembre 2017,"Rien à dire, il convient parfaitement à mon utilisation, montage video et retouche photo. je le recommende à tous ceus qui recherchent du bon rapport qualité/prix"
Dana,"5,0",29 janvier 2018,"LG, c'est la qualité ! cette écran me procure une qualité d'image à couper le souffle. Une merveille !
Du Macbook ou d'une tour PC, rien à dire ! BRAVO !!!
Le seul inconvénient, c'est qu'il n'a pas de prise USB...mais bon, ce n'est qu'un détail."
azvitor,"5,0",18 juillet 2017,"Très satisfait de la qualité de l'image, la résolution et la reproduction des couleurs. L'interface USB-C est fantastique - charges, envoie des données d'image et le son."
Julien73,"5,0",7 août 2017,"Rien à dire, fonctionne parfaitement, image de belle qualité. je n'ai pas encore testé la 4K, mais full HD nickel.
Fourni avec câble HDMI + Display port.
Pas testé non plus le pied car j'utilise un support VESA."
Julien,"5,0",10 novembre 2016,"Achat effectué avec un vendeur autre que Amazon, TopBiz, d'habitude je ne laisse pas de commentaire mais la je suis obligé, commande passé le 7 nov au soir avec une livraison prévu entre le 14 et le 17 nov et reçu le 9 nov !!!! Sois près d'une semaine avant, alors rien que pour ça bravo au vendeur.
Concernant l'écran, tout simplement incroyable, livré avec une multitude de cable, usb c vers usb c, un hdmi, un display port et un usb c vers 3.0, besoin de rien en plus. Très belle finition, parfait pour un macbook en usb c, tous mes périphériques sont branché derrière.
Le meilleur de tout ce que j'ai pu voir, le prix est justifié et je ne peux que le conseillé.
Seul bémol a ma connaissance, le réglage du volume et de la luminosité de l'écran avec les touches clavier du mac ne fonctionne pas, mais j'avais le même soucis avec mon dell ... Si quelqu'un a une solution je suis preneur :)
Encore merci a TopBiz, cordialement"
stéphane,"5,0",21 juillet 2018,"Écran reçu rapidement et en très bon état. Aucun pixels morts ni de problèmes de clouding.
Branché sur une ps4 pro, après quelques réglages de gamma et de couleurs le rendu graphique est très satisfaisant pour une entrée de gamme (modèle 27UD58-B) à 330 euros.
En résumé un très bon choix pour les joueurs qui veulent un écran 4K pour leur console sans dépenser une fortune, de plus avec un HDMI en 2.0 et un bon réglage de la console il permet de profiter pleinement de la puissance d'une ps4 pro"
Client d'Amazon,"5,0",13 mai 2017,"J'ai fais l'acquisition du modèle 27"" avec pied réglable, 2 x USB 3.0 et 1 x USB-C. Plus cher que le modèle 27UD68 mais d'avantage conforme à mes attentes avec son pied réglable qui peut s'adapter facilement à la hauteur de votre choix et un USB-C qui pourrait servir à l'avenir, le temps que cette connectique se démocratise.
Utilisations : Graphisme / Retouche photo / Jeux (ps4 Pro via HDMI 2.0)
J'écris rarement des commentaires mais cette fois je souhaite partager mon expérience. En effet, j'ai pu tout lire et son contraire sur internet à propos des écrans 4K non compatibles en 60HZ (seulement 30HZ) sur les anciens MacBook Pro.
Je souhaite donc clarifier ce point :
Possesseur d'un MacBook pro Rétina 15"" modèle fin 2013 avec Nvidia GT 750 M, cet écran fera votre bonheur puisqu'il fonctionnera en 4K 60HZ sans lag et sans patch (comme j'ai pu parfois voir) à condition de le brancher en DisplayPort. Mon mac étant pourvu de ports Thunderbolt 2, j'ai donc acheté un câble supplémentaire Mini DisplayPort mâle vers DisplayPort mâle Version 1.2 compatible 60HZ 4K (20€ pour 2m). L'écran reconnait sans problème le câble DisplayPort 1.2 et le Thunderbolt 2 de mon MacBook Pro délivre suffisamment de données pour que le tout fonctionne parfaitement.
Le DisplayPort est donc LA solution pour ceux qui possèdent comme moi un MacBook pro Rétina 15"" modèle fin 2013 avec Nvidia GT 750 M et qui souhaitent bénéficier d'un écran 4K en 60HZ. J'ai bien évidement d’abord essayé la connectique HDMI 2.0 avec le câble fourni dans la boîte, malheureusement, le rafraichissement est bridé à 30HZ, ce qui est très désagréable (lag du curseur, animations saccadées...).
En ce qui concerne l'écran, tout est conforme, superbe finition, la dalle IPS est magnifique, le calibrage sortie d'usine est très bon, j'ai suivi quelques conseils que j'ai pu lire sur le site LesNumériques pour affiner les réglages. La navigation dans les paramètres est enfantine et bien pensée avec le petit joystick. Enfin on apprécie la possibilité d'utiliser les 2 ports USB 3.0 à l'arrière du moniteur en raccordant via l'USB-C vers l'ordinateur en USB 3.0 avec un câble inclus. Pour les heureux possesseurs d'un MacBook Pro dernier cri avec USB-C, ce moniteur devient une station d’accueil pour la vidéo, la recharge et l'USB très performante !
Quelques points négatifs :
- Le pied qui ne pivote pas
- La connectique se trouve à l'arrière et l'accès aux différents ports est parfois difficile si le moniteur est contre un mur
- (Avis très personnel, je ne suis pas fan du blanc laqué à l'arrière, j'aurai préféré noir mat...)
J'espère que mon commentaire aura pu en éclairer certains, pour ma part je suis pleinement satisfait !"
Orsatelli Théo,"5,0",7 février 2018,"Bonjour à tous
Après quelques jours d’utilisation et de comparaison de cet écran LG 27UD69-W 4K face à mon ancien écran Samsung UE590 4K
Je peux affirmer que le LG est bien meilleur ( du moins pour mon utilisation )
Il est brancher sur une PS4 PRO en ultra HD 3840/2160 60HZ et le HDCP 2.2 est pris en charge.
Très belle colorimètrie de l’ecran pas agressive mais bien nuancée ( noir suffisamment profond )
Très bonne fluidité
Je ne parlerais pas du design de l’écran
On aime ou pas le dos blanc
Mais associé au contour argent et au bordure d’écran très fine ça rend super classe !
( PAYÉ 408€ en reconditionné Amazon bon état , l’evran arrivé livré en 48h était en état neuf )
Bravo Amazon
Je recommande sans hésiter"
Client d&#39;Amazon,"4,0",5 août 2017,"L'écran est magnifique. La livraison d'Amazon est toujours au top.
Cependant, lors de la vente, les cartes graphiques minimales nécessaires ne sont pas mentionnées.
Si vous êtes sur MacBookPro, il faut un modèle 2014 minimum. Ayant un modèle 2013, le ventilateur du MBP ne cessait jamais de tourner en raison de la demande sur la carte vidéo. Voici une solution pour éviter de renvoyer l'écran :
- réinitialiser la NVRAM et le SMC
- EVITER LA RECOPIE VIDEO en fermant complétement le MBP pour basculer sur l'écran LG uniquement.
Cela ne résout pas complètement le problème, une vidéo lancée et hop le ventilo repart.
Le fonctionnement de l'écran : vraiment bien et la télécommande est très intuitive avec des raccourcis sympas. En revanche, si on paramètre avec une source, puis on passe sur plusieurs sources, il faut tout reconfigurer pour avoir la bonne définition sur l'espace alloué à chaque source. Très pénible. Il n'y a pas de recherche automatique de la source. Avec 4 sources différentes, il faut se rappeler le port HDMI concerné.
Les couleurs sont bien : test du noir, pas de bordure ni source de lumière blanche dans les coins. Pas trop de déformation aux angles."
M.,"5,0",22 mars 2018,"Je n'ai pas acheté le moniteur sur amazon mais j'ai pensé que c'était utile écrire un commentaire. Avant l'achat, je n'ètais pas sur, pendant des mois, sur le meilleur modele et marque à choisir, vu le grand nombre de retours dus panneaux IPS pas suffisamment contrôlés. Je dois dire qu'avec ce moniteur, j'ai eu de la chance, il est parfait, pas de backlight bleeding ou pixels morts et une excellente qualité d'ensemble. En plus, passer d'un téléviseur full hd 32 utilisé comme moniteur à un UHD, c'est enorme! Il faut même s'habituer au niveau des détails des images. J'ai calibré les couleurs avec l'outil windows (puisque je n'ai pas l'intention de dépenser tout cet argent sur les sondes). Le menu OSD est intuitif et le petit joystick est facile à utiliser. Mon utilisation est mixte : montage vidéo, audio et certains jeux, en particulier le simulateur de vol. Ce moniteur, qui fait de la polyvalence sa principale caractéristique, m'a semblé le meilleur choix et je dois dire que les premiers jours d'utilisation le confirment. J'utilise un scaling de 175% sur Windows, je n'ai aucun problème, sauf pour des applications un peu dépassées où j'ai dû trouver un compromis visuel. Je n'utilise pas AMD freesync parce que j'ai une carte nvidia, cependant le moniteur se comporte très bien avec les jeux. Si je dois trouver des points negatifs, il aurait été plus pratique d'avoir les ports USB latéraux et pas à l'arrière. De plus, le câble USB-C/USB 3.0, qui sert de hub pour les deux ports usb arrière (pour les utiliser non seulement comme charge mais aussi comme données) est trop court si, comme moi, vous avez le moniteur sur votre bureau et l'ordinateur au dessous. Sinon, je suis très satisfait et j'espère l'utiliser pendant des années."
bozza1337,"5,0",31 mai 2018,"Le 24 pouces, lorsqu'on l'utilise en mise à l'échelle @200%, donne l'équivalent du full hd en taille d'éléments (ce qui est parfait pour un 24"", ni trop gros ni petit) mais avec 4x plus de pixels pour les rendre. La qualité d'image est alors tout bonnement phénoménale, le texte est tellement net et détaillé qu'on a l'impression de lire du papier !
Seul inconvénient: l'utiliser dans un contexte multi moniteur deviens alors presque ""pénible"" tellement les autres écrans non high Dpi semblent flous en comparaison !"
Julien,"5,0",26 septembre 2017,"Magnifique ! Que dire de plus ?
Un écran IPS 4K a ce prix, c'est pas mal, mais de cette qualité, c'est encore mieux.
Couplé à un ASUS GM502, il tourne parfaitement bien. Niveau jeu, très précis et plutôt réactif. Le contrôle des noirs est vraiment utile.
Le rétro-éclairage se situe sur les bords, pouvant créer des sortes de fuites mais au final il est relativement bien fait.
On peut le calibrer suivant différent modèles, et j'ai réussi à atteindre pas loin des couleurs de mon OLED.
Un must-buy !
Petit point négatif pour la livraison: j'ai été livré par Colis Privé (sérieusement) et il n'y a pas de carton au dessus du paquet de l'ecran ! C'est moyen !"
Pierre B.,"5,0",21 avril 2017,"Cet écran possède une densité parfaite pour mon utilisation (écran à environ 40cm) il produit des image très nettes et permet de lire confortablement grâce au profil lecture intégré, il produit des couleurs satisfaisantes et permet de visionner des phots de 8//10 Mpx sans redimensionnement.
Cependant pour les jeux en ""4k"" il faut prévoir un très bonne carte graphique (Ma GTX970 Hybrid Evga overclockée permet à peine d'atteindre le 40~50 FPS stables en Elevé ou Ultra dans les jeux récents) mais on profite d'une qualité d'image qui est stupéfiante"
Jade,"5,0",11 décembre 2018,"Je suis passé d'un 30 pouces Dell U3011 (que j'ai adoré) à cet écran. La définition est superbe et l'écran est vraiment confortable lorsqu'on a un recul de 40 cm (mon cas).
(Petite note : 4K ou UHD ? 4K, c'est 4096 x 2160. Mais la plupart des moniteurs dits 4K sont en fait des UHD dont la défintion est 3840 × 2160. Ce LG est un UHD.)
Le premier jour, j'ai franchement eu peur - c'était immense, je ne savais plus où donner des yeux ! Mais ce petit inconfort n'a duré que deux jours. Il me semble maintenant qu'un 43 pouces normal et tout écran plus petit est un difficile retour en arrière (je hais mes 2 écran 24 pouces au bureau !).
Bon, 43 pouces,  en 4K c'est super, mais pourquoi celui-ci, pourquoi ce LG ? J'ai regardé le Dell un bon moment, puis tous les autres. Ce LG possède 3 qualités qui me l'ont fait choisir après une très, très longue réflexion : une télécommande pour ajuster le son et sélectionner les entrées, des haut-parleurs d'assez bonne facture intégrés et un prix vraiment intéressant par rapport au Dell.
4 entrées, comment ça marche ?
Ce n'est pas super compliqué : on peut brancher jusqu'à 4 sources sur cet écran (HDMI, DisplayPort, USB-C). On peut ensuite indiquer comment elles doivent être affichées (quart, tiers, moitié). La télécommande permet de passer de l'une à l'autre.
Logiciel fourni
Le plus intéressant permet de d'ajuster la fenêtre de n'importe quelle application dans un quart, un tiers, la moitié de l'écran. C'est simple et bien fait.
Voilà. Si vous cherchez un grand écran, celui-ci me paraît être une bonne affaire. En tout cas, je l'apprécie chaque fois que je l'utilise."
geguitar,"5,0",1 décembre 2017,"Je souhaitais un écran 27"" 4K à connecter à ma station USB-C Dock de CallDigit. Mon ordinateur est un MacBook 12"" processeur i7 16Go/512Go carte intelHD 615. La liaison DisplayPort assure un flux régulier pour toutes les lectures de videos, et les photos sont magnifiquement rendues. La commande par petit stick situé sous l'écran est très pratique pour effectuer tous les réglages. Je recommande ce matériel sans hésiter."
Client d'Amazon,"5,0",9 janvier 2017,"Recharge bien un MacBookPro 2016 de 13'. Compatibilité parfaite. Connectique multiple
Pas de video camera et enceintes pas trouvé encore mais bon rapport prix qualité
Très content de l'achat."
