user,rating,date,review
Wizzu Wiz,"3,0",11 septembre 2018,"J'ai essayé des aspirateurs deux voire trois fois plus coûteux qui n'étaient pas plus réussis...
Celui-ci est un achat qui vaut le coup à cause de sa puissance d'aspiration, son poids plume et sa facilité d'emploi, malgré quelques petites faiblesses:
- si on veut aspirer d'une main en soulevant le corps de l'appareil de l'autre, le bac de récupération (sur lequel est montée la poignée) se disjoint légèrement du corps, du coup de l'air s'insère entre les deux parties et la puissance d'aspiration diminue
- pas possible de ranger l'aspirateur verticalement pour économiser de la place au sol. C'est un problème présent sur beaucoup d'aspirateurs de ce type et je ne comprends pas trop la logique des concepteurs à ce sujet. Ignorent-ils à quel point la place prise par tous nos appareils ménagers est un problème au quotidien? Le rangement à la verticale -pour diminuer la place prise au sol- devrait être généralisé.
Néanmoins, content de mon achat."
Chris ,"5,0",8 septembre 2018,"Petit aspirateur qui fait le travail d'un grand !!  Il est super puissant , aspire très bien et ne prends que très peu de place . Je l'ai acheté pour notre maison de campagne , ou l'on rentre et l'on sort en permanence avec toutes les portes ouvertes , et j'en suis vraiment contente . Excellent rapport qualité prix , aux alentours de 60 euros , et fait aussi bien le travail qu'un aspirateur de grande marque ! Bien sur il est un peu plus bruyant mais franchement pour le prix , allez y les yeux fermés et foncez !!
PS : je me suis un peu embrouillé les pinceaux pour fixer les accessoires pourtant très simples a monter , alors avant de râler et de dire que les accessoires ne sont pas adaptés au diamètre du tuyau d'aspiration, il faut simplement réfléchir 5 petites minutes ! LOL"
Anaïs Goulian,"5,0",24 septembre 2018,"J'ai acheté cet aspirateur dans le but de remplacer mon Dyson. Ne voulant pas mettre 300€ dans un aspirateur, j'ai suivi les commentaires et je me suis laissée tenter.
Quelle agréable surprise... aspirateur petit, pratique, léger, qui aspire vraiment bien (autant voir plus que mon Dyson), ne fait pas trop de bruit, malléable, pratique à nettoyer.
Cependant, le fil est un peu plus court, mais ce n'est pas gênant du tout.
Je recommande vivement cet aspirateur."
Philippe D.,"3,0",17 janvier 2019,"Une roue ne tient pas car elle était cassée.  Malheureusement il me faut renvoyer l'aspirateur complet à mes frais car il ne semble pas possible pour Amazon de simplement me renvoyer une roue  :/
Du coup je vais tenter de recoller moi-même les morceaux ...  Dommage!
Sinon l'appareil fonctionne très bien.  Il est relativement silencieux et le vidage du bac est simple et pratique."
Cindy,"5,0",18 juillet 2018,"Aspirateur très facile de montage, petit et peu bruyant ! Sa tête principale est pratique. Il est puissant. Un très bon rapport qualité/prix. Je me suis laissée guider par les avis et je ne suis pas déçue. A voir sur le long terme mai pour le moment je suis ravie !"
Pululu Nathalie,"5,0",3 août 2018,"Petit aspirateur un peu bruyant mais ça reste correcte pour un sans sac. Excellent rapport qualité prix, ne prend pas beaucoup de place. Mon appartement fait 40m2 et le fil est suffisaient long pour ne pas avoir au débrancher et rebrancher an chaque fois. Aspiration forte ce qui m’arrange car j’ai un vieux parquet."
florent duffner,"4,0",24 septembre 2018,"produit tout a fait en phase avec l'argumentaire commercial, parfaitement adapté aux petits espaces. le câble d'alimentation est effectivement (trop) court... mais j'ai le sentiment que l'on pourrait aujourd'hui dire cela de n'importe quel appareil électro-portatif ou ménager. La marge de l'industriel tiendrait-elle uniquement ans la longueur d'un câble ?"
Juliyeuh,"5,0",18 février 2018,"Pour un aspirateur à bas prix, il remplit très bien sa fonction dans mon petit appartement, rien à dire, à voir dans la durée"
mel34,"5,0",4 mars 2019,"J'ai acheté cet aspirateur en urgence... L'ancien que j'avais, à sacs, étant tombé en panne brutalement ! Je me suis laissée tenté par cet aspirateur, sans sacs, malgré quelques aprioris... Ma soeur en avait un, de grande marque, et n'en était pas du tout contente...
Première impression à la réception, l'aspirateur est très léger...il me paraissait même fragile.
Le montage est très simple, facile, les explications vont à l'essentiel, pas de perte de temps.
J'ai été convaincue à la première utilisation. La puissance d'aspiration est au top. Je n'ai pas eu d'aspirateur équivalent auparavant ! Il est très efficace, sans faire trop de bruits. Livré avec divers éléments, il permet différentes utilisations. Je les ai utilisés pour nettoyer ma voiture, cela s'est avéré très utile.
Il est aussi très facile de vider le contenu de l'aspirateur dans la poubelle, il peut y avoir une ouverture par le haut ou une par le bas.
Les petits points à améliorer serait une longueur de câble d'alimentation pas assez longue à mon goût, un rangement dans le placard pas facile. Je suppose que le produit a été optimisé pour réduire le coût d'achat...
En conclusion, après un mois d'utilisation, utilisation quotidienne, je mets une évaluation très positive pour ce produit, qui est très efficace au niveau de son aspiration (testé sur du carrelage, des tapis moquette, du parquet flottant, les banquettes et sols de la voiture). Produit que je recommande."
Baladron,"4,0",20 août 2018,"mon aspi est mort, sauf que remettre 200e pour un objet de menage c'est au dessus de mes forces... et de mes envies!
j'ai trouvé ce petit aspi, reçu rapidement, il nous a suivi, vacances obligent, dans notre maison a la montagne.
il est bien... il a survécu a 3 semaines d'herbes folles, d'enfants, de chiens et de chat, a un gros nettoyage de la voiture (les accesoires sont pas mal) et depuis notre retour, il fait sont petit boulot quotidien.
pour le prix, je suis ravie"
Mercredi Addams,"5,0",4 février 2019,L'aspirateur est tut d'abord léger et maniable. Les roues sont pratiques car elles ne butent pas contre le fil mais passe facilement dessus sans l'écraser. La cuve est très bien pensé pour etre vidée sans en mettre partout. De plus elle a une bonne capacité (merci aux utilisateurs d'avoir répondu à ma question avant de l'acheter.) En effet notre appartement fait 90 m2 et nous le vidons après plusieurs utilisations. Puissance d'aspiration très bonne. Plastique solide de bonne manufacture. Par contre ne pas etre trop grand car effectivement la taille du manche au maximum n'est pas très grande pour une personne de plus 1M75. Sinon très bon rapport qualité prix.
Elodie Mercier,"1,0",3 septembre 2018,"Très déçu, il fait le bruit d'un camion mais n'en a absolument pas la puissance .... en gros la puissance d'aspiration est très proche de zéro ... renvoyé 2j plus tard ...."
Titi,"5,0",29 décembre 2018,"Je n'ai jamais été aussi agréablement surprise !!! A ce prix je m'attendais à devoir le renvoyer car pas puissant .... pas du tout !!! Il est bien plus puissant que le dernier que j'ai acheté a plus de 100€!!
Je ne regrette absolument pas mon achat car faible bruit (certes pas de bouton de réglage...), léger, une aspiration puissante mais qui cependant ne donne pas mal au dos car on peut le décoller du sol aisément !
Bref j'adhère complément merci Amazon !"
Arianna Marcello,"5,0",6 février 2018,"Je suis étonnée, memes performances qu'un aspirateur à 200-300€. Puissant, assez silencieux. Parfait!!! Je suis extremement satisfaite de mon achat!"
zaaaaaaam,"5,0",16 janvier 2019,"J'ai acheté ce produit après avoir acheté un aspirateur sans fil pour remplacer un aspirateur rouleau très ancienne génération qui a tenu plus de dix ans. Malheureusement le sans fil utilisé, m'a vraiment déçu car la batterie est passé de 20 minutes a 2 minutes en moins d'un mois et la puissance était ridicule.
Amazon m'a remplace l'ancien produit considéré comme défaillant, et j'ai voulu tenté la gamme AmazonBasics, et quelle surprise !
Rapport qualité tres bon, la puissance est suffisante pour un besoin ménager et quotidien, sans perte de puissance en 3 mois. L'aspirateur ne prend pas trop de place et est assez léger. Je recommande si vous voulez investir intelligemment dans des produits fiables."
Jean Jacques Benveniste,"5,0",12 octobre 2018,"J'ai utilisé cet appareil dans mon atelier. Il marche remarquablement bien, il est très puissant, le bruit est normal sans être excessif et il est particulèrement facile à vider.  Il est économique puisqu'une utilise pas de sac. Je recommande vivement cet article pour son excellent rapport qualité prix"
Nanou,"4,0",24 janvier 2019,"Il est petit, maniable, léger, il faut beaucoup moins de bruit que les aspirateurs de la gamme; Il convient dans mon appartement de 75 m2 sans que j'ai besoin de changer de prise à toutes les pieces; Sur carrelage niquel, sur tapis il fait le job mais il faut insister d'avantage, mais à sa décharge il doit absorber les poils d'un golden et d'un chat; Il fait ça très bien; Il se vide facilement et se reclipe tout aussi facilement Il se range dans un coin sans se faire trop présent; un des meilleurs achats que j'ai fait pour cette gamme de prix; A voir sur la durée;"
Lucie T,"5,0",16 janvier 2019,"Testé et approuvé ! Cet aspirateur s'avère être très pratique et agréable à utiliser. En effet, j'avais des aprioris sur les ""sans sacs"" car ayant eu précédemment de mauvaises expériences avec ce genre de modèles. Finalement, le ""sans sac"" s'avère être un point fort, il a un excellent contenant permettant d'aspirer une grande surface avant d'avoir à le vider, fini la galère de trouver les bons sacs. Il aspire très bien et surtout ne fait pas trop de bruit ce qui est très appréciable. Vendu avec plusieurs embouts, toutes les parties se décrochent et se raccrochent très facilement grâce au système de clips.
A voir maintenant à l'usure mais pour le moment je suis conquise et ne regrette absolument pas mon achat."
mum,"4,0",6 mai 2019,"Mon bon gros Dyson, acheté il y a plus de 20 ans a rendu brusquement l'âme (obsolescence programmée ;-) et j'ai commandé ce basic pour avoir très rapidement un aspirateur ""potable""  dans la maison sans me faire beaucoup d'illusions sur ses capacités. J'ai vite changé d'avis et attendu quelques semaines avant d'en faire part.
Livraison super rapide. Je déballe l'aspirateur : je passe sur l'effet d'avoir acheté un jouet et le fil riquiqui.
Mais, à l'usage (après avoir été chercher une rallonge électrique), ce modèle de poche n'a pas à rougir : il aspire fort, vite et bien et son petit gabarit et son poids plume se révèlent très confortables, surtout dans les escaliers.
Je n'ai eu aucune perte de puissance à signaler.
Bref, si les accessoires et les brosses étaient améliorés, même en doublant le prix, il mériterait 6 étoiles.
Car les accessoires sont assez mal adaptés à ""la réalité du terrain"" : les brosses ont vraiment les poils trop ras obligeant à les nettoyer très régulièrement. La petite brosse à main tourne de manière intempestive (j'ai mis un coup de vernis transparent pour limiter son mouvement, la buse type ""suceur"" se révèle trop courte et trop large pour aspirer la poussières des radiateurs.
Un rotateur entre le flexible et la poignée serait le bienvenu pour une maniabilité optimale de l'appareil.
Malgré tout, c'est un excellent aspirateur avec un rapport qualité/prix défiant toute concurrence."
Jourdan Elsa,"2,0",29 janvier 2019,"J’ai acheté cet aspirateur suite aux bons commentaires. J’ai préféré attendre de l’avoir utilisé plusieurs fois avant de donner un avis. A première vu il est très bien, léger, maniable, pas plus bruyant qu’un autre, efficace. Une légère odeur de plastique lors de la première utilisation mais qui s’est très vite dissipée. Cependant après quelques utilisations (malgré un bon nettoyage des filtres) il perd déjà de l’aspiration. Au final très décevant"
mestres paulette,"5,0",25 décembre 2018,"aspirateur léger  j'avais regardé les avis  vraiment au top pour moi
Je l'ai reçu en avance et avant Noel  le bruit il fait moin de bruit que mon ancien asti pour les sols durs super moquette aussi en un mot pour le prix il est comparable à un premier prix d'une grande marque beaucoup plus cher  ;Je recommande"
Bruno Bulteau,"5,0",21 septembre 2018,"Plus que conquise par le produit ! Rapport qualité / prix imbattable. De nombreux accessoires, aspiration très (très !) honorable, et contrairement à ce que j’ai pu lire sur certains commentaires, le fil n’est pas si court :) Seul bémol, le poids, mais c’est vraiment pour lui trouver un petit quelque chose à redire ! Merci Amazon ❤️"
Kirik Emie,"5,0",15 mars 2018,"Aspirateur parfait. Pas cher, peu bruyant et possède une forte puissance d’aspiration. Jamais déçu avec Amazon. Il est en plus très pratique car il est de petite taille."
Lilo,"4,0",13 janvier 2019,"Quand l’aspirateur de tes parents tombent en panne et que tu ne sais quoi leur offrir, fonce et offre leur  en un!  Le côté compact et léger de l’appreil sont un gros plus. Ajoutez à cela qu’il n’y a pas besoin de se prendre la tête sur l’achat et le changement de sac. On ouvre, on vide, on referme et le tour est joué. Par contre, il est dommage de ne pas pouvoir régler la puissance. Cela étant pour le prix il ne faut pas chipoter. Il fait son job est c’est bien tout ce qu’on lui demande."
Sébastien,"5,0",13 mars 2019,"J'ai choisi cet aspirateur parce qu'il est un amazonBasics et je voulais essayer.
Je l'ai reçu dans un colis standart d'amazon dans les délais annoncés.
Je trouve le design de cet aspirateur simple et sympa, on va à l'essentiel.
Seulement deux boutons, un pour l'allumer et l'autre pour le fil.
Il ne fait pas beaucoup de bruit, il est légers, il roule bien et surtout il aspire bien, aucun problème pour aspirer une pièce de 1 euro!!.
Plusieurs article sont fournis en plus de la brosse standart.
Le bac est facile à vider.
Je vous recommande cet article"
Kizu,"1,0",9 juin 2019,"J'ai suivis tous les coms et jme suis dis : rapport qualité prix imbattable jme lance !
Un aspirateur est sensé faire quoi ? Aspirer ? Visiblement pas celui que j'ai... après 1 an d'utilisation rageante je me permet de déposer une évaluation catastrophique ! Il aspire que dalle ! J'ai beau le démonter, nettoyer totalement, l'aspiration est nulle de chez nulle !!! Un potin de tous les diables pour que dalle, ben c'est terminé on ne m'y reprendra plus !!! Si vous voulez de la puissance et de l'aspiration passez votre chemin !"
Céline Kahouadji,"5,0",10 mai 2019,"Super contente de mon achat! Alors puissant, efficace sur tapis, carrelage et parquet, maniable, longueur du fil assez longue pour que je n’ai pas à la rebrancher 50 fois (c’était mon soucis avec l’ancien aspirateur d’une autre marque premier prix d’une grande surface). Avant ça, j’ai testé Dyson et Dirt Devil et soucis d’autonomie pour le premier et problème d’aspiration pour le second.
Je ne voulais pas investir un bras et être déçue alors j’ai tenté celui-ci. Ravie, à voir dans le temps - je posterai un nouveau commentaire si vous le souhaitez!"
alain,"5,0",7 août 2018,"Très content de notre achat. Beaucoup de points de comparaison avec notre Dyson mais beaucoup moins cher, plus silencieux et un peu moins puissant.
Un petit reproche : le fil d alimentation électrique est un peu court et nécessite une rallonge pour les grandes pièces."
loulou,"5,0",2 juin 2019,"Je suis ravie de mon achat. Aspirateur tout petit mais efficace ! Il se vide facilement, maniable et léger, plusieurs accessoires sont fournis Petits bémols: le cordon bien trop court, le rangement pas pratique car pas à la verticale et un peu bruyant à mon goût comparé à mon précédent aspirateur et enfin on ne peut pas régler la puissance d’aspiration vraiment dommage
A ce prix là c’est vraiment pas mal quand même
A voir sur le long terme avec un usage quotidien s il reste performant"
Sylvain,"5,0",1 juin 2018,Ce n'est pas un Dyson je vous l'accorde mais il a un très bon pouvoir d'absorption et ça je l'ai vérifié au premier coup d'aspirateur on voit tout de suite la différence avec le vieux cousins qu'on avait avant. Très bon rapport qualité-prix je ne suis point déçu
Guillaume,"3,0",4 avril 2019,"Bonjour,
Qui dit avoir un chat, dit fatalement avoir des poils partout sur vos tapis et canapé sans oublier les meubles. Mon précédent aspirateur a rendu l'âme et me voilà un quête d'un successeur. Comment ramasser tous ces poils (il n'y a pas que le chat) simplement et avec un budget modique ? Cet aspirateur remplit correctement sa tâche : simple et intuitif à l'usage pas la peine de lire un manuel et d'avoir fait bac+10 en gestion électronique. Du bruit ? Ça reste un aspirateur donc effectivement il génère du bruit mais qui reste correct en vue de la puissance exercée. J'ai des escalier et aspiré dans les escaliers quand on est dépourvu des muscles d'un bodybuilder c'est compliqué ! Oui mais il est léger alors mes maigres muscles ont pu aisément le traîné. Bémol très peu pratique pour les endroits exigus. Bref, aspirez bien :)"
Sofia,"3,0",16 janvier 2019,"Malheureusement il aspire pas bien malgré les références et détails indiqués sur le produit, du bruit et pas économe d’énergie."
Anne-Laure C,"5,0",12 novembre 2018,"Excellent, il a tout d’un grand et un tout petit prix. Parfait"
alexandra ,"1,0",19 mars 2019,Bluffée au début en ce qui concerne la puissance de l aspiration mais j ai rapidement déchanté au bout d'un mois...je ne fais que nettoyer les filtres tant l aspiration n est plus là...
Client d'Amazon,"5,0",12 septembre 2018,"Reçu ce jour même et testé dans la foulée puis ... approuvé ! Ayant un chat et un aspirateur balai, cet aspirateur à une très bonne puissance niveau aspiration et plusieurs accessoires très pratiques pour aspirer différentes surfaces. J ai commandé l'ancienne version et je le recommande totalement bon rapport qualité prix."
skywhisk,"4,0",14 janvier 2019,"Bon pour le prix j'étais vraiment septique, mais vu les commentaires, je me suis laissé aller, et je ne  regrette pas:
Très silencieux par rapport à mon vieux Tornado !!!
Aspire vraiment bien , sur sol dur, pas essayé sur moquette, le fil est assez long, le bac se vide simplement.
Par contre, la puissance n'est pas réglable, il n'y pas de rangement pour les accessoires.
Pour le prix - de 50 euros, c'est top !"
jos,"5,0",6 août 2018,"Je vais être court. Cet aspirateur est excellent. Très bonne aspiration, économique en énergie et en sacs car justement pas de sacs, bruit maitrisé.
Il en fait bien plus que des beaucoup plus chers."
Laurent,"5,0",17 octobre 2018,"Super aspirateur, j'en suis très satisfaite, il est petit, maniable, les accessoires livrés avec son pratique, l'aspiration est puissante et pas très bruyante.
Je recommande vraiment pour le prix je trouve qu'il est de grande qualité."
Marie-Christine Carbonnet,"4,0",11 février 2019,"Les avis m' ont incitée à  acheter cet aspirateur et je ne suis pas du tout déçue.  Léger  et maniable, très  facile à  vider et à replacer, contrairement à  d'autres, il se range dans un petit espace. Plusieurs brosses pour tout faire il aspire très  bien sur moquette et planchers. Je suis très  satisfaite et pense qu'il est de bonne qualité  et durera longtemps. On paie son efficacité,  pas son look tout simple. :))"
D.S,"5,0",2 avril 2018,"Alors j'eatais un peu perplexe vu certains commentaires et le prix, mais depuis plus d'un mois d'utilisation quotidienne je dois avouer que cet aspirateur est genial! Il aspire plus que mon ancien aspirateur karsher, super simple a vider et de tres bonne qualité!"
Client Kindle,"5,0",12 mars 2019,"Je lui met 5 étoiles, non pas parce aue c'est le meilleur aspirateur du monde ou que c'est impossible de trouvé mieux, mais parce qu'il correspond parfaitement à ce que j'attendais: un petit aspirateur pour nettoyer  de faible surface sans sacrifier le résultat ou me ruiner. Si comme moi vous cherchez un aspirateur pour un appart étudiant ou tout autre petit logement pas forcément en super état c'est un bon produit pas cher mais nettoye bien et se range facilement."
Client d'Amazon,"1,0",24 septembre 2018,Très déçus 3 semaines que j'ai le produit et celui fonctionne déjà plus
Laurine57400,"5,0",22 janvier 2019,"Super contente de mon achat ! Aspire super bien et avec le reglage de la puissance d'aspiration avec l'ouverture d'aeration cela est très facile d'utilisation !
Tous les accessoires livrés sont aussi très agréable d'utilisation.
Câble assez grand pour mon 50m2 !
Pour le moment rien à dire sur cet achat je suis ravi ! Et recommande !"
Client d'Amazon,"5,0",1 août 2018,"premier essai ce matin : produit tout à fait conforme à l'attendu, belle performance et silencieux. très étonné du rapport qualité prix, pas la peine de dépenser des centaines d'euros, très satisfait"
TRAN,"5,0",26 mai 2019,"J'ai hésité entre celuo-ci et un Philips, et finalement j'ai décidé de le prendre. Pour le prix, il est imbattable!! Aspire parfaitement. Plusieurs brosses pour plusieurs surfaces. Filtre lavable et très solide. Bonne puissance, je n'aurai pas besoin d'une puissance plus élevé. Longueur du fil est parfait pour moi, mais plus long aurait été toujours bienvenu. Bref, rien à repocher, je vous recommabde vivement!"
charlottesaidah,"5,0",13 janvier 2019,"Je suis maniaque et mon ancien aspirateur (Hoover) m'ayant déçu et lâché du jour au lendemain il fallait que j'en commande un nouveau rapidement ! J'ai commandé celui ci en me basant sur les notes et commentaires et je ne suis pas déçue ! Livraison rapide, léger, design, ne fait pas trop de bruit et très bonne aspiration (parquet, carrelage etc) j'en suis très satisfaite surtout au vu de son petit prix.
A voir dans la durée car je l'utilise presque quotidiennement"
alain,"5,0",7 octobre 2018,Je suis très satisfait de ce produit léger pratique je le recommande autour de moi
PHILIPPE E.,"5,0",3 décembre 2018,Fonctionne très bien. Facile à vider et à nettoyer. Pour ce prix c'est parfait.
virginie m,"4,0",20 mai 2019,J avais acheté un aspirateur balai le mois dernier (à priori une super promo - à 100e quand même) mais ça n aspirait rien. Je ne voulais pas remettre trop cher dans un aspirateur alors J ai commandé celui la. Il fait son job. Il est très léger. Très simple d'utilisation. Facile à vider et en plus sans sac. Niveau prix c est très compétitif !
Client d'Amazon,"5,0",21 mars 2019,"Franchement un aspirateur au top surtout vu son prix
Le bruit est plus que raisonnable et sa puissance d aspiration au top que ce soit sur les tapis parquet ou carrelage
Je ne regrette pas mon achat et le recommande les yeux fermés
Très bonne qualité
Facile d utilisation et d entretien
J’ai enfin trouvé un aspirateur qui me convient !!!"
Dorvault Malou,"5,0",10 mai 2019,"Alors avant j'avais un aspirateur.. Nul.
Du coup j'ai commandé celui là au vu des commentaires et je ne suis pas déçue.
Aspiration est très puissante et réglable, les embouts fournis avec sont geniaux et niveau bruit ça va. Le seul bémol c'est la maniabilité, il n'est pas compacte, il faut donc de la place pour le ranger."
One Punch Girl,"5,0",8 mars 2019,"Cherchant un aspirateur pas trop cher et un bon service client, j'ai opté pour celui-ci.
Poids léger, bruit correct, force impeccable pour mes besoins mais petit bémol sur la longueur du manche qui est un peu courte pour les grandes tailles.
A nettoyer après chaque utilisation afin de le préserver."
solvdwl,"5,0",23 mars 2019,"acheter comme premier aspirateur , les avis m'ont décidés, et je suis ravie
+prix très raisonnable  ( ce qui me faisais hésiter)
+aspire bien : parquet, moquette( embout et mode adapté ) ou carrelage
+ergonomique : manche avec longueur adaptable,  divers embouts, le câble se rentre intégralement dans l'appareil
- il faut très régulièrement vider le conteneur à poussières"
sebastien ribaute,"5,0",7 août 2018,Pour le début produit génial j avais un peux peur mais agreablement surprit a voir sur le long therme
Client,"5,0",20 février 2019,"Il ne fait pas trop de bruit , il est facile à utiliser , facile à vider , je trouve la longueur de prise suffisante et est parfait niveau aspiration ayant une chienne qui perd beaucoup de poils c'est appréciable et de plus il est léger et facile à manier et à nettoyer . Je suis pleinement satisfaite de mon achat ."
butch cassidy,"1,0",18 mars 2019,"Très faible puissance, n'aspire rien. Je déconseille fortement."
Marie,"5,0",18 avril 2019,"Testé sur parquet, tapis et moquette, vraiment un excellent achat pour un prix très raisonnable ! Le seul bémol que j'emets c'est la poignée pour le porter (lorsque je fais les escaliers) qui fait une sorte de perte de puissance à cause d'une espèce de prise d'air... Enfin c'est un petit problème auquel il faudra palier..mais je recommande malgré tout cet achat !"
Angelique ,"1,0",21 mars 2019,"Je déconseille fortement ce produit qui ne sert à rien ! Il n'aspire pas du tout ! Il pousse les saletés, et si vous avez un tapis ou des canapés à aspirer oubliez cet aspirateur ! Je suis extrêmement déçue ! Il va finir à aspirateur pour travaux."
Chris34,"5,0",5 juin 2019,"Agréablement surprise par la légèreté et l'efficacité de ce petit aspirateur sans sac(sur carrelage, lino, tapis et gazon synthétique). Assez silencieux, il aspire parfaitement même dans les coins. Après m'être ruinée dans des aspirateurs sans sac et sans fil qui ne fonctionnaient plus au bout d'un an et demi, ravie de mon achat économique.!  Malgré un fil assez court, si vous avez plusieurs prises dans une grande pièce, il suffit de débrancher / rebrancher pour poursuivre le ménage!"
RRG,"3,0",2 juin 2019,"J'utilise cet aspirateur pour mon appartement de 80 m2. Il est petit donc facilement maniable mais le fil est un peu petit donc il faut souvent changer de prise. Il y a plusieurs accessoires, mais les poils de la brosse sont trop petits à mon goût.  Il a une bonne puissance et le bruit d'aspiration est raisonnable."
Nicolas,"5,0",1 mars 2019,Aspirateur qui et arriver dans un gros carton bien emballé première utilisation il sentais un peu le chaud mais il et neuf donc c’est normal et je m’en sert tout les jours pour aspirer ma maison aucun soucis il aspire aussi bien les tapis que le carrelage et le parquet c’est nickel ! Facile à vider manche un peu petit mais ça le fait il suffie de le tenir plus haut et à deux main je le recommande
Client d'Amazon,"5,0",23 novembre 2018,"Aspirateur efficace, maniable bien mieux que des modèles de marques ""réputées"" à plus de 100 euros ! un seul bémol : le fil un peu trop court...mais il en vaut vraiment la peine !"
Mécontent,"5,0",27 avril 2019,"Utilisé sur du parquet moderne dans un appartement de 45 m². Fait le job. Fonctionne également très bien sur mes tapis (poils court).
Le seul soucis serait que le cordon est un peu court.
L'aspirateur est léger, maniable, l'aspiration est pas trop mal, le niveau de bruit est satisfaisant (après ça ne dure pas longtemps vu la taille de mon appartement)."
Vincent,"5,0",13 mai 2019,"Petit aspirateur  génial, il aspire très  bien, il est silencieux le son n est pas aigu comme certain de ces congénères . Très  facile d 'utilisation. Je le recommande. Il à  tout d un grand. Mon seul bémol serait la longueur  du fil, mais bon pour le prix je le trouve remarquable."
Samy.G,"5,0",15 mars 2019,"Exactement ce que je recherchais, il est petit (j'ai pris le 1L5), aspire bien, facile à déplacer grâce à sa légèreté, et je trouve le niveau sonore correct. Très satisfaite de mon achat, je recommande."
Gad,"5,0",27 décembre 2018,"aspirateur très pratique, pas de sacs , hygiénique car on peut le vider après usage , très efficace et maniable, bonne performance"
sinatra2,"4,0",16 août 2018,"Ne rien attendre d'extraordinaire. L'aspiration manque de puissance, mais ça peut aller quand même. Pour le prix, il ne fallait pas attendre plus : donc, on sait ce que l'on achète et cela peut suffire si l'on ne recherche pas la performance."
Mephisto,"4,0",1 octobre 2018,"Bon petit aspirateur. Matériaux de bonne qualité.
Il lui manque juste un peu de puissance pour être très satisfaisant"
Client d'Amazon,"4,0",1 juin 2019,"Aspirateur léger (le mien avait plus de 10 ans), bonne aspiration, ce modèle sans sac est très pratique c'est la première fois que j'essaie un sans sac. Il me semble que l'aspiration pourrait être meilleure mais compte tenu du prix il a un très bon rapport qualité/ prix.  Il est très léger et agréable à utiliser.  Je l'ai acheté en complément d'un robot aspirateur et du coup cest un produit idéal et pas cher ! Je recommande !"
Anne,"5,0",19 septembre 2018,"Utilisation dans un petit appartement, pour 1 résidence secondaire, aussi bien sur carrelage/lino que sur la moquette (je précise que j'ai un chien a poil long), peu bruyant, et ne prend pas de place ...
Je recommande"
Chloé,"5,0",28 février 2019,"Aspirateur parfaitement adapté aux petites surfaces de par sa puissance et la longueur de son câble. Livré avec plusieurs têtes différentes chacune adaptée à un type de surface (ex: tapis, plinthes, recoins etc.)
Je recommande pour le prix, à voir dans le temps."
Nicole M,"5,0",5 novembre 2018,"Cela fait plus d'un mois que j'utilise cet aspirateur qui correspond tout à fait à mes attentes, léger, silencieux, très efficace: facile d'utilisation, tous les accessoires s'adaptent très facilement, sans effort...c'est le meilleur aspirateur que j'ai acquis jusqu'à présent et pourtant un des moins chers...je recommande sans hésitation"
Client d'Amazon,"5,0",19 février 2019,"Aspirateur génial, utilisation quotidienne avec des animaux et enfant. Fait très bien son job, puissant et silencieux,  bonne prise en main, solide et de bonne qualité très simple d'utilisation et léger.  Je recommande."
Taboo,"5,0",16 février 2019,"Je cherchais un aspirateur léger, peu encombrant et peu gourmand en énergie pour l'utiliser à bord de mon voilier.
Je suis satisfait à tous points de vue. Le fait qu'il n'y ait pas à se soucier de trouver des sacs compatibles est un gros plus.
Il est arrivé parfaitement emballé et est doté d'une foule d'accessoires.
Je pense qu'il mérite ses cinq étoiles."
Client d'Amazon,"4,0",5 janvier 2019,Très bon aspirateur pour le prix petit hic le réservoir qu'il faut vider assez souvent car vite rempli et ralentit les performances de l'aspirateur
Davidoo,"5,0",10 janvier 2019,"Acheter en remplacement d'un LG qui a rendu l'âme, je ne regrette en rien l'achat.
Très silencieux, puissance d'aspiration confortable et facilité d'entretien."
Naud,"4,0",22 février 2019,"bon rapport qualité prix silencieux, ergonomique mais attention car manche un peu court pour les grands qui doivent se plier
perte d'aspiration quand on le porte par la poignée"
claurice,"5,0",18 avril 2019,"Pas une grand contenance dans le bac de récupération, pour une grande maison, il faudra le vider plusieurs fois.
Pas trop bruyant, point fort !
Bien dans l'ensemble."
Lecoq,"5,0",1 janvier 2019,Très bon produit ..... étonnant pour le prix
giraudeau,"5,0",10 janvier 2019,"Ce que j'aime : sa facilité d utilisation, la légèreté du manche, les divers types d'embouts, la longueur suffisante du câble, le design. Seul petit détail : puissance satisfaisante mais pas de possibilité de la regler"
FRED,"5,0",9 mai 2019,"Bien sûr, le truc fait du bruit (enfin pas trop), il est ""assez"" maniable... mais tout de même, rapport qualité prix : imbattable."
valière,"5,0",1 avril 2019,"c'est un cadeau pour une maman qui a 94 ans, il est pratique et surtout léger, elle en est très contente. C'est un achat très satisfaisant"
Lilie Bell,"5,0",14 avril 2019,J'ai reçu l'aspirateur dans le délai prévu et en très bon état. Il est très fonctionnel sans faire trop de bruit avec une bonne puissance et le câble d'alimentation est suffisamment long. Pratique avec ses nombreux accessoires qui peuvent être accrochés sur la canne d'aspiration et facile à vider. Je l'ai utilisé pour ma maison et ma voiture. Je suis vraiment satisfaite de mon achat. À voir dans le temps...
TASSET M.,"5,0",4 juin 2019,"Très bon produit. Petit, léger, facile d'utilisation. Contrairement aux commentaires précédents, il ne reste pas collé au sol à cause de sa capacité d'aspiration. Efficace sur tapis, lino et escalier bois grâce à son kit brosses fournis. Pour le prix, il est vraiment top. Petit bémol quand on le porte, il fait effectivement un bruit qui rassemblerait à une fuite d'air. A voir dans le temps. Facile à vider. Je recommande."
sadio sow,"5,0",24 mai 2019,"Excellent produit pour nettoyer notre appartement
Pas cher et qui fait parfaitement le travail
Je suis vraiment satisfait de mon achat..je recommande"
xSimBaD,"5,0",18 avril 2019,"J'ai acheté ce produit pour mon futur appartement , aspire très bien , bien maniable , bonne grandeur pour ranger dans un placard , emballage rien à dire , tout fonctionne parfaitement , et surtout pour ce prix c'est donné !"
Fale13,"5,0",17 mai 2019,"Pratique, aspire fort ne fait pas de bruit excessif, et pour le prix ... est réellement une bonne affaire."
GAELLE,"5,0",18 mars 2019,"Je suis très difficile et ma première intention était d'acheter un rowenta.
J'ai voulu faire confiance à amazon basic surtout par rapport à mon budget limité.
Et je me suis dis c'est pour le ménage ça sert à rien de mettre aussi cher.
Au final je suis très contente de mon achat et si c'est à refaire je rachète amazon basic.
Livraison ultra rapide et carton en très bon état.........."
gauthier,"5,0",12 avril 2019,"appareil super performant, fonctionne tb, les différentes têtes sont très utiles et la puissance d'aspiration n'a pas diminué depuis que je l'ai acheté. Superbe !"
chouky86,"5,0",20 février 2019,"bravo;rapport qualité prix super,à ce prix rien à redire.je compte en racheter un autre pour l'étage de la maison.
je conseille cet achat sans hésiter."
Abkhar malika,"1,0",29 janvier 2019,Franchement déçue... aspire très peu
Marie,"5,0",9 avril 2019,"Un petit appareil digne des grandes marques , il ne paye pas de mine , mais le moindre espace aspiré  est un régal , sa puissance d 'aspiration est impressionnante,il prend peu de place,  il se vide facilement , je ne regrette pas cet achat.Et peu cher !"
PascalePB,"4,0",9 mars 2019,Très bien notre maison fait une centaine de mètres carrés et nous n’avons pas besoin de le vider plusieurs fois avant d’avoir fini malgré les poils laissés par nos 2 chiens. Très satisfaite de cet achat pour lequel j’avais des réserves concernant le prix
Corentin,"4,0",23 mai 2019,Manque un peu de puissance d'aspiration. Pas de possibilité de le ranger droit avc le manche accroché. Le système d'accroche des accessoires n'est pas pratique. Mais il ne faut pas oublier que c'est un petit aspirateur et qu'il fait le job pour le tarif !
Enel Laura,"5,0",23 avril 2019,Je suis très contente de mon achat. Il est léger aspire très bien et est facile d'utilisation.
Boussard,"4,0",30 septembre 2018,"Utilisation régulière pour toute la maison très efficace , seule bémol fil légèrement trop court ."
JG,"5,0",10 mai 2019,"Silencieux, aspire correctement et vidage rapide, bref ça remplit bien les fonctions, Efficace."
Soso7764,"5,0",8 octobre 2018,"Bonne article avec beaucoup d’accessoires .
Aspire bien bruit supportable
Aspirateur dans sac pratique
Maniable"
FERNANDEZ,"5,0",15 avril 2019,"Fonctionnement correct, niveau bruit tout à fait raisonnable,maniabilité et taille impeccable"
Client d'Amazon,"1,0",30 avril 2019,On peut pas régler la puissance et celle ci est très faible
Lacroix,"5,0",25 janvier 2019,cet aspirateur est parfait sur tous les points de vues... à acheter sans hésitation
Client d'Amazon,"5,0",25 décembre 2018,Merci Amazon. Bon produit
PierrotBlack,"4,0",9 septembre 2018,Bien pour une petite surface et un usage quotidien. Bon produit
Hadrich,"4,0",2 avril 2019,"Un peu dubitatif au début mais il fait le boulot comme un grand.
Pour l'instant après quelques semaines de test tout fonctionne et il ne perd pas d'aspiration.
Bref le rapport qualité prix est imbattable.
Merci Amazon ;)"
serena,"4,0",7 mars 2018,"Un très bon aspirateur, excellent  rapport qualité / prix
À voir dans la durée mais pour l'instant RAS
Je le recommande"
Laure,"5,0",30 novembre 2018,"Nickel pour un petit appart.
Pratique et facile d'utilisation."
Bruno ,"5,0",25 février 2019,L’aspirateur c’est un super bon produit il aspire impeccable qualité super prix intéressant
Julie Dallois,"5,0",18 avril 2019,"Cela fait un petit moment que je l'utilise. Je suis ravie pour le prix que je l'ai payé. Il fait moins de bruit que tous ceux que j'ai pu acheter auparavant, il est très maniable, il aspire très bien, aussi bien sur mon carrelage que sur mes tapis, le reservoir se vide très facilement. Il est parfait. Seul petit bémol, il prend un peu de place."
Fabi,"5,0",13 mars 2019,"Super léger, aspire très bien et va là où c’est difficile d’acces sous la table basse, lit et même les toilettes !!! Comme quoi les grandes marques sont cher et pas plus performante. J’en ai fait l’expérience et me suis laissé tenter par tous ces commentaires positifs et je ne le regrette pas 😊"
Client d'Amazon,"5,0",22 août 2018,"Cet aspirateur est juste fantastique, léger, on voit que les materiaux sont de qualité ! Super rapport qualité prix, tous les accessoires sont là ! Bravo à amazon !"
Françoise,"5,0",2 février 2019,"En août 2018, je l'ai payé plus de 10 euros de plus qu'il ne coûte aujourd'hui. J'en suis très satisfaite, cf. les commentaires positifs déjà publiés: je les partage tous. Reste à voir ce qu'il donne sur la durée. Je fais partie des gens qui entretiennent et soignent méticuleusement le matériel. A recommander de toute manière."
Julien,"5,0",12 février 2019,Puissant et silencieux. Je suis très agréablement surpris par ce produit Amazon ! Ne pas hésiter ...
myriam,"4,0",13 février 2019,"Acheté en appoint quand je n ai pas envie de sortir mon gros aspirateur,je ne me sers en fait que de celui ci !! Léger. Performant.le vider le nettoyer tout est facile et rapide. 2 bémols toutefois: perd sa puissance quand on le porte (escaliers) et câble trop court. Mais j en suis tout de même très contente."
stephane,"4,0",15 janvier 2019,"Le produit est vendu comme ""Extraordinairement silencieux"", sauf qu'il est aussi bruyant qu'un aspirateur classique. Déçu sur ce point.
Pour le reste, il semble être très bien après l'avoir rapidement testé."
Cleenewerck,"5,0",16 mars 2019,"Tres bon produit, aspiration puissante, compact et peu bruyant. Seul defaut: le bac se decale un peu lorsqu on le promene par la poignee. Sinon cela vaut vraiment le coup."
Amazon Customer,"5,0",24 mars 2019,"Compact, pratique, léger et de nombreux accessoires. Cet aspirateur est un excellent rapport qualité prix !"
Elsa,"1,0",16 mars 2019,Très mauvaise aspiration après à peine 2 mois d'utilisation.  Je ne recommande pas.
Lou,"5,0",28 mars 2019,Aspire bien facile à nettoyer seul bémol il ne peut pas être utilisé à la main car il se décale légèrement au niveau du socle
a.d,"5,0",13 avril 2019,"recu l article en seulement quelques jours, neuf dans le carton et tous les accessoires,fonctionne tres bien,la petite odeur vient de la premiere utilisation,et apres fini,au moins ses du sur ses du neuf,je recommande ,reste a voir la durée de vie mais je pense plusieurs année .comme le dernier bas prix que j ai acheter a duré 8 ans,encore merci"
Client d'Amazon,"4,0",6 août 2018,"Super pour mon canapé en micro-fibres. Petit, léger, fonctionnel."
véronika,"5,0",27 janvier 2019,"Pour un ménage quotidien avec les poils de mes animaux cet aspirateur fait son t'affiche sans me cassé les oreilles, seul bémol c'est pour le ranger"
Orlimini,"5,0",23 mars 2019,"Fait bien son travail, bonne aspiration, pas trop bruyant et très facile à utiliser en effet le bac à poussière est facile à retirer et à vider.
En plus fournit avec des acccessoire !
Pour un prix très correct !"
Cmi,"5,0",17 mars 2019,"Un petit aspirateur au top .
Il fait très très bien le job . Peu encombrant. Facile à transporter .Long fil qui disparaît pour le rangement Transparence du réceptacle . Facile à vider . Facile à nettoyer . .puissance d aspiration tout à fait correcte  .
Plusieurs embouts et deux têtes plates . Peu bruyant . Que demander de plus ???"
A.H,"5,0",7 avril 2019,"Merci aux autres commentaires.
Satisfait de cet aspirateur."
Oumou,"2,0",26 janvier 2019,"Bof, n'aspire pas bien et  le manche est très court je le déconseille à toute personne mesurent plus de 1 m 50. Fait mal au dos après l'inspiration. Bref je ne le conseille pas."
MROUMBABA,"4,0",2 juin 2019,Bon produit dommage on ne peux pas mesurer la vitesse
darkdad,"5,0",8 mai 2019,"Acheté pour remplacer un Dyson car Me est partie avec , je peux vous dire que cet aspirateur fonctionne très bien, voire très très bien aussi bien que le DYSON , efficace  en un seul mot !"
Ustase Amandine,"5,0",3 septembre 2018,Très bon aspirateur pour le prix aspiré très bien et complètement démontable pour le laver à l’eau.
Marielis,"5,0",27 novembre 2018,"Je suis très contente de mon achat, bon qualité, un peu bruyant mais normal comme les aspirateurs basiques, très bon qualité prix"
vanderstocken,"5,0",27 avril 2019,Parfait comme sur la photo merci beaucoup.
alison justvirtuel,"4,0",7 février 2019,"Attention , cet aspirateur est minuscule ! Néanmoins il fonctionne bien"
Customer,"5,0",28 janvier 2019,"Livraison rapide comme d'habitude - petit aspirateur maniable, pratique, complet, plutot silencieux et bonne aspiration.
A voir sur la duree mais pour le prix . produit imbattable.
Satisfait de la commande et ravi d'avoir suivi les commentaires positifs qui se sont reveles justes."
Maxime G.,"5,0",4 février 2018,"Je cherchais un petit aspirateur sans sac et celui d'Amazon rempli parfaitement la fonction et pour pas trop cher.
Il est fourni avec 4 embouts selon la surface à aspirer; par contre les embouts de mon précédent aspirateur (dirt devil)
ne sont pas compatibles, ceux de l'amazon ont une ouverture plus grande.
Facile à vider, d'après le manuel il semble complètement démontable pour le nettoyage ce qui est un vrai plus
je trouve, pas encore testé cependant.
Niveau aspiration, pas de problème à signaler, ça aspire très bien (parquet et carrelage);
pour 110 m² de surface, je suis loin de remplir le réservoir de 1,5 litre
et vu la facilité de vidage, je ne regrette pas d'avoir choisi ce modèle.
Pour le bruit, dur de juger, mais perso je trouve que c'est correct, dans les tons graves.
Très heureux de tomber sur ce produit alors que je pensais devoir dépenser une centaine d'euros pour un cyclonique.
A voir sur le temps mais pour l'instant, je suis satisfait de mon achat."
solaris,"5,0",4 mars 2019,Très bon aspirateur aspire très bien pour un prix bas
Michel,"5,0",4 juin 2019,Niveau bruit c'est moyen. Compact et bien maniable. Bon achat.
guillet romain,"4,0",25 janvier 2019,"4 mois d'utilisation : pratique, aspiration correct, assez bruyant, évacuation des déchets facile.
Convient pour la poussière et les poils.
Aucun rangement prévu pour les accessoires, câble un peu court.
Bon rapport qualité/prix. Je recommande pour une utilisation dans un petit appartement."
jean daniel ricaud,"5,0",19 février 2019,Cet aspirateur est très efficace; excellent rapport qualité prix; produit à recommander vivement.
stef,"4,0",5 mai 2019,"Bruyant mais petit, facile à utiliser et à ranger, très bonne aspiration"
ROZINSKI,"5,0",2 février 2019,Trés bon aspirateur. Il est aussi puissant qu'un aspirateur à 200-300 euros ! Je suis très contente de mon achat. Seul petit bémol : je trouve le manche un poil trop petit pour mes 1m75 mais cela faisable quand même. Trés satifaite du rapport qualité-prix.
Chlou,"4,0",28 mai 2019,"Habitant dans 45m2 il me fallait un petit aspirateur maniable et peu bruyant et j'ai trouvée celui ci est parfait maniable dans les coins, le cordon assez long et surtout une bonne aspiration.
Le fait qu'il soit sans sac est encore plus pratique. Pour le prix je recommande vraiment."
Leborgne,"5,0",14 mai 2019,Pour aspirer toute la maison
H.T.,"2,0",14 septembre 2018,Requiert d’être vidé trop souvent/ Pas assez puissant (poils chats)/ Peu fonctionnel
ASTRUC,"5,0",10 mai 2019,"Bonne prise en main, les emboitements par clic ne sont pas mal , mais ne permettent pas de tourner le tuyau d'aspiration qui est un peu rigide, fil raccordement électrique trop court, sinon qualité prix correct."
Client d'Amazon,"4,0",24 février 2019,"Excellent produit (léger, efficace, facile à nettoyer).
Seul bémol, je trouve le file d'alimentation un peu court."
Roulianita,"4,0",27 mai 2019,"Fais le job ! Très compact. La puissance d'aspiration est top. Rapport qualité / prix génial.
Seul bémol le manche télescopique qui n'est pas très grand. Je mesure 1m70 et je suis un peu courbée pour l'utiliser.
Nettoyage hyper simple.
Je recommande"
Client d'Amazon,"1,0",6 septembre 2018,"Pièce manquante, filtration défectueuse."
B.Stephanie ,"5,0",15 avril 2019,Parfait pour le prix. Je recommande 1000 fois
Amandine,"5,0",28 mai 2019,Correspond bien à l'article
Pascal Banken,"4,0",10 mai 2019,"Un aspirateur compact silencieux et puissant et pas chère
Avec plusieurs brosses pour aspirer partout"
Client d'Amazon,"4,0",1 septembre 2018,"Aspirateur facile d entretien. Plusieurs brosses à disposition, C est très pratique. Aspire très bien surtout les poils de chiens.
Rapport qualité-prix très bien."
Client d'Amazon,"5,0",13 mars 2019,Cet aspirateur est parfait.
Maude,"5,0",4 juin 2019,Bon rapport qualité prix. Fait un peu de bruit mais ce n'est pas dérangeant pour ma part. Il est léger et facile d'utilisation
Client d'Amazon,"5,0",19 février 2019,"léger, facile à utiliser. aspire bien pour les objets généraux. accessoires complets fournis dans le colis.
Pour le moment je suis satisfait. qu'utiliser pour 3-4 fois, marche bien,  à voir dans la longue terme."
Sousou,"4,0",9 février 2019,Très bien merci
Chezlulus,"5,0",4 mars 2019,Parfaitement conforme aux attentes
deborah,"5,0",12 mars 2019,Parfait fait un peu de bruit sinon très puisant je pensais pas
mba,"4,0",11 novembre 2018,"Agréablement surprise, très bonne aspiration et léger par contre un peu bruyant mais bon le prix reste très attractif."
CHERY,"5,0",21 mars 2019,"Tres etonnee pour un aussi petit prix, pour le moment c'est parfait! ArriV rapidement, bruyant par contre mais vu le prix ca va, mais aspire tres bien, tres maniable et surtout tres legé, on adore !"
castel,"5,0",11 juin 2019,Je devais changer d'aspirateur. Je me suis fié aux bons commentaires de ce produit.il est puissant avec plein d'accessoire je ladore
Poulain Valerie,"4,0",5 avril 2019,Compact il aspire vraiment bien il est très puissant et léger facile d’utilisation je ne regrette pas mon achat
Yehi 770,"5,0",25 avril 2019,"Parfait
Répond très bien au 50€ demandé!!!!
Rien a dire.
Dire qu’avec un Âne on peut faire un cheval de course c’est fou!!!!"
Can-Huseyin,"5,0",16 mars 2019,"Excellent aspirateur, pris pour ma femme a ce prix la il n'y a rien a redir tout les accessoires sont présent, compact, pas très bruyant et classe A.
Je donne 5/5 car je trouve que c'est un excellent produit rapport qualité/prix"
Flamant Mathilde,"5,0",10 mars 2019,Super rapport qualité prix! Petite et léger il aspire super bien et se range facilement.
christelle mellal,"5,0",8 avril 2019,Génial
vanessa,"3,0",27 avril 2019,Contrairement aux remarques que j'ai pu lire il est loin d'un dyson. Faut pas avoir de la moquette sinon la puissance est insuffisante
Client d'Amazon,"4,0",8 février 2019,"l'aspirateur fonctionne très bien, puissant, cordon d'une longueur tout à fait convenable. effectivement il pourrait être amélioré sur différents points mais à ce prix et niveau d'aspiration difficile de se plaindre"
Azerg Amine,"5,0",31 mai 2019,"Je viens de recevoir l'aspirateur et je suis très surprise de sa puissance d'aspiration.
Il ne fait pas trop de bruit le fil est assez long. Très bon rapport qualité prix. Je recommande à 100%. Maintenant à voir avec le temps"
Kali,"5,0",29 mars 2019,Aspirateur parfait !!! Je n'aurais jamais pensé vu le prix je suis étonné moi qui ai un chien qui laisse des poils sur le canapé un coup d'aspirateur et tout disparaît! Discret et efficace que demander de plus :)
Katy,"4,0",10 février 2019,le réglage de la puissance d'aspiration n'est pas possible
Raphaël,"5,0",4 mars 2019,"Aspire très bien, se nettoye très facilement. A ce prix là, pas besoin de réflechir si vous avez besoin d'un nouvel aspirateur."
Jerome OUDOUL,"4,0",9 mars 2019,"Léger et compact, fait le job pour un prix réduit.
Pas de variateur de puissance.
A noter que quand on le soulève par la poignée, cela crée un espace qui fait perdre un peu d'aspiration.
A voir sa résistance dans la durée."
CycyFlo,"5,0",17 février 2019,"Pratique et qui vaut bien une grande marque ... facile à monter , nettoyage rapide et fonctionnel. Rien à dire de négatif sur cet achat ."
Client d'Amazon,"4,0",12 mars 2019,"Très satisfaite de ce produit, j’étais retissante de commande de l’électroménager sur Amazon mais je suis très conquise ! Il est léger, aspire très bien et fait moins de bruit que mon ancien donc parfait !"
leroy christine,"3,0",21 mars 2019,"petit aspirateur pour mini surfaces! pas très puissant, surtout lorsqu'on a 3 chats!!!!!
en attendant un plus gros, il fera l'affaire, mais ...."
Oliv,"4,0",30 mai 2019,Fil un peu cour
Viane,"5,0",5 mai 2019,"Aspirateur léger, bonne aspiration. l
Le tuyau flexible manque un peu de souplesse et le tuyau  rigide un peu court.
Ce qui ne m'empêche pas d'être satisfaite de mon achat.
Je conseille cet aspirateur !"
Client d'Amazon,"5,0",3 mai 2019,"De très bonne qualité par rapport au prix. Il aspire très bien, rien à redire."
Duong Chung-Hieu,"4,0",17 avril 2019,"Le tout est presque parfait juste ça maniabilitė, il suffit de tirer un coup moyens et l'aspirateur se trouve la gueule à terre. La stabilité du produit est à revoir, mais a ce prix vraiment correct."
Yadou,"5,0",23 mai 2019,Merci
Joachim Lydia,"5,0",24 avril 2019,Fait le travail demandé. Très bon rapport qualité/prix
Client d'Amazon,"4,0",17 mars 2019,Sa va pour les petits tapis
Laurie,"4,0",11 avril 2019,"Le balai est un peu petit mais le reste est nickel, je recommande"
Alia ,"1,0",15 février 2019,Nul il c’est casser en même pas 2 jours
Client d'Amazon,"5,0",9 avril 2019,Pas déçu
Estier Thomas,"5,0",3 mars 2019,Aspirateur petit et  va partout très pratique très bonne pression lors de l’utilisation de l’aspirateur à conseiller pour les petites surfaces .
Client d'Amazon,"5,0",6 juin 2019,"Fait son travail d’aspirateur pas cher du tout, efficace, aspire bien produit conforme aux attentes livraison rapide"
francois duprat,"4,0",30 mars 2019,Pour ma part je me sers de l'aspirateur tous les jours depuis que je l'ai acheté il y a aucun souci . En revanche il n'a pas assez de puissance . Juste suffisant !
Thomas franck,"1,0",19 février 2019,"Au bout de 3 utilisations, il ne fonctionne plus , pffff"
azinor,"5,0",22 mars 2019,Première fois que j'achète un produit de marque Amazon et j'en suis ravi. A noter la longueur appréciable du câble qui permet de ne pas avoir à brancher et rebrancher sans arrêt l'aspirateur.
Sebastien Grandmougin,"5,0",10 mai 2019,Vu le prix je me suis dit bon ca va etre un truc comme ca en attendant. Mais en fait plutot content ca aspire bien mais apres ce n'est pas du 1200 wath non plus mais assez top pour la maison
thierry,"4,0",6 mars 2019,"bon rapport qualité prix, j'espère qu'il tiendra sur la durée"
Pedreira Mendia,"4,0",4 avril 2019,Produit acheté pour la nouvelle maison . Très léger . Très peu bruyant mais seul bémol : il manque un peu de puissance à mon goût .
stross,"3,0",16 mars 2019,Il est bien mai pour son prix il est pas extraordinaire. Le fil est pas près long  c'est pas le genre d'aspirateur qui va coller au sol. Il es très léger
Agnès C,"5,0",16 avril 2019,"Petit, maniable, bien équipé en accessoires... comme un dyson mais pas.au même prix !"
Fyejumpy ,"4,0",2 juin 2019,"Changement d’un vielle aspirateur. Aspirations et bruit nickel. Peut être le câble un peut court et le réceptacle qui se rempli rapidement.
Sinon ok problème produit de très bonne facture."
Lecuyer,"5,0",2 avril 2019,"Aspire la maison le boulot la voiture, ne fait pas de bruit
A ce prix là, cest une affaire"
Client d'Amazon,"5,0",14 février 2019,"Très bon rapport qualité prix , et justement pour ce prix il aspire très fort , il est très pratique  , je le conseille  par rapport à d autre beaucoups plus chère"
Caroline,"5,0",30 janvier 2019,Excellent aspirateur qui n a rien à envier à ceux des grandes marques coûteuses et pas tjrs efficaces. Celui ci est top ! Je le recommande car excellent rapport qualité prix.
anonyme,"5,0",25 mai 2019,"Cet aspirateur est parfait pour un studio ! Il se range facilement et aspire bien les tapis.
Je recommande !"
barrau   georges,"4,0",10 mai 2019,bonjour  rien  à signaler  voir  à lusage
Nick38,"1,0",12 mars 2019,"L'aspirateur a bien été livré dans les délais, mais malheureusement inutilisable car la coque est cassée et les fils du moteur apparents. Dommage !!!"
David,"5,0",29 août 2018,"Pour un appartement de 75 M2, cet appareil est parfait, peu bruyant et très efficace. Il est fourni avec plusieurs accessoires et il peu encombrant. Le rapport qualité prix est excellent."
Diddine,"5,0",5 juin 2019,"J'ai acheté  ce produit pour une petite surface(48m2).Très bon rapport qualité prix,
L'aspirateur aspire aussi bien que les grandes marques. A voir maintenant sur la durée."
tevi-benissan,"4,0",4 octobre 2018,"Très correct pour son prix. Peu bruyant, aspire bien et compact, pas encombrant.
Câble d'alimentation un peu court"
Lailaine,"5,0",19 février 2019,Bonjour je viens de recevoir mon aspirateur je suis contente de mon achat pour l instant il aspire bien ne fait pas trop de bruit léger et très beau et beaucoup accessoires
Mulhauser Alexis,"5,0",25 août 2018,"Cet aspirateur fait très bien le travail pour pas cher.
Léger, assez solide et suffisamment puissant pour tout type de sol."
aurelie lucas,"5,0",10 mai 2019,"bonne qualité prix , vider le bac et nettoyer  régulièrement les filtres et vous n’aurez Aucun problème d’aspiration .
Je le recommande pour les petits appartement."
DUGELET,"4,0",14 janvier 2019,"Aspirateur très léger ,maniable,assez puissant pour sa taille,
Produit à recommander a d'autres  personnes"
Client d'Amazon,"4,0",10 mai 2019,Très satisfaite / bon rapport qualité prix/ se démonte facilement pour enlever la poussière. A voir sur la durée
Client d'Amazon,"4,0",17 septembre 2018,Super rapport qualité prix petit et leger il est tres fonctionel. Peut etre un peu bruyant mais bon pour le prix...
Rosemary Jarvis,"5,0",21 mars 2019,Parfait pour mon usage.
Kaymar,"4,0",7 mai 2019,"vu le prix !!!! SUPER
puissant et efficace  MERCI ."
Aurélie D.,"5,0",26 avril 2019,"Fonctionne bien, j'ai été surprise par sa petite taille et sa légèreté du coup nous qui avions un vieille aspirateur..."
Amal Amal,"4,0",8 mars 2019,Reçu rapidement. fait l'affaire pour nettoyer moquettes et parquet. je ne l'utilise pas depuis longtemps mais je suis satisfaite pour l'instant.
rouille christophe,"4,0",27 mars 2019,"Puissant , léger, fait son boulot, pour le prix très comptant."
Elista,"2,0",8 avril 2019,"Aspirateur très bien sur beaucoup d’aspects, hormis la longueur du tubes métal, il est trop court, donc pas pratique pour les personnes de taille moyenne."
Alexandre,"5,0",4 décembre 2018,Vraiment bon produit d'Amazon !!!!!! Pratique pour un 70m² avec un chat.
Client d'Amazon,"5,0",21 mars 2019,Outil adapté notamment pour les petits espaces. Contente de mon achat
Barnes90,"5,0",17 mai 2019,"Pleinement satisfait pour l'usage que j'avais à en faire: silencieux, maniable et efficace sur parquet bois."
Valou,"5,0",7 janvier 2019,"Aspirateur pratique et léger, sa puissance est très satisfaisante et son prix est plus qu'appréciable.
Je recommande ce produit sans hésitation."
SILVESTRE,"4,0",20 mars 2019,"Super efficacité. Attention toutefois, le cordon est un peu court et le manche amovible petit"
Hicham,"4,0",15 septembre 2018,Un très bon aspirateur à petit prix.
Client d'Amazon,"4,0",21 septembre 2018,"je ne suis pas déçu: il fait très bien sa fonction, je m en serre même pour la voiture pas encombrant.il fait moins de bruit que mon ancien aspirateur .très maniable."
Lefèvre Laura,"5,0",4 avril 2019,Produit offert à Noël. Un papa ravi car léger et plus pratique
yattara,"5,0",3 février 2019,excellent
coco,"5,0",25 avril 2019,Super aspirateur bon qualité prix
Jlete,"4,0",8 décembre 2018,"Très bonne puissance d’aspiration
Incroyable
Mobile et léger... super"
Ju,"5,0",6 septembre 2018,Au top ! Reçu aujourd’hui et premier essaie. Aspire super bien fait peu de bruit ! Un super aspirateur pour ce prix ! Pratique et léger
LD93,"5,0",18 avril 2019,"Très satisfaite de mon achat, beau design, hyper efficace, long câble, plutôt silencieux par rapport à d’autres aspirateurs de ce type."
binet,"4,0",29 mars 2019,"Agréablement surpris par sa puissance et sa qualité sonore
Je recommande"
Client d'Amazon,"5,0",2 avril 2019,"Facile d’utilisation, beau design, aspire très bien"
Alaïs,"5,0",6 juin 2019,"Bonne aspiration, léger, sans filtre, je recommande"
Qgyt ,"5,0",13 mars 2019,Très bon produit et ne prend quasi pas de place
Laure,"5,0",10 octobre 2018,"Vraiment satisfaite de ce produit. Aspire très bien, plutôt léger et pratique à vider."
Client d'Amazon,"5,0",16 novembre 2018,Impressionnant pour ce prix
Christophe,"4,0",12 avril 2019,"Très bon rapport qualité prix, cet aspirateur est parfait pour les petits espaces type studio. Il fait le travail sans problème."
Client d'Amazon,"5,0",18 mars 2019,"J'adore,  jai remplacé mon aspirateur balais, pour celui-là et j'en suis satisfait"
romeo munoz lagos,"5,0",10 février 2019,"Genial, tres puissant leger et peu bruyant"
Florence,"5,0",29 janvier 2019,"Très bon rapport qualité prix, l’aspirateur est top, léger, puisant et il ne fait pas beaucoup de bruit, très contente 👍"
eric auburtin,"5,0",10 octobre 2018,"léger, bonne aspiration, manche rétractable pratique, contente de cet achat."
Client d'Amazon,"5,0",23 janvier 2019,très contente niveau bruit au top et aspire très bien
Pascal Ternois,"5,0",25 mars 2019,Petite surface largement suffisant !!
Client d'Amazon,"5,0",4 mars 2019,Produit parfait pour petit appartement ! Très léger et économe on l’adore!
Client d'Amazon,"5,0",9 janvier 2019,"Dans l'ensemble cet aspirateur répond à tous mes besoins, toutefois le tuyau rigide est un peu court."
cedric collot,"4,0",15 février 2019,"Aspirateur léger et facile d'utilisation,dommage pas de rangement pour les accessoires"
hly,"5,0",19 mars 2019,"Très puissant, aspire tout, même les poils
Petit et pratique, facile à ranger"
julien,"4,0",8 mars 2019,"Aspirateur cylindrique sans sac, 1,5L, 700 W  Très bon produit et livraison rapide et peux bruit très content"
Rsaulais,"4,0",9 avril 2019,"Fait son travail correctement , bonne aspiration, assez léger et peu encombrant, je recommande"
Thomas,"2,0",13 mai 2019,très bon produit sauf le cordon qui est très court obligé de rajouter une rallonge pour ma maison de 100 m2
haider,"4,0",9 septembre 2018,Super aspirateur tres silencieux aspire tres bien contente de mon achat
Client d'Amazon,"5,0",21 février 2019,je recommande cet aspirateur il est très puissant et très efficace. Je le recommande à tous
MANUEL,"4,0",20 mai 2019,"En tous points fidèle à la description.
Je suis satisfait de mon achat."
Michelle,"5,0",10 mars 2019,"Aspirateur tres leger , peu bruyant, convient pour un petit appartement. Facile a utiliser et nettoyer."
Manon_dg,"5,0",21 août 2018,"Aspirateur conforme à la description.
Je ne regrette en rien mon achat. Bon rapport qualité prix."
Client Kindle,"4,0",11 septembre 2018,"Très bien je suis ravie de mon achat.
Il ne fait pas un bruit énorme et fait son boulot"
Vincent G.,"5,0",10 mai 2019,Dommage que le câble d'alimentation soit un peu court...
Latse,"5,0",10 mars 2019,"Que dire?
C"
"""reg98""","5,0",25 mai 2019,l aspirateur aspire  fort  vraiment étonné  facile a nettoyer  vraiment je conseil  pour le prix
Client d'Amazon,"5,0",11 avril 2019,Bon rapport qualité prix. Je recommande cet aspirateur
mickael tixier,"5,0",18 mars 2019,Bon rapport qualité prix.
Yann Tonnard,"5,0",12 septembre 2018,Parfait
Alyssa R.,"5,0",20 janvier 2019,"Très bon produit, plusieurs accessoires et facile d'utilisation"
Guerin,"5,0",8 mai 2019,"Super aspirateur, aspire très bien et facile à vider. Petit ne prend pas beaucoup de place."
Jérémy RIVES,"5,0",11 mai 2019,"Aspirateur puissant , petit et très silencieux . Je le recommande sans hésité"
ALAUZE Gaël,"5,0",25 décembre 2018,Excellent aspirateur pour le prix difficile de faire mieux !
Maëva,"5,0",5 janvier 2019,"Super rapport qualité prix ! Très puissant, parfait pour les tapis. Le fil est cependant un peu court."
Client d'Amazon,"3,0",9 mai 2019,Très fragile. Fonction plus aussi bien après une dizaine d’utilisation...
Fares,"5,0",25 avril 2019,Très bien contente de mon achat
Loïc Lemarinel,"4,0",13 février 2019,"Utilisé pour appartement en location. Très pratique, léger et maniable."
Elizabeth Cowell,"5,0",19 mars 2019,L’aspitâteur est très effectif. Très heureux.
Client d'Amazon,"5,0",26 février 2019,Super produit pour un prix défiant toute concurrence!!!
oksana,"5,0",27 janvier 2019,Je suis contente de mon achat et va commander encore une pièce pour ma mère. Merci
monique paulhan,"5,0",6 avril 2019,pour tous les jours nous avons un chien donc des poils il est tres bien
Kéna ,"5,0",9 avril 2019,"Super article ! Parfait pour les petits espaces.
Je le recommande"
Valérie,"4,0",20 août 2018,"Petit accessoire très petit, léger et efficace.Le fil est un peu court."
Brice,"1,0",9 mai 2019,mauvais produit
ROUQUETTE,"5,0",10 mai 2019,"Très maniable, aspiration efficace,prix plus que correct, parfait."
Client d'Amazon,"5,0",14 janvier 2019,petit prix et très bonne qualité en plus silencieux
wattecant,"4,0",24 janvier 2019,Bien reçu l'aspirateur j'en suis très satistisfaite je recommande
Lorna,"5,0",4 février 2019,"Très bon rapport qualité prix !
Aspire très bien, maniable."
wittig,"4,0",24 février 2019,"qualité prix très intéressant, bien équipé au niveau des brosses"
Client d'Amazon,"5,0",17 mars 2019,Vraiment très contente de mon achat
Client d'Amazon,"5,0",3 mars 2019,Rien à dire. Nickel.
Isswan,"5,0",17 mai 2019,Très bon  produit a recommander
ninie,"4,0",4 mars 2019,Ravi de mon achat
Alexandre Joly,"5,0",9 avril 2019,"Pour ce prix, c'est incroyable, Merci Amazon"
Ty,"5,0",26 mai 2019,Bon
Zaza,"3,0",10 mai 2019,Arrivée avec 1 roue cassée dommage sinon excellent produit
Johann,"5,0",22 mars 2019,Petit et design
gigi,"5,0",4 juin 2019,Très sastisfaite de mon achat de mon aspirateur sans sac
Robert Boon,"5,0",7 avril 2019,"entretien maison , est léger, puissant, un peu bruyant"
Client d'Amazon,"4,0",31 mai 2019,Il fait le taf sans prise de tête 😉👍🏾
Depasse,"1,0",2 mars 2019,Manque de puissance. Je ne recommande pas ce produit.
nicole fornelli,"4,0",21 mars 2019,appartement aspire très bien les sols.
France,"4,0",10 octobre 2018,Je suis satisfaite de mon achat
Client d'Amazon,"5,0",6 mars 2019,Bon petit aspirateur qui fait bien son travail
Client d'Amazon,"5,0",10 mai 2019,Parfait pour un espace restreint
gaetan flerin,"5,0",1 mars 2019,Satisfait de l'aspirateur pour le prix payer
Client d'Amazon,"4,0",11 mai 2019,"léger, relativement silencieux tb aspiration"
Sarah ,"5,0",7 octobre 2018,Super ok pour mon petit appart
frederic sellier,"5,0",5 avril 2019,Très bon rapport qualité prix
margot,"5,0",10 octobre 2018,Très pratique aspire parfaitement léger et petit ! Top!
Client d'Amazon,"5,0",10 mai 2019,Parfait pour le prix réglé.
FRANCOIS P,"5,0",29 janvier 2019,produit sans marque de très bonne qualité ....
Guirassy Mahawa,"5,0",8 février 2019,satisfaite de mon achat
aurelien ,"2,0",7 avril 2019,Aspiration très faible pour moquette
Client d'Amazon,"4,0",20 avril 2019,Elle aspire bien merci
nana62,"5,0",21 janvier 2019,seul inconvénient fil trop court
Client d'Amazon,"4,0",10 mai 2019,Maison
KIM YONGHUN,"1,0",19 mars 2019,Pire performance. Ne pas acheter.
Aya W.,"4,0",15 mars 2019,Je suis satisfaite de mon achat.
yakonyss,"3,0",24 mars 2019,Fil d’alimentation un peu court
Marion MARTINEZ,"4,0",10 mai 2019,Très contente de mon achat.
BERNARD,"5,0",9 juin 2019,SATISFAITE
karimax ,"5,0",15 mai 2019,Parfait 👍
Client d'Amazon,"3,0",10 mai 2019,Bon rapport qualité prix
 hélène,"5,0",21 septembre 2018,Utilisation quotidienne . Très bon achat
DUTRY SANDRINE,"5,0",26 mai 2019,parfait
Dufrien Karl,"5,0",2 juin 2019,Ras tb
choukroun serge,"5,0",10 octobre 2018,trés bon produit
Client d'Amazon,"5,0",10 mai 2019,Petit et pratique
Valérie,"1,0",13 avril 2019,Il n’aspire pas
Rigobert PONTIAC,"4,0",9 février 2019,Pour la maison.
Temag,"5,0",21 septembre 2018,Vraiment prarique et tres bien !
 maurice,"5,0",8 février 2019,très bon achat
Zehra,"1,0",23 décembre 2018,N’acheter pas !!!!! C nul a chier
jusuf jasari,"5,0",13 octobre 2018,Superbe
El Harchi,"5,0",1 juin 2019,Excellent
Delille Clément,"4,0",1 mai 2019,Parfait
Br,"5,0",31 août 2018,Maison
Client d'Amazon,"5,0",21 avril 2019,super
Joyce Blanco,"4,0",2 avril 2019,Bien
Buzon,"5,0",19 janvier 2019,Bon produit
Haulyvier,"5,0",10 août 2018,"Un très bon aspirateur à petit prix.
Je cherchais un nouvel aspirateur en dépannage et j’ai trouvé celui-ci.
De marque Amazon il n’est pas trop bruyant et pour le prix est très bien.
Seul bémol quand on le soulève par la poignée (en fonctionnement) il y a un petit défault d’étanchéité au niveau du réservoir."
Arnaud57050,"4,0",20 février 2018,En remplacement de mon Rowenta. Il est top. Juste un poil bruyant et câble un peu court. Je vous le conseille.
Client d'Amazon,"5,0",2 août 2018,"Franchement rapport qualité prix il est vraiment top petit , léger aspire très correctement je dirais juste le seul petit point négatif il est un petit peu dure à manier au niveau de la main car il est gros mais sinon acheter vous ne regretterez pas"
Client d'Amazon,"5,0",23 juin 2018,j'ai eu ce que j'attendais d'un vrai aspirateur pour pas cher c nickel il est tres puissant juste il faut le vider apres chaque passage.
KissBaToR,"2,0",10 décembre 2018,Cette aspirateur n'ai pas chers mais après l'avoir utilisé 5 fois . Une perte de puissance ce fait sentir . Pas fiable . et pourtant pas mal conçu car tout se démonte pas moyens que ca se bouche . Donc 2 étoiles pour le manque de puissance an a peine 3 mois . Très déçu
Julien,"5,0",23 mars 2018,"Très silencieux pour un sans sac. Et assez efficace, tout du moins suffisamment.
Je suis bluffé pour le prix. Je m'attendais à une grosse m****, j'ai finalement un aspi compact et efficace. Aucune raison de mettre plus cher, vraiment...
Juste un défaut, mais très commun chez les aspirateur: le tube a la facheuse tendance à se détacher de la poignée, c'est assez chiant."
Client d'Amazon,"4,0",19 août 2018,"Avec 3 enfants et un chat (lui qui perd ses poils, ma fille et moi qui perdons beaucoup de cheveux), dans un f3, autant dire que, depuis 1 mois, cet aspirateur a eu plus d'une occasion de faire ses preuves. Il n'a rien à envier aux grands. Très pratique (et rapide) à vider. Livré avec plusieurs brosses. Il est également très maniable (y compris pour mon petit dernier qui fait 1m50 les bras levés 😁).
À voir dans le temps."
Elo62100,"5,0",22 mars 2019,"Acheter pour une utilisation quotidienne, aspirateur qui ne prends pas beaucoup de place, adhère bien au sol et aux tapis, pas besoin de passer 36 fois pour aspirer, 1 seul passage suffis car très puissant, le plus c est la longueur de la prise qui mesure plus de 4.5 mètre  je n ai plus besoin de débrancher d 1 pièce à 1 autre, et pour finir il n est vraiment pas bruyant et c est le top car ma petite avait peur du bruit de mon ancien, mais là avec celui là elle joue avec. L aspirateur est de marque Amazon, pour la première fois que je prends cette marque, j en suis vraiment plus que satisfaite! Recommande  vraiment"
Lucas,"5,0",5 décembre 2018,"je faisais partit des sceptiques du fait d'acheter pour si peu cher... MAIS !
Pour un petit appartement cet aspirateur est impeccable !
Relativement peu bruyant pour une bonne force d'aspiration !
Petit bémol cependant, le balais est peut être un peu court pour les personnes de grandes tailles ! (ce qui peux donner mal au dos à devoir se pencher le temps du ménage)
Mais c'est un modèle compact, donc il fallait s'y attendre ;)
Et pour le prix... du coup vous pouvez y aller !"
C.Fifie,"5,0",10 janvier 2019,"Franchement vraiment pas déçue pour le prix
il aspire trop bien, vraiment puissant. il est léger et compact , le cordon est assez grand par contre le manche manque un peu en longueur ! Il y a des accessoires qu'on ne perd pas car ils peuvent être fixés au manche ! A voir dans le temps maintenant 😉
Je suis vraiment ravie"
MathieuC,"5,0",29 août 2018,Un produit de bonne qualité avec pas mal d’accessoires fournis dont une brosse matelas c’est appréciable. Le seul point auquel je m’attendais pas l’absence de réglage de la puissance d’aspiration.
Client d'Amazon,"5,0",9 avril 2019,"Très bonne qualité d'aspiration (appréciable notamment sur les tapis). J'ai une maison de 180 m2 et le réservoir n'est pas complètement plein quand j'aspire toute la maison. Facile à nettoyer, très léger (ne fatigue pas les bras), très maniable, niveau sonore tout à fait correct. Je le recommande sans hésiter vu le prix !!"
Zineb Elkhlifi,"5,0",11 juin 2019,Tres bien pour le prix
Mme Flores,"5,0",15 février 2019,Je l'ai utlisé pour nettoyer les tapis  et le parquet -- c'était excellent -- franchement incroyable!!!  Mon  seul  regret --- je ne l'ai pas acheté plus tôt.
Thomas,"2,0",19 avril 2019,"Malgré nettoyage, perte de puissance d'aspiration après 12 mois d'utilisation seulement.
Je ne recommande du coup pas cet article qui fonctionnait bien dans les premiers mois d'utilisation."
Jenjen,"2,0",26 mai 2019,Au départ il aspirait très bien depuis quelques semaines c'est devenu une corvée je passe 3x plus de temps à  essayer d'aspirer  le moindre truc . Et il n'a que 5 mois !
SDD Paris,"5,0",28 avril 2019,produits répond 100% à mes besoins!
Kaina farhat,"5,0",6 juin 2019,Au top
François,"5,0",8 février 2018,"Amazon ne cesse de m'étonner avec sa gamme de produit AmazonBasics dont cet aspirateur n'a de basique que le nom.
Il ne faut certes pas espérer la lune à ce prix mais c'est quand même une très bonne surprise. Les matériaux ne sont pas exceptionnels mais restent de très bonne facture.
Je trouve cet aspirateur plutôt ""silencieux"" comparé à certains, en tout cas le bruit n'est pas assourdissant et c'est tant mieux. En tout cas cet aspirateur est parfait pour mon petit appartement, merci amazon <3"
Client d'Amazon,"5,0",19 juillet 2018,"Excellent produit, plus silencieux et plus efficace en terme d'aspiration sur du parquet que mon précédent aspirateur (avec sac). Petit, maniable, son fil est toutefois un peu court. Il faut vider le réservoir tous les 200m2 a peu près, c'est raisonnable et très facile!
Le seul bémol réside dans la tete d'aspiration, qui ne veut pas rester en position parquet mais revient tout le temps en position tapis, c'est clairement défectueux. J'aurais pu demander un échange, mais j'ai utilisé ma précédente tête d'aspiration, plus fine, plus pratique pour passer sous les meubles, qui s'adapte sans souci.
Si cet aspirateur dure plus de 2 ans, il aura un excellent rapport qualité-prix!"
Jessica,"5,0",16 septembre 2018,"Pour un aspirateur avec un prix aussi mini, il est vraiment incroyable. Léger, simple à  utiliser, simple à vider et des accessoires en bonus. Aspiration très forte, silencieux. Prévoir une rallonge car le cordon est court. Supérieur à des aspirateurs bien plus chers. Bon, le matériel est léger et donc cassable, mais pour le prix, c'est normal, et puis, je ne m'en sert pas pour faire de la boxe !Pour le ranger, il y a une encoche qui permet d'attacher le tuyau à l'appareil, ou alors, vous enlevez les pièces pour gagner de la place, tout comme pour les autres aspi du même genre. J'ai un super aspi pour le RDC, mais j'en avait marre de le monter et descendre chaque semaine, j'ai donc acheté celui-ci pour les chambres (parquet), et après un passage, tout est très propre.  Très bon achat. Merci Amazon."
Renaud Bernard,"4,0",31 janvier 2019,"Agréablement surpris par cet aspirateur. Alors oui les plastiques ne sont pas flatteur à l'oeil, oui il n'y a pas de réglage d'intensité mais il fait le job, il aspire et bien en plus. Il est assez léger, fait moins de bruit que mon ancien aspirateur Philipe (76db). 2 bémols cependant, le manche est très court et pourtant je ne suis pas un géant (1m75) et il n'est pas possible de fixer le manche sur l'aspirateur quand il est rangé à la vertical."
edenel,"5,0",11 août 2018,"Épatant. Pour le prix, il est super bien. Léger, maniable, peu encombrant, très simple à utiliser, je ne vois pas quoi lui reprocher. Bravo Amazon basics, je suis ravie de cet achat et le recommande."
Client d'Amazon,"5,0",30 janvier 2019,"Léger,  maniable, se vide facilement et bruit très correct.
J'ai deux chats , aspire super.  Pourquoi dépenser plus ?! 🙂"
Fitmom38,"5,0",3 octobre 2018,"Je me suis rendue compte qu'acheter des produits de marque qui coûtent un bras, quand on les utilisent quotidiennent c'est de l'argent jeté par les fenêtres. Je suis agréablement surprise par cet aspirateur, excellent rapport qualité/prix : petit, compact, puissant, silencieux, plusieurs accessoires très utiles pour un nettoyage minutieux de la maison. Seul bémol : la longueur de la prise. J'ai une maison de 110m2 je change de prise 3 fois pour aspirer l'ensemble de ma maison. En ce qui concerne la contenance du réservoir, je le vide 1 fois par semaine en aspirant en moyenne 2 fois par jour avec les monstres qui mettent des miettes partout."
nancy,"5,0",10 août 2018,"C’est en lisant les commentaires que je m’en suis laissé convaincre et je ne suis vraiment pas déçue. Petit, léger et efficace, il a tout d’un grand. Passer de mon Dyson à celui-ci ne me pose aucun problème. De plus il se nettoye aussi complètement rien à lui reprocher. Pour son prix il est top. Reste à voir dans le temps"
Poncelet,"5,0",26 août 2018,"Vraiment, pour le prix, c'est un aspirateur parfait ! pas trop bruyant, facile à manier. Il vaut bien d'autres marques plus chères. Je le recommande vivement."
THVDC,"4,0",23 septembre 2018,"Cet aspirateur tourne tous les jours, sa puissance est intéressante, sa praticité moyenne en raison d'un fil électrique un peu court mais la finition d'ensemble est convenable et les embouts fournis sont pratiques.Petite perte d'aspiration quand on soulève l'appareil par la poignée liée à l'embranchement du tuyau sur le corps de l'aspi.Perte de 10 à 15%.
Si la fiabilité est démontrée alors il est très bien pour ce prix."
Dadou,"4,0",1 septembre 2018,"Très bon rapport qualité prix. Largement suffisant pour mon appartement de 45 m2. Nettement plus efficace que mon précédent aspirateur qui était pourtant d’un marque connue et plus cher.
Petit bémol la taille du tuyau qui est un peu court selon moi donc qui force à être courbé pendant qu’on passe l’aspirateur et pourtant je ne fais que 1,64 m."
debali,"4,0",27 mai 2019,"Aspirateur bien efficace pour le prix. Livré avec tous les accessoires nécessaires habituels ainsi qu'une brosse à parquet.
Très bien pour le carrelage, le parquet et les tapis à poils ras mais un peu juste en force d'aspiration pour les tapis shaggy (comme beaucoup d'aspirateurs)."
Océane,"5,0",22 mai 2019,"Produit conforme a la description. Plus bruyant que mon ancien aspirateur mais tolérable. Aspiration très puissant aussi bien sur carrelage que tapis. De nolbreux accessoires fournis, je recommande !"
padou17,"5,0",17 septembre 2018,"Je l’ai reçu en avance, ce matin, je viens de finir de faire connaissance avec l’appareil.Il est très bien conçu, marche bien, pas trop bruyant, facile à manier et à entretenir.Super rapport qualité / prix.Pour le moment,je suis très contente."
Pascaline,"4,0",21 octobre 2018,"Petite contenance mais suffisante pour un T2. Léger et très maniable. Puissant. Seul bémol, je n'avais pas vu qu'il y avait un Filtre, il faudra que j'en commande. Il n'a servi qu'une fois pour l'instant à voir ds le temps."
Snorky,"5,0",1 juin 2019,"Très maniable, design sympa, puissance d'aspiration qui n'a rien a envier aux autres marques. Vous aurez peut être besoin d'un adaptateur pour vos accessoires en fonction du diamètre du tuyau de votre ancien aspirateur."
S. patrick,"4,0",15 janvier 2019,"Aspirateur correct en fonction du prix. Prix correspond à deux changements de filtres pour des aspirateurs à 200 euros de marque.
Fait son boulot. Facile à laver."
Amazone,"5,0",21 mars 2019,J’étais septique vu le petit prix mais finalement pour quelqu’un de maniaque j’ai était agréablement surprise de la puissance de cet aspirateur. Je recommande !
Cédric P,"4,0",26 février 2019,"Envoi très rapide. Reçu aujourd'hui. Pour l'instant, il est phénomènal. Ça puissance d'aspiration est très bonne, surtout pour son prix. À voir sur la durée."
jojo972,"4,0",20 février 2019,"Aspirateur très efficace, l'aspiration est très bonne, il est léger et facile à utiliser. Dommage qu'il ne soit pas possible de contrôler le niveau de puissance. Je le recommande tout de même."
cloclo 60,"4,0",12 février 2019,Très bon petit aspirateur dommage que l’on ne puisse pas le porter pour aspirer en hauteur (le réservoir se déplace 🥴) bien plus pratique que le gros hors de prix bien connu
sylvie pleynet  sylvie,"4,0",7 février 2019,"Je l ai reçu il y a peu de temps .J ai juste essayé 1 fois Il est trés silencieux,léger, et esthétique A voir dans le temps s il est éfficace"
momo,"3,0",1 février 2019,"j'espérais un peu plus de puissance d'aspiration mais vous le prix, il n'est pas mal, j'espère que je trouverais facilement des filtres de rechanges"
Holly92,"5,0",22 mai 2019,"Les bons avis sont mérités. Qu'est ce que ça fait plaisir d'aspirer avec un aspirateur qui aspire !! Mon dernier aspirateur était d'une bonne marque pourtant, mais n'était pas puissant, aucun regret d'avoir changé. Bon rapport qualité/prix. Je recommande."
Cl'aire64guy,"5,0",16 septembre 2018,"Un aspirateur très léger,  puissant, rapport qualité prix :  excellent.  Un design très moderne.  Ce petit aspirateur est vraiment appréciable."
borabora,"5,0",30 décembre 2018,Aspirateur avec de nombreux accessoires...très maniable...niveau de bruit respectable...très bonne aspiration...bref je suis conquise 😉
ardali,"5,0",27 août 2018,"que du bonheur merci Amazon pas besoin de déboursé une fortune cette aspirateur et petit,léger,silencieux et super puissant aspire très très bien sans doute mon meilleure achat sur Amazon"
Saint-Victor Vanessa,"3,0",19 mai 2019,"Bien pour aspirer les rideaux par ex ou un studio, mais pas plus!"
Françoise,"5,0",10 mai 2019,J'ai hésité à le commander mais j'en suis ravie petit puissant bruit correct prix au top je recommande vivement
Client d'Amazon,"4,0",24 août 2018,"aspirateur assez performant pour les petites surface, conforme à la description et convenable pour les petits budgets, pas besoin d'une grande marque. j'ai reçu l'article très rapidement.
je suis très satisfaite de cet aspirateur,je l'utilise très régulièrement et n'ai eu aucun problème. il aspire tout!"
Nord,"5,0",29 octobre 2018,Excellent rapport qualité prix ! Je valide ! Cet aspirateur est petit et maniable. Remplace une grande marque sans en avoir à rougir ! Merci Amazon !
petit joueur,"4,0",15 avril 2019,"Bonne aspiration avec un niveau sonore correct
Aurait gagné beaucoup à avoir un fil 1 mètre plus long..."
sylvie,"5,0",12 avril 2019,"Petit et efficace se range facilement.
En 1 an d utilisation sur une surface de 150m2avec des animaux  rien à dire comme au premier jour."
B. Jean Michel,"5,0",27 février 2019,"Léger, compacte, puissant, maniable... et économique. Beaucoup d'accessoires. C'est le juste nécessaire pour un aspirateur ! Que demander de plus ?"
Avof,"4,0",10 février 2019,Bon rapport qualité prix Bon pouvoir et nettoyage facile.
Client d'Amazon,"5,0",30 janvier 2019,"Très bon rapport qualité/prix.
Un petit aspirateur, peu encombrant. Il aspire très bien et dispose de plusieurs têtes.
On verra sur la durée mais pour l’instant je peux dire que je ne regrette pas cet achat."
Pauline,"5,0",24 avril 2019,"Aspirateur très maniable, léger, bonne puissance d'aspiration, très facile à monter et démonter.
Très bon rapport qualité prix.
Seul micro bémol il prend un peu de place pour le rangement mais peu importe!"
tony raux,"4,0",17 septembre 2018,"Ravis de cette aspirateur léger guain de place ,et aspire très bien"
Damien G.,"5,0",26 février 2019,"Cette aspirateur depasse nos attentes, mieux construit que nos aspirateur a 4x le prix. Seul bemole mineur, il est moins silencieux (pas tres bruyant mais pas silencieux non plus - il y a mieux dans ce registre, mais je doute a ce prix)"
Client d'Amazon,"5,0",5 février 2019,Très contente de mon achat je n'avais pas envie de mettre 300 € dans un aspirateur. Il aspire bien.
Krystel,"4,0",30 avril 2019,"Très bon produit. Je met 4 étoiles car le fil est un peu court. Sinon léger , pas bruyant et super aspiration."
MENGUE,"5,0",21 mars 2019,Pas déçue
Client d'Amazon,"5,0",5 décembre 2018,"Super aspirateur
Très beau
Aspiration satisfaisante
Je recommande très bon rapport qualité prix"
perez,"5,0",16 avril 2019,Pour aspiré on verra avec le temps
Client d'Amazon,"1,0",11 avril 2019,Je suis totalement déçue. Après 2 mois d'utilisation (peu intensive) il ne fonctionne plus !
Pascal,"5,0",4 septembre 2018,Rien à redire parfait étant un peu septique je suis bluffé par ce petit aspirateur je le recommande vivement
Electro,"5,0",13 août 2018,"J'avais besoin de quelque chose de léger, fiable et sans devoir acheter un sac.
- l'air de sortie est agréable et respire le propre
- je peux aspirer toutes la poussières de mon ordinateur de bureau
- petit et passe-partout
- le réservoir de saleté est très facilement démontable et remontable
Si vous avez un petit appartement et que vous désirez joindre l'utile à l'agréable tout en économisant de l'argent c'est celui qu'il vous faut et je ne vois pas pourquoi devrait-on acheter un aspirateur plus cher car il fait tout ce qu'il faut."
Thier,"3,0",15 août 2018,"Aspirateur complet qui fait bien le boulot et qui aspire pas trop mal, en revanche le câble d’alimentation est vraiment trop court 😕"
Client d'Amazon,"5,0",23 juillet 2018,"Cest aspirateur cylindrique ne fait pas beaucoup de bruit. Petit, léger il est parfait pour entretenir mon étage (4 pièces). Je le recommande."
