user,rating,date,review
e,"1,0",30 juillet 2018,"Ce produit a un rapport prix/caractéristiques très intéressant. Par exemple :
- la RAM extensible jusqu'à 20Go (8Go soudés + un logement acceptant 16Go),
- le SSD de 256 au format M2 + un logement 2,5"" pour y ajouter un disque HDD ou SDD supplémentaire.
Le PC est évolutif mais le problème vient plus de sa construction.
Le touchpad est une catastrophe, à l'usage, une surcharge se crée sur le touchpad (suite à une mauvaise isolation du pad) générant ainsi des actions non souhaitées (type double clic, défilement, saut du curseur de plusieurs pixels). Extrêmement désagréable et irritant.
La carte bluetooth n'est pas fiable et a tendance à rompre la connexion avec un appareil appairé sans raison et de manière aléatoire.
Ces défauts ne sont pas d'ordre logiciel mais bien matériel (même problème sur Windows 10 et Debian, avant et après mise à jour du Bios).
J'ai dans un premier temps bénéficié d'un remplacement et ai eu le même défaut sur le suivant. J'ai donc renvoyé le dernier pour remboursement.
Dommage, la qualité n'est absolument pas la même que la série zenbook de 2015."
🔼 Spiderman 🔼,"5,0",16 novembre 2018,"Après quelques mois d'utilisation voici mon retour plus que positif sur cet ultrabook.
Mon utilisation est assez classique. Bureautique, multimédia ( photos / vidéos ), internet bien sûr et lectures de film. Pas de jeux ou rien de significatif.
* Visuel *
Extrêmement classe, bien qu'un peu salissant. Il est très bien fini et vraiment classe. L'aluminium est de bonne qualité. Le clavier rétro éclairé un plaisir à utiliser.
* Performances *
Difficile de le mettre en difficulté, tout du moins avec mon utilisation. Il est très rapide... Voir la vidéo concernant son démarrage. L'autonomie est plutôt bonne. De quoi regarder au moins 2 films par exemple sans le brancher.
L'écran est magnifique, détaillé avec des couleurs éclatantes. Top pour les vidéos et les photos.
Le clavier, un peu souple, me convient très bien.
Il chauffe très peu et il n'est pas rare qu'il reste complètement froid ou presque. Du coup il est vraiment silencieux, je ne l'entend pas.
Le son est correct mais manque de puissance. Logique vu la finesse du châssis... Il est toutefois bien équilibré mais je préfère utiliser une enceinte Bluetooth  ou de bons écouteurs.
* Bilan  *
A mon sens c'est un excellent rapport qualité prix. Il est léger, performant et silencieux.  Venant auparavant d'un 17 pouces la taille de l'écran ne m'a pas gèné tant il est beau.
Que je soit en train d'écrire plusieurs heures avec ou juste pour regarder un film il me convient parfaitement.
Les différentes entrées / sorties sont suffisantes. Il est vraiment complet et se transporte sans contraintes. Je regrette l'absence de housse livrée avec mais bon cela reste un détail... La sur couche Asus n'est pas très dérangeante, on peut aisément faire le tri et enlever ce qui peut être inutile.
J'ai cherché longtemps, comparé beaucoup. Au final je ne suis pas déçu !
Bizarrement je n'ai pas eu de soucis avec le touchpad comme certains et j'écris ce commentaire après environ 4 mois d'utilisation.
A recommander sans problème..."
un étudiant,"4,0",5 septembre 2018,"Pc: Asus Zenbook UX410UA-GV410T
Durée d'utilisation : 1 mois
Prix lors de l'achat : 764,10 €
Très bon pc pour ce prix. C'est un bon investissement si vous ne voulez pas dépenser plus de 1000 € pour avoir le top du top. Beaucoup chipotent sur des détails, mais à mon sens, à ce prix, il fait très bien l'affaire. C'est un pc léger, très silencieux, avec un écran très convenable et une bonne puissance et autonomie.
Le seul vrai bémol est son trackpad qui laisse à désirer, c'est vrai. Mais c'est une petite concession à faire pour avoir un ordinateur puissant avec une belle finition à ce prix. De plus, le chargeur est très léger et facile à transporter.
En conclusion, si vous cherchez l'ultrabook parfait, passez votre chemin car vous trouverez toujours quelque chose à redire (notamment sur le trackpad). Si vous cherchez un pc vraiment sympa sans être super pointilleux, alors je pense que celui-ci dispose d'un très bon rapport qualité / prix."
HAKIM,"4,0",25 août 2018,"Très bon produit, léger, rapide, ne chauffe pas. i7 + SSD 256Go + dalle mate, à ce prix c'est imbattable.
Néanmoins je l'ai rendu car je n'aime pas les claviers ASUS, c'est le seul hic, châssis qui s'enfonce légérement quand on touche les touches.
Remboursement très rapide (déposé en bureau de poste vendredi, argent dans mon compte le jeudi) par AMAZON, rien à payer, frais de retour à la charge d'AMAZON."
Emmanuel,"1,0",3 mars 2019,"J'ai commandé cet ordinateur début janvier suite à une baisse de prix assez importante (930e au lieu de 1099).
Les +:
-L'écran est magnifique. Les bords sont fins, le contraste est très bon, la luminosité maximale est peut être un peu faible, mais si vous n'utilisez pas le pc en extérieur vous n'aurez aucun problème.
-Le format réduit, grâce à l'écran à bords fin qui permet de renter un écran de 14 pouces dans un châssis de 13 pouces.
-Les performances sont très bonnes grâce au Core I7. Pas de lags ou de ralentissements.
-Le son, étonnement clair et puissant pour un ultraportable.
-Le silence. En mode autonomie de la batterie, il ne se déclenche pour ainsi dire jamais, et quand il le fait ce n'est que pour quelques secondes.
-Le système de reconnaissance faciale hyper rapide qui permet de se connecter à Windows en un instant.
-La qualité de construction plus que correcte.
-Le clavier très confortable, bien mieux qu'un mac par exemple.
-3 niveaux de rétro-éclairage pour les touches.
Les + ou -
-La batterie, dans la moyenne.
Les -
Le COIL WHINE, qui est un grésillement provoqué par des micro vibrations des bobines qui servent à réguler le courant au sein des composants. Allez voir sur internet pour vous rendre compte de la nature du bruit, c'est un problème très répandu, à des degrés divers, sur les laptops actuels. Dans tous les cas, ce bruit est très présent sur cet ordinateur, surtout dans les modes de performances plus élevés, et encore plus lorsqu'il est branché sur secteur. Si vous êtes dans une pièce silencieuse pour travailler ou simplement surfer sur internet, c'est bien simple, vous n'entendrez que ça, à moins d'être sur le mode ""autonomie optimale"".
J'ai renvoyé le premier exemplaire reçu, mais le deuxième souffrait de manière du même problème. Je connais des personnes qui ont acheté leur Zenbook à d'autres marchands et le problème était toujours là.
-Le trackpad, qui a tendance à faire n'importe quoi toutes les 10 à 15 minutes (freezes, clics intempestifs), probablement à cause d'un problème d’électricité statique. Quand ça se produit, il faut enlever son doigt du trackpad et le reposer. Assez énervant.
-Le son qui se coupe de manière intempestive dans Windows, surtout après un retour de mise en veille. J'ai essayé de mettre à jour le driver, mais cela n'a pas résolu le problème.
-La charnière de l'écran très ""molle"". Le pc est équilibré pour qu'ils puisse s'ouvrir à une seule main, sans devoir tenir le châssis. Du coup, la résistance de la charnière est très faible. Si vous le tenez sur vos genoux et que vous bougez un peu trop, l'écran bougera aussi.
Au final, deux exemplaires avec à chaque fois les même défauts que j'ai renvoyés.
C'est vraiment dommage, parce que c'est un ordinateur avec énormément de qualités, mais que j'ai du renvoyer à deux reprises à cause de défauts qui selon moi étaient insupportables."
Cédric Schneider,"5,0",9 janvier 2019,"Un musthave pour les personnes souhaitant un ultrabook, c'est une grosse alternative pour ceux qui ne veulent pas d'Apple.
Le ssd de 256go fait le travail demandé, il réagit très vite !
On sent également les 8go de RAM couplées à un processeur i7 8e génération.
La carte vidéo Nvidia de 2go est un plus non négligeable.
Pour l'anecdote : j'ai tenté d'installer World of Warcraft dessus histoire d'avoir une occupation lors de mes déplacements et il tourne comme une horloge à 4/10 en réglages graphiques pour 60+ fps en constant.
La qualité d'affichage est surprenante, elle met bien en avant les couleurs et le son est plutôt impressionnant (il me semble être de meilleure qualité que mon enceinte JBL Go 2 si ça parle à certains).
Aucun soucis avec le TouchPad pour l'instant.
Bref : des finitions au rendez-vous ! N'hésitez plus si vous souhaitez vous trouver un bon pc portable pour de la bureautique, du travail sur images/vidéos (même si l'écran ne fait que 13,3 pouces) voire quelques jeux pas trop gourmands histoire de meubler le temps."
Elias,"4,0",7 janvier 2019,"Sachez  tout d'abord que j'ai acheté ce pc il y a 3 semaines pour utiliser des logiciels type Photoshop, premiere pro, after effects. J'aime aussi jouer de temps en temps.
Les moins du service Amazon : Amazon n'a pas réussi à faire le prélèvement alors qu'ils auraient dû y arriver, ce qui m'a contraint à faire le paiement en 4 fois pour 30€ de plus... Mon compte était bloqué parce qu'ils n'ont pas réussi à faire ce prélèvement, j'ai contacté à 2 reprises le service Amazon. La première fois on m'a dit d'attendre de recevoir un appel du service technique, la deuxième fois on m'a conseillé de repasser la commande sur un autre compte.
Au final j'ai payé plus pour être livré plus tard en passant par ces appels, tout ça parce qu'amazon a des problèmes de prélèvement avec les grands tarifs.
Les moins du pc:
- c'est dommage d'avoir un micro sd au lieu d'un SD classique, la carte mémoire des appareils photos sont souvent des cartes SD
- les ports USB sont un peu serrés, et ne se branchent pas jusqu'au bout, mais sans soucis majeur
- ça fait beaucoup de bruit quand on joue (F1 2018 graphismes medium/high) ou quand on fait un rendu de vidéo. Pendant le jeux la température du cpu reste bien dans les petits 80deg - grands 70deg, donc au moins la ventilation est efficace. Pour le rendu vidéo ça ne suffit pas et on a du thermal throttling quand le cpu atteint 95deg à 3.85 GHz grand max (sinon c'est plutôt dans les 3.5 - 3.6). Dommage pour un boost censé monter à 4.1 GHz. Rappelez vous qu'il vaut mieux un nombre élevé de coeurs que des fréquences élevées de cpu (à fréquence * nbre de cœurs égal)
- le screenpad en mode second écran fait désagréablement clignoter la barre des tâches si celle-ci a l'option ""masquer"" activée. Penser à désactiver cette option (clic droit sur la barre des tâches puis paramètres) avant d'allumer le screenpad.
- Screenpad peu utile pour des tâches basiques, si on n'est pas ""créateur de contenu"". Même pour la bureautique je ne suis pas convaincu. Il y a encore très peu d'application. J'ai essayé Spotify mais ça ne marche pas toujours... (j'obtiens le message ""essayer de lancer Spotify depuis l'écran principal"")... de toute façon ça m'intéresse pas
- c'est un peu la foire aux traces de doigts, sur le pad et le châssis. Mais honnêtement on s'en fiche...
- Dommage qu'il manque le numpad. On a tout de même les touches page up/down et d'autres touches caractéristiques.
- Les 16 Go de RAM ne sont pas extensibles
- L'écran tactile ne me sert à rien
Les plus du pc :
- Le screenpad fonctionne bien et est très utile pour le montage vidéo, je l'utilise comme 2e écran pour mettre ma timeline dans les logiciels de montage (ou le panneau ""effet"", etc... on peut aussi mettre le média à importer ou d'autres trucs... ça dépend de vos besoins et votre imagination!) , ça permet d'économiser de la place. En plus d'être un écran, le touchpad fonctionne très bien en mode classique.
- un super son! merci d'avoir pensé aux basses Asus! manque peut-être un peu de puissance (et encore pour des utilisations classiques du son ça suffit largement)
- Design absolument magnifique
- Qualité d'écran très bon (contraste et couleurs)
- Très bon rapport performance/prix (je l'ai eu à 1500 au lieu de 1700), à titre de comparaison, le dell XPS 15 , pour le même prix, n'a que 8 de RAM (certes extensible...), un moins bon cpu et moins de mémoire (256 contre 512Go de SSD)
- Le SSD boot l'ordi (en quelques secondes) et lance les applications très rapidement (After effects se lance (je me trouve dans le menu) en 10-15 sec )
- Autonomie pas énorme mais suffisante pour moi, il y a de quoi de regarder un bon gros film ça laisse 15%.
- La gtx 1050 fait bien son boulot et permet de jouer à des jeux en qualité correcte malgré le bruit. Au moins les températures restent correctes, vous n'avez qu'à jouer avec un casque.
Pour résumer:
Très bon pc pour la retouche de média, le screenpad est très utile pour cette tâche. Dommage que les 4.1 GHz en turbo boost ne soient pas atteints pour les rendus (peut être qu'en changeant le thermal paste ça peut s'améliorer, et en achetant des ventilateurs externes... à voir). A titre d'exemple, j'exporte sur After effects une vidéo de 44 sec, assez complexe avec de l'animation 3D et plein d'images clés et compositions imbriquées, en 2 minutes 30 environ.
Le screenpad, à mes yeux, ne sert qu'aux créacteurs de contenu vu qu'il y a très peu d'applications dessus, et que ça ne marche pas toujours très bien, du moins pour spotify.
Il faut penser à partitionner la mémoire parce que ce n'est pas fait (tant mieux comme ça on choisit la taille des partitions). Pareil pour les mises à jours, celles ci n'étaient pas toutes faites (un peu pénible).
On pourrait penser que le screenpad et l'écran tactile augmentent le prix, mais 1500€ pour ces performances, on trouve difficilement mieux. Les gaming laptops peuvent avoir des caractéristiques similaires pour moins cher, mais dans ce cas ils sacrifient en général la qualité de l'écran, le châssis, ou bien la présence d'un SSD."
icibas,"5,0",30 août 2018,"Rapide, silencieux, bel écran suffisamment lumineux, dispose de nombreux ports ce qui évite d’avoir à trimballer des adaptateurs (ports : USB HDMI et SD CARD, il ne manque qu’un port RJ45 mais le wifi est très performant). Il y a également un emplacement vide pour ajouter un disque dur supplémentaire et de la mémoire (nécessite de démonter le portable). Sans doute LE meilleur rapport qualité prix du moment !"
Quentin ,"5,0",1 février 2019,"Une semaine d'utilisation et j'en suis plutot content. Le clavier et pad sont agréable a l'usage.
S'allume en 20-30 secondes et est pret a l'utilisation.
Une autonomie de 8-9h je dirais, et charge en environ 1h30+.
Les couleurs de l'écran ont une saturation un peu bizarre, mais le contraste et netteté sont bons! Les enceintes procure un son de bonne qualité.
Les  reflets de l'écran sont un peu dérangeants si vous travaillez dans une zone très lumineuse. J'opterais pour l'écran mat.
Satisfait en général!"
papaloup,"5,0",3 décembre 2018,"Bel écran ,léger et silencieux , aucun problème avec le pad (voir certains commentaires),éclairage du clavier réglable,pas d'entrée d'air sous le pc (parfait pour usage au lit !),payé 699€ pendant le black friday j'en suis très satisfait , il ne me reste qu'à ajouter un 2eme SSD sur le port sata pour y copier ttes mes données multimédia."
David,"5,0",17 janvier 2019,"Voici les points positifs que j'ai noté :
- Très rapide grâce au combo i7 + SSD - Windows se démarre en 4-5 secondes.
- Possibilité d'ajouter une barette de 16 Go de RAM en + des 8 Go
- Possibilité d'ajouter un 2e disque SSD ou HDD
- Très silencieux
- Batterie qui dure plus de 7 heures
- Touche rétro-éclairées
- Présence d'un port USB type-C + lecteur de carte SD
- Peut se transporter dans un sac à dos (14"")
- Trackpad multi-touch entièrement reconnu et paramétrable par windows, on peut utiliser 4 doigts pour switcher de bureau par exemple.
En bref, performant, upgradable, et élégant, le tout à un prix correct."
Kylar,"5,0",30 juin 2018,"Très peu de bruits, proc i7 véloce, ssd m2, 8gb de ram, slot de ram de dispo + un slot 2""5. C'est le meilleur rapport qualité prix que j'ai pu trouver."
Rooz,"4,0",16 janvier 2019,"Acheté en pré-commander, j'ai longtemps attendu mais ce pc est juste top!
Léger, démarrage rapide grâce au ssd, déverrouillage avec reconnaissance faciale efficace et rapide de jour comme de nuit. Cerise sur le gâteau il est super silencieux. C'est subjectif mais je préfère de loin cette couleur au «bleu roi» que l'on trouve dans le commerce.
Cela fait moins d'un mois que je l'ai et pour l'instant le pc répond à mes attentes. Je n'ai pas de problème et pas de chauffe (excepté s'il est utilisé en pleine charge).
Je n'ai pas encore eu l'occasion de le solliciter pour du montage vidéo mais hormis ça il ne bronche pas.
L'écran n'est pas des plus lumineux en plein jour mais je pense que cela est dû à mon habitude des écrans oled. Du coup je trouve les couleurs termes même après avoir étaloné l'écran.
Je n'ai pas mis la dernière étoile pour à cause de:
- l'écran
- absence de TB3
- l'autonomie qui n'est pas de 14h comme annoncé (en moyenne je dois tourner à 7-8h et je ne parviens pas à améliorer cela)
Je recommande vraiment cette asus! J'espère que ça va durer dans le temps et ne pas se dégrader comme on peut le lire sur les différents forums au sujet de la marque."
Maurice ,"1,0",21 janvier 2019,"il semblait performant, avec des fonctionnalités dernier cri, mais connection Internet de très mauvaise qualité, ( testé en parallèle avec un autre appareil sur la même box).
Appareil retourné et remboursé"
Client d'Amazon,"1,0",28 février 2019,"Acheté pour remplacer mon Macbook, j'ai pris la version I7/8Go/XM150/NVME 256, TRES grosse déception :
Si l'on fait abstraction des fuites de lumière de l'écran (on voit le rétro-éclairage sur le bord de la dalle quand l'image est complètement noire), la qualité d'affichage est correcte
Le touchpad bug, l'option calculatrice est sympa, mais par moment la souris fait ce qu'elle veut ou ne répond pas /mal pendant quelques secondes => attention au mauvais clic non voulu
Des ""Freezes"" aléatoire de l'ordre de quelques secondes.
Beau châssis alu, très flatteur mais un peu ""mou"" (moins que du plastiques, mais n'imaginez pas avoir la qualité d'un XPS/Spectre/Macbook)
Très déçu de mon achat, je m'attendais à mieux d'ASUS, renvoyé à Amazon..."
DS,"4,0",12 septembre 2018,"Mon premier achat de pc ultra portable. Je ne suis pas déçu car ce modèle est très léger et compact. Il ne fait aucun bruit pendant les utilisations prolongées et la batterie tiens bien. Le point fort reste l'écran à mon avis car il est agréable, fournit de belles couleurs etc.
Le point faible est le son car les hauts parleurs ne délivrent pas un son clair, a connecter en Bluetooth ou utiliser des hauts parleurs externes.
Utilisation adaptée pour de la bureautique et travail, pas testé pour les jeux mais ne devraient pas fonctionner pour les jeux gourmands, à voir avec des petits jeux."
axel,"4,0",22 janvier 2019,"d abord c'est la beauté de ce pc qui impressionne, le choix du bleu et or(léger) lui donne une esthétique différente de beaucoup de pc portable, c'est très réussi. Le poids aussi en gros il fait 1kg pour un pc 13,3 pouces le tout dans un boitier de pc 12 pouces, l’écran borderless a beaucoup aider pour réussir un boitier si petit et léger. Le touchpad qui se transforme en pavé numerique est très agréable, c'est une vrai innovation intéressante. Le clavier est très agréable a utiliser, il est rétroéclairé. Pour la fiche technique c'est du tout bon, le core i7 avec ses 8go de ram et une vrai carte graphique nvidia avec 2go de mem video permettent la retouche photo, la bureautique, le surf internet avec une fluidité parfaite. J'ai même fais tourner starcraft II avec un niveau de détail raisonnable. Attention tout de même des que l'on sollicite un peu la machine le ventilo se fait entendre. Au final je recommande vraiment ce pc portable performant, léger et très élégant."
R.S.,"3,0",26 avril 2019,"retour d’expérience après 3 mois d'utilisation. Acheté 789€.
je m'en sers à 70% pour de la bureautique avancée, 30% pour retouche d'image (LR)
Les performances sont bonnes mais il y a de gros points noirs qui laissent un avis mitigé. Comme j'ai besoin d'un tel appareil et que la config, l'installation de logiciels et autres sont fastidieux, j'ai choisi de ne pas le renvoyer. mais ce n’était pas l'envie qui manque.
la qualité de l'écran est vraiment moyenne. Il y a beaucoup de clouding (traces lumineuses blanches lorsqu'on affiche une noir profond, en particulier sur les bords). Tres visible lors de l'allumage du PC. et ça pose des problèmes pour la retouche photo ou le visionnage de films dans un environnement sombre. Ensuite il y a tout de même pas mal de reflets à contre jour. j'ai vu largement mieux dans du matériel beaucoup plus ""vieux"". il arrive aussi de temps en temps que l'écran ""saute"" le temps d'un dixieme de seconde,  ca se voit et à la longue c'est quand même pénible. je me demande si cela n'est pas du à étalonnage couleur qui a du mal à etre pris en compte. J'ai en effet ré-étalonné les couleurs de l'écran avec une sonde Spyder, les couleurs de bases étant particulièrement froides...
Le chassis en alu a la particularité de se charger en électricité statique (touché électrique quand le PC est branché). Je précise que c'est aussi le cas pour ma TV et d'autres laptops que j'ai pu testé (Microsoft book par ex).
J'ai lu pas mal de commentaires négatifs sur le bruit. Bon c'est vrai que ca souffle quand il travaille, mais cela reste tout de même supportable. Un film avec un niveau sonore moyen couvre bien le bruit par exemple.
Il m'arrive aussi que certains appareils connectés en bluetooth (dont une souris logitech MX master) se déconnectent. il faut donc désactiver et réactiver le module.
Dernier gros défaut: le pavé tactile. il n'est pas précis, le double click ou la confirmation (simple clic) n'est pas tout le temps pris en compte. il faut s'y reprendre, et vraiment des fois ca saoule. je remarque aussi une baisse de précision au niveau des traits du pad numérique. si je veux bouger mon curseur horizontalement de gauche a droite, le curseur dévisse quand mon doigt arrive sur un croisement de lignes du pad. C'est vraiment pas terrible.
A part ces défauts, le reste est satisfaisant: bonnes performances tout de même, batterie confortable, poids léger (moins de 1.5kg avec le chargeur), le clavier est agréable, il est rétroéclairé, les ports USB et USB C sont suffisants. Pensez à vous équiper d'un mini hub en USB C pour avoir le reste des connections (LAN, autres USB, cartes SD etc..), sont poids et sa taille parfaits.
Voila. donc un peu mitigé sur l'ensemble. A n'acheter que s'il est inférieur à 800€. sinon ca ne vaut pas le coup."
jean michel  page,"5,0",20 décembre 2018,"Tout simplement le top.
Je l utilise pour la 3d et ça tourne tres bien.
Je n ai pas encore vu le sablier.
Le seul regret c est que le prix a baissé de 200 euros
Une semaine apres mon achat."
Yannpe,"5,0",9 janvier 2019,"Ordinateur professionnel. Très léger et rapide. Beaucoup plus petit que mon précédent  13 pouces Asus ux31. Beau design. Aucun problème de trackpad. J'apprécie la possibilité  de le transformer en pad numérique.  Petit bémol le ventilateur se permet parfois en route et est un peu bruyant. Mais à  part ça,  après un mois rien à dire. A voir sur la durée surtout au niveau du connecteur de charge qui a été  la raison du changement de mon dernier Asus. Je recommande sans problème.  Un i7 avec carte vidéo à moins de 1000 c'est assez rare."
Hemery Victor,"4,0",9 décembre 2018,"Un très bon ordinateur pour sa catégorie. J'ai pris la version I7 16Go de RAM SSD 256Go NVIDIA GTX 1050 et je fais beaucoup de montage vidéo et de la 3d avec.
L'ecran sur le screenpad est utile en second ecran.
Je recommande."
Stephane Mourier,"1,0",8 avril 2019,"Asus en rade au bout d'un mois, cause problème de rechargement !
En effet, la Prise interne s'est dessoudée, sans raison. Pb connu chez Asus sur ce modèle visiblement !
Impossible d'obtenir la facture d'origine de la part des équipes Amazon,malgré 4 ou 5 demandes !
Appareil en rade depuis presque 3 mois !
Bref, une sale expérience !
Passez votre chemin"
Wil,"5,0",28 décembre 2018,"Pris spécialement pour du Développement Web.
Il est parfait en tout point.
- réactif
- fluide
- intuitif
Prise en main assez rapide, on s’habitue au clavier en quelques minutes.
Ps : faire quand même attention à la touche « Extinction » placée en haut à droite dans le clavier."
Stefou,"5,0",5 décembre 2018,Produit correspond à la description performance incroyable je recommande ce produit et son vendeur il me sert pour le travail la rapidité de démarrage et la qualité de son écran au top
Gauthier Robert,"2,0",11 février 2019,"Niveau rapidité et performance; cela est parfait. Très léger !!
Cependant, beaucoup de fuites de lumière etaient présents. Les pixels etaient visibles. Le touch pad ne marchait pas correctement. Les ventilateurs sont très bruits quand l'ordinateur est mis sous pression...
Le produit a été renvoyé. Trop de défauts par rapport le prix payé !"
phil67000,"4,0",15 mai 2019,"Bonjour,
J'ai acheté cet ultrabook parce que je voulais remplacer mon PC portable par un PC qui soit :
- lourd
-+ d'autonomie
Aucune déception de ce côté là. Nettement moins lourd et avec une autonomie en bureautique y compris les suites adobe de plus 12 heures....
Comande, livraison AMAZON plus que bien, emballage impeccable, je déballe sans crainte.
La machine est conforme à la description, la batterie a déjà un peu d'autonomie et permet la mise en route immédiate.
On notera que le chargeur est un peu gros qu'un chargeur de tel et dispose d'un câble (UBS C) d'1m50.
Démarrage sous W10 Family sans aucun problème.
L'écran est extraordinaire de précision et de confort. Utilisé dans le TGV, aucun problème de lecture même de biais et aucune difficulté avec les éclairages changeants (soleil, pas soleil, re-soleil...).
Par contre, j'avais un peu hésité à la lecture des différents tests qui indiquaient une anomalie sur le PAD.
Effectivement, le PAD n'est pas à la hauteur du produit.
Assez imprécis, et comme déjà indiqué dans les commentaires, au bout d'un moment, il se met ""en vrac"" et devient complètement erratique...
Mais...., j'ai acheté la mini souris TENMOS sur Amazon, et je dois dire que c'est le bonheur.
En effet, cette souris est tellement petite qu'elle tient dans un étui d'écouteurs souples.
Dès lors, tous les avantage du Zenbook, sans les inconvénients.... :-)
Je ne peux que :
1/Espérer qu'ASUS modifiera son PAD
2/Recommander néanmoins eu égard à tous les autres avantages dont et ce n'est pas le moindre,  le rapport qualité/prix."
Joolz,"4,0",2 février 2019,"J'ai acheté cet ordinateur principalement pour la production de musique et le traitement de photos/images. Je ne suis pas déçu... Avec ses 16GO de mémoire vive et 512 GO SSD, cette machine démarre en moins de 10 secondes chrono ! Mon logiciel de production de musique a retrouvé une nouvelle vie. L'écran tactile de 15 pouces a des couleurs éclatantes. Le screenpad est un peu un gadget dû au manque d'applications compatibles. Le châssis en aluminium et les finitions générales me laissent à penser que cette machine va durer longtemps. En bref je suis comblé."
Softgeek,"4,0",13 février 2019,"Les + :
Ultra léger, puissant, dalle mate
Port HDMI
Carte graphique Nvidia intégrée en plus de celle Intel
Démarrage ultra rapide
Rapport qualité/prix au top (acheté en promo à 900 €)
Les - :
Clavier un peu petit, la touche 'Entrée' pourrait être plus large en hauteur
On entend rapidement le ventilateur même en usage bureautique
BIOS ridicule (interface d'au moins 10 ans d'âge, pas UEFI)
Mise à jour des drivers pas très simple"
Louis Tang,"5,0",12 juin 2018,"Rapide, fonctionnel et vraiment agréablement surpris par l'écran, qui était ma priorité (ultra portable avec un écran poussé au maximum sur les côtés). Parfait pour voyager et bosser d'où que ce soit!
Ceci dit, je ne l'ai pas encore exploité à la hauteur de sa config. Mais cela reste prometteur."
rawsrc,"5,0",26 avril 2019,"Produit de très bonne facture. Les charnières semblent solides, le poids très supportable.
Par contre attention, la version reçue ne comporte pas de Windows en français, vous devez procéder à la première installation en anglais et ensuite aller chercher et installer le pack français.
Aussi la version Windows préinstallée est la W10x64.1803 elle diffère de la dernière actuellement disponible W10x64.1809. Donc prévoir au moins 2 heures pour tout mettre à jour avant de commencer à l'utiliser en production."
Hed. F,"4,0",19 janvier 2019,Je viens de recevoir le pc tous est parfait mais la batterie ne se recharge pas à 100% et affiche la notification branché mais pas en charge.... J'attends la réponse du vendeur pour ce défaut.
POTIN Mathieu,"5,0",16 août 2018,"Entièrement satisfait de mon achat, pour développer (une barette memoire à ajouter un peu plus tard pour être vraiment tranquille) que pour du jeux occasionnel. Finition et performances impeccables. En utilisation jeu, le clavier est à peine tiède coté gauche, et on est en plein été...."
Johannie C.,"5,0",28 février 2019,"Avant mon achat j'ai fais beaucoup de recherche pour trouver le bon PC, et finalement mon choix c'est porté sur celui car c'est le meilleur rapport qualité prix.
J'ai reçu l'ordinateur dans les délais prévus, il était bien protégé dans le colis.
Il a un beau design et il est super léger. Je m'en sers beaucoup pour de la bureautique et pour aller sur internet.
Il est fluide et répond rapidement.
J'étais dubitative quant au pc sans pavé numérique mais finalement je ne suis pas déçu car il suffit de mettre la majuscule et de taper les chiffres, c'est tout aussi rapide.
Par contre la souris pavé tactile est désagréable au toucher mais je me sers exclusivement d'une souris sans fil donc le problème n'en ai plus un."
A.Srounsroun,"3,0",18 mai 2019,"Je retourne mon Asus à contrecœur. Ayant un ancien Asus de très bonne qualité, je me suis logiquement tournée vers la gamme Zenbook pour un ultraportable.
Cependant, je rencontre quelques problèmes :
- Défaut du pavé tactile qui se bloque, clic pour rien, zoom pour rien, sélectionne pour rien... Le seul moyen d'utiliser correctement l'ordinateur serait d'utiliser une souris en plus. Illogique à mon sens, si j'acquiers un ultraportable.
- Le son qui de retour de veille, parfois, ne fonctionne plus. Malgré la recherche d'erreurs, rien. Il faut redémarrer la machine.
- Le petit souffle lorsqu'il est branché à sa batterie. Le bruit est léger, mais présent et est désagréable si je souhaite travailler dans le calme.
- L'affichage du texte des boîtes de dialogues est flou !
- Le clavier...grince
Malgré ces points négatifs, l'Asus Zenbook 13"" est beau, léger, l'écran mat est ultra agréable ainsi que les fins rebords, la couleur bleu nuit est magnifique et le numpad activé hyper sympa et utile.
Pour une utilisation professionnelle orientée traitement de texte, recherches sur l'Internet et utilisation de certains logiciels de la suite Adobe, il fait l'affaire. Mais c'est avec regret que je le retourne pour les nombreux petits défauts qui visiblement caractérise cette gamme."
Sarah JOIGNAUX,"5,0",7 décembre 2018,"Bon rapport qualité/prix. Fonctionne très bien, léger, silencieux, ne chauffe pas, clavier éclairé, réglage automatique de la luminosité...."
Simon,"5,0",22 juin 2018,"Vraiment satisfait de mon achat. Après pas mal de recherches, meilleur compromis que j'ai pu trouver. Après quelques temps d'utilisation:
Points positifs:
- Très satisfait de la batterie qui tient facilement toute une journée voir plus pour du traitement de texte et autre (je suis étudiant).
- Très beau, le design en alu ça en jette (ok on dirait une copie de Mc Book mais osef)
- Très silencieux, contrairement à ce que j'avais pu voir j'avais eu un peu peur mais finalement il ne fait aucun bruit.
- Mise à jour automatique du Bios lors de l'installation qui est un plus et qui à peut être réglé dans mon cas les problèmes de ventilateurs que d'autres utilisateurs auraient pu rencontrer).Et en plus il ne chauffe pas beaucoup donc ça n'est pas désagréable si on a le pc sur les jambes ou sur soit dans le lit.
- Clavier rétro-éclairé vraiment pratique et qui ne consomme pas trop de batterie (j'avais peur qu'il soit gourmand mais ça va).
- Dimensions au top car écran 14"" dans un pc au format 13"" donc sympa pour le transport car pas du tout encombrant et en plus très léger.
Points négatifs:
- Quelques applications et autres trucs inutiles à désinstaller lors de la préparation du pc (des jeux, l'antivirus offert 1 mois, des applis pas forcements utiles, ...)
- Le pavé tactile qui est parfois moins sensible au bout d'un moment (il suffit que je frotte un peu mes doigts et c'est nickel)
- L'alu qui est facilement salissant (traces de doigts et autres) mais ça c'est pas la faute du PC"
Robert H.,"5,0",2 janvier 2019,"Épatant! Léger, performant, qualité d'écran impeccable, élégant, etc... Même en cherchant bien ma femme ne trouve rien à reprocher à  cet appareil, quasiment identique à celui que j'utilise moi-même depuis deux ans. À signaler, pourquoi pas, que nos deux engins travaillent sous Linux/Ubuntu 18.04, et s'en portent très bien..."
Client d'Amazon,"4,0",3 février 2019,"Points positifs:
- rapide
- léger et fin
- belle image/luminosité de l'écran
- pas de problèmes avec le pad, après 1 mois d'utilisation, il est grand et agréable à utiliser
Points négatifs:
- le son très bas, même au niveau le plus élevé
- pas de carte graphique, ce n'est pas un ordi gamer
- pas de lecteur de disques
Donc c'est un bon ordinateur pour une utilisation simple et rapide, par exemple parfait pour les cours, les voyages... Vu son poid si léger."
Kriss,"1,0",19 janvier 2019,Ne vaut pas sont prix mieux vaut acheter un Mac
Client d'Amazon,"5,0",14 janvier 2019,"Je suis très satisfaite de ce PC qui a un écran rétro-éclairé très pratique et qui est performant, rapide, léger et très silencieux. Je le recommande sans hésiter car les délais de livraison sont très courts : commandé le 22 et livré dans un colis en parfait état le 27."
Client d'Amazon,"5,0",25 janvier 2019,"Incroyable compromis entre mobilité et performance, dans un châssis de la taille d'un tapis de souris Asus fait entrer un écran de 13,3 pouces. L'ordinateur va vite et fait tourner des logiciels gourmands, très bon rendu des couleurs, je le recommande pour les professionnels et passionnés de l'image"
Flavien LAURANDEAU,"4,0",6 septembre 2018,"Très bien pour le Web, montage vidéo, photoshop et office
Seul petit bémol, le touchpad a des petits pb de temps en temps mais avec une souris sans fils c est vraiment le top."
ClaudeC,"5,0",9 janvier 2019,"très bel ordi, léger et pas bruyant, bonne autonomie, mais le prix a baissé de 200 euros 2 semaines après mon achat. Impossible d'obtenir un remboursement de la différence. Je dois donc renvoyer, quel dommage"
1mecfou,"5,0",25 avril 2019,"Ouah pour 530 en reco quel enorme affaire !!! Magnifique léger juste des fuite de rétro-éclairage peu être la raison de son retour
Mise à jour : écran ne s'allume pas tous le temps départ au sav"
dos santos,"4,0",7 juin 2019,"Léger, rapide très fonctionnel…. Il a également plusieurs ports USB, 1 port SD, 1 port HDMI…Ce qui permet de travailler en toute tranquilité....
La Batterie en mode bureautique permet de tenir la journée de travail...
Pas de déception Rapport qualité Prix trés bon"
Togo,"4,0",10 septembre 2018,Le plus génant est que  le haut parleur est très limite niveau puissance du son. Sinon pour le reste rien à signaler
Francis B,"5,0",12 février 2019,"Beaucoup de qualités : léger, rapide, très bel écran, très bonne autonomie en usage classique (pas de jeux), screenpad efficace. Je n'ai, jusqu'à présent, qu'à me féliciter des ordinateurs Asus que j'ai achetés. Celui-ci vient en tête de mes différents achats."
JG,"5,0",25 avril 2019,Super machine mais le SON n'est pas réglé correctement... On n entend pas grand chose..  celui qui à une idée pour gérer le souci de carte son.. peut me contacter
Zak,"5,0",12 mars 2019,"J'ai acheté ce produit pour l'offrir. La personne a adoré. Il est petit et pratique. D'apès les premiers retours, il a une bonne batterie, il est léger. Le clavier est agréable.
le mode flip flop est super sympa pour l'utiliser en mode tablette.
Sympa."
Bernard L.,"3,0",21 avril 2019,"Ravi de ce produit. Qualité et performance au rendez vous. Le touchpad est un peu trop sensible, il faut s'y habituer et l'écran un peu trop brillant mais je recommande cet ordi.
Seule énorme déception, le stylet n'est pas inclu dans le pack alors que la description sur le site Amazon et les photos sur le site d'asus le laisse comprendre. Une forme d'arnaque à mon goût. Sans ça j'aurai mis 5 étoiles."
Renaud,"1,0",21 février 2019,Défaut de fabrication sur la dalle. Remplacement effectué et encore un défaut.  Toute la production semble être touchée
Oxtrimo,"2,0",23 avril 2019,"La machine chauffe beaucoup, peut être parce que c'est trop compacte et la ventilation n'est pas trop bien ..
j'ai fait la comparaison entre Zenbook 13'3 et vivobook 14 ... (vous pouvez le toruver sur youtube); la différence c'est presque 10 dégrées pour la même opération (jeu ou computation)
J'ai retourné l'ordi ..."
Antoine Arribe,"5,0",15 février 2019,PC tout metallique et de conception semblant robuste. L'écran mate et son format 14p sont très agréables. Les performances au démarrage sont excellentes. Pareil pour l'arrêt. Je l'utilise principalement pour faire du son et pas de soucis avec malgré les VST utilisés.
JEAN-BERNARD DEVAUX,"5,0",8 février 2019,"Je l’ai acheté parce qu’il correspondait à une attente très précise de ma part. En effet, je suis un professionnel qui a besoin d’un outil alliant des besoins traditionnels et des conceptions 3D... parfait"
Théo SCHNECKENBURGER,"5,0",12 septembre 2018,"Un ordinateur idéal pour de la bureautique ainsi que l'utilisation de logiciels poussés tel que Photoshop ou Premiere Pro, convient parfaitement pour les personnes souhaitant profiter d'une grande mobilité avec leur ordinateur: il est fin et petit et peut donc se glisser dans tout type de sac à dos."
DE OLIVEIRA RODRIGUES CUSTODIA,"5,0",16 avril 2019,"Asus ux 480fd be27t après avoir eu le temps de bien essayer ce portable. J'en suis très satisfait il est léger compact et tiens vraiment bien la charge de plus on peut même se faire p,saisir en jouant avec ce portable . Petit défaut par contre portable pas complètement silencieux le ventilo hors jeux des fois se fait entendre sans usage excessif. Mais je chipote un peu c'est plutôt rare."
"""cleon30""","3,0",4 février 2019,Très bonnes specs techniques pour le prix (promo) mais fuites de lumière rédhibitoires sur le modèle que j'ai reçu
RolandK,"4,0",31 janvier 2019,"J’utilise l’ordi à titre professionnel. Il est très performant et mobile.
L’écran 14'' est très agreable, le clavier rétro éclairé et silencieux est très pratique.
Vrai Bémol : dans cette gamme chez Asus, ils ont tous le pavé numérique intégrer au Pad... Sauf celui là 😡. Utilisant des simulateurs de calcul et des fichiers Excel toute la journée : pas très pratiques."
IDRAKMYROS,"5,0",29 mai 2019,Je l'avais acheté pour mon petit fils pour ces études à Science Pô...il est pour l'instant très satisfait...pourvu que cela dur...
kagouillar,"5,0",9 avril 2019,"Ce PC portable est génial sous cette configuration, il avale des logiciels de 5 à 8 GO sans ralentissement ou erreur d'installation. L'écran est d'excellente qualité, idéal pour la vidéo ,  photos ou lecture de film en ligne , je l'ai reçu dans son emballage d'origine , rien à dire merci Amazon."
Jeremy,"4,0",22 mars 2019,"Très léger, très rapide et très silencieux. La qualité de l'écran est très bien. Seul le son et le pavé tactile sont moins biens mais ils restent de qualité correcte. L'écran parait plus grand car l'écran est très proche des bords!"
Guillaume vallade,"1,0",21 mai 2019,"Produit reconditionné reçu sale ( traces de doigts écran et clavier) avec écran défectueux.... retourné immédiatement, quel dommage!!! En attente du remboursement."
Amazon Kunde,"4,0",23 décembre 2018,Top.. Aucun bruit contrairement à  certains commentaires. Très noble et ça tourne à merveille. Je conseil dans les UP sous 1000 euro
Desgland J.,"5,0",23 février 2019,"En voyant les commentaire négatif, j’étais retissant pour le commander et finalement je l’ai pris et reçu aujourd’hui.
En conclusion, cet ordinateur portable est impeccable il est très léger, très rapide conforme à la description je vous le recommande sans hésité."
cyril pierson,"5,0",18 octobre 2018,fonctionne parfaitement
laurent joux,"5,0",25 janvier 2019,Excellent produit conforme à mon attente je conseil vivement cet article
Client d'Amazon,"4,0",9 janvier 2019,"Produit reçu avec un chargeur qui s'enleve tout le temps et la machine chauffe beaucoup avant que je ne finisse l'installation l'ordi chauffait déjà.
Je suis trop déçue d'Amazon le chargeur marche une fois sur 2."
GROSLAMBERT Didier,"5,0",1 février 2019,"Très belle finition, juste un peu surpris d'entendre légèrement le ventilateur ou quelque chose qui a l'air de tourner..."
Client d'Amazon,"4,0",29 janvier 2019,"Super Pc, design top ! Bref très content.
En revanche la livraison par UPS un désastre, 7 jours et un colis dans un état pitoyable, mais chance la boîte du pc était intact.... Pour un objet à ce prix je suis extrêmement déçu..."
Roger,"4,0",27 janvier 2019,Bon pc très rapide et très légé avec une bonne batterie qui tient au moins 8 heures en usage quotidien dommage que le ventilateur fasse beaucoup de bruit quand on solicite l'ordinateur
F.druesne,"5,0",1 février 2019,"ravi de la livraison de mon Asus
léger au design fin
bon rapport qualité prix
niveaux performance pas encore bien testé
je reviendrai pour approfondir mon expérience"
SKN2280,"5,0",3 juin 2019,"Excellent ultrabook, léger compact, écran bluffant. Plutôt puissant (fait tourner Photoshop / Illustrator sans broncher)
Belle autonomie (8h de Netflix en batterie)."
christophe peron,"5,0",9 janvier 2019,Très belle ordinateur
Client d'Amazon,"5,0",15 décembre 2018,"bonjour , j'ai pas trouver l'endroit d'empreinte digital comme il a marqué ?!
mais il reste de bon qualité même au niveau du l'envoie"
Vidal Marc,"5,0",18 février 2019,"Je l utilise depuis peu mais le trouve tres rapide, s allume et s eteint tres vite aussi. Je l utilise surtout pour de la bureautique."
Maël,"4,0",4 avril 2019,Je joue peu mais avec quelques gros titre et le pc tiens la route.
Client Kindle,"5,0",22 décembre 2018,C'est un bon investissement pour ceux qui exigent la rapidité et la haute qualité d'un ordinateur portable. Très satisfaisant ! !
Amazon Customer,"4,0",26 février 2019,Bien pour ce qui ne sont pas sur l'internet pour leur boulot.
Client d'Amazon,"5,0",21 janvier 2019,Acheté en soldes
da.,"5,0",24 février 2019,"contrairement à ce que j ai lu, le screenpad n empeche pas d avoir un touchpad réactif et précis.
Une bête de course"
Julien,"5,0",21 février 2019,Simple d utilisation ultra rapide j en suis ravi il fonctionne super bien
Suze,"5,0",9 août 2018,Pour effectuer des PowerPoint et saisie word
Mauro Savoca,"5,0",17 février 2019,"Très vite l'arrivée, très bonne qualité."
Client d'Amazon,"5,0",3 mai 2019,"On l'utilise à la maison, impeccable"
Acropolo,"5,0",8 septembre 2018,"après l'ajout d'un HDD 2,5"", c'est parfait"
Client d'Amazon,"5,0",2 février 2019,"tres bon petit pc , je recommande"
de pechpeyrou henri,"3,0",7 avril 2019,Ok facture reçue
Maarten Nicolaï,"5,0",15 janvier 2019,Mon expérience avec cet appareil est très positive.
Client d'Amazon,"5,0",18 janvier 2019,"Parfaite, rapida, légère. C'est génial."
Dany,"4,0",9 mai 2019,Rien
