user,rating,date,review
lw,"4,0",27 février 2019,"Téléphone utilisé pour le travail et en perso. Premier point, la double carte sim, dont la gestion est très bien faite, une couleur (que l'on peut choisir) par carte, association des contacts de façon intuitive et très simple. Et attention avec cette double sim il y a en plus un slot pour la carte SD, donc sim/sim/sd, le top. L'appareil photo est dénigré sur les tests, mais je le trouve réactif et les photos de bonne qualité (je compare au Sony XZ que j'avais avant celui ci). Le téléphone est rapide, réagi bien au tactile, pas de surcouche Motorola seulement les fameux gestes qui peuvent être pratique ou pas, on peut les activer ou désactiver. Pour ceux qui font beaucoup de voitures, la fonction que j'adore est la lecture vocale des SMS et des appels, très pratique pour ne pas quitter la route du regard, le bluetooth fonctionne à merveille également. Le son n'est pas exceptionnel mais pour un milieu de gamme il se défend bien, la prise en main est bonne, et l'écran est lumineux, testé en plein soleil, rien a redire de ce côté là.
Voici donc un téléphone qui remplit très bien ses fonctions, je ne mets pas 4 étoiles, car rien n'est parfait ;)"
Bouvet Philippe,"2,0",25 mars 2019,Neuf ? Pas de film de protection sur la lentille ! ni au dos (mais avec une coque en silicone) scellé déjà ouvert et mal refermé et emballage amazon non fermé.
mistretta patrice,"5,0",30 mars 2019,"Apres un mois dutilisation
Batterie: plus de 48h
Écran: j'avais peur de laisser mon samsung pour son écran.  Et bien le g7 à un écran au top. Aucun regret.
Et pas logiciel polluants obligatoires comme chez mon précédent mobile qui mangaient la moitié de la mémoire.
Reconnaissance empreinte instantanée et bonton bien placé,
Le tout est rapide et fluide
De plus les fonctions par geste qui sont excellentes"
gs,"4,0",6 avril 2019,"j'ai acheté ce smartphone car je n'aime pas ceux qu'il faut charger tout les jours. J'utilisais jusqu'ici un lenovo P2 qui a la même endurance, mais le motorola plus récent est vraiment bien.
Pour moi l'écran est largement suffisant même en plein soleil on y voit bien, il est fluide, agréable tenu en main même avec un poids pareil, et le top c'est sa batterie, qui pour mon usage tient vraiment bien.
Je n'ai pas trouvé la charge rapide efficace, je m'attendais à mieux, j'ai levé une étoile pour ça, sinon franchement c'est mon premier motorola et il n'a rien a envier aux smartphone qui coutent 100 € de plus, maintenant il faut espérer que les mises à jour suivront, car on est sur de l'android presque stock.
Alors pour ceux qui ne veulent pas recharger leur smartphone tout les soirs, je recommande vraiment celui-là, il est presque inépuisable......"
Thomas,"4,0",7 mars 2019,"Livré avec la dernière version d'Android (Pie, 9.0), ce téléphone a un excellent rapport qualité prix.
Pour un smartphone à moins de 300€:
- Belle finition
- Bon appareil photo
- 64 Go de stockage
- Turbo charge (chargé en 1h et tient bien plus d'une journée)
- Ecran 6'2 (presque un peu trop grand pour moi !)"
Client d'Amazon,"4,0",25 mars 2019,"C'est un très bon produit sauf qu'il ne possède pas de bousole, le réveil ou alarme ne fonctionne pas quad le téléphone est éteint, et il ne possède pas NFC"
FRANCIS M.,"4,0",2 avril 2019,"Usage basique : téléphone et sms, vlc pour les videos et gmaps.
Bon rapport qualité/prix, c'est mon avis de non spécialiste lambda.
Lorqu'on le connecte à une prise usb du Pc sous linux (Ubuntu 16.04), les fichiers ne sont pas montés automatiquement.
On peut chercher un moment pour trouver comment faire : il faut y accéder par le Gestionnaire de Fichiers.En finale,
ça marche.
Le tiroir extractible pour la carte sd et les cartes sim semble fragile à l'œil et incite à la manipulation en douceur, et
n'incite pas à extraire/insérer la carte sd fréquemment.
En résumé, après deux semaines d'usage, je suis satisfait de mon achat."
Gasse85,"5,0",31 mars 2019,Facile d'utilisation et rapport qualité prix excellent ce Motorola g7 est très bon voir même meilleur qu'un redmi note 7 que j'ai en ma possession je m'explique niveau photo la qualité du Motorola est là et ultra fluide dans la vie de tout les jours le note 7 ma déçu photo vraiment pas a la hauteur en même temps c'est un 48 mégapixels interpolé en 12 mégapixels capteur Samsung c'est pour ça que le Motorola est meilleur en photo et niveaux autonomie il vous fera la journée sans problème
Kiritoa160803,"4,0",23 février 2019,"Super smartphone.
Ces mots sont les seuls que j'ai trouvé pour le qualifier tellement il m'a emmerveiller et impressioné"
David,"4,0",22 mars 2019,"Venant d'un motorola g3,la différence est énorme au niveau performance,très bel écran,autonomie de la batterie excellente et en plus bénéficie du turbo power pour une charge rapide.
Livré avec une coque transparente.
J'en suis très satisfait à ce jour."
DFR Chris,"5,0",4 juin 2019,"Lassé de plusieurs années à utiliser des iPhones (3G 3GS 4S 5C et 7) j'ai décidé de sauter le pas pour aller chez Android sans me ruiner.
Après quelques comparatifs j'ai choisi le G7 suite a une remise d'Amazon 199€ au lieu de 249€.
Et je dois dire que je suis vraiment très satisfait de ce téléphone.
Les + :
Dernière version Android 9.0.
Belle écran. Lumineux.
Double sim + SD
Fusion de la carte SD permettant de réellement augmenter l'espace de stockage
Batterie impressionnante (je tiens plus de 2 jours ça change mon dernière iPhone.. bon j'ai pas insta ni FB)
Port jack
USB C (bon la charge rapide est plutôt Normal ++ que vraiment rapide)
Présence d'une coque transparente dans la boîte
Les - :
Photo correct sans plus. Cependant le mode portrait est très bien géré.
Qualité sonore du haut parleur médiocre
Le kit piéton est de mauvaise qualité
Je n'ai pas trouvé comment empêcher d'activer le mode avion quand le téléphone est verrouillé mais ça vient probablement de moi qui suis novice sur Android.
Personnellement le scellé était intact et la livraison rapide.
Je recommande fortement ce téléphone."
Eric BERNADAC,"5,0",12 mai 2019,"Je voulais un bon smartphone sans me ruiner. Je ne suis pas un joueur. Je voulais un Apn correct et une bonne puissance. Je suis trés agréablement surpris. Ce modéle me convient parfaitement, son autonomie fait que je ne suis plus en quête perpétuelle d'une prise murale ou d'un powerbank. Le service Amazon toujours au Top."
Manuela,"3,0",9 juin 2019,"Alors tout est parfait mise à part l'appareil photo, grosse déception de la qualité des panoramas digne d'un objectif 4 ou 5 mpx  ..  le reste des photos ça va .. le mode manuel est assez poussé pour faire ce qu'on veut mais ça prend du temps à régler. Le mode auto est fade et les couleurs aussi. La luminosité et le réglage du focus aussi en auto n'est pas aussi bien que je l'espérais ...  Les seuls photos d'excellentes qualités se font en mode manuel. Le mode 4K est dégueulasse quand on est en mouvement.. il y a du bruit (pixelisé). Mieux vaut rester en utra HD classique..  Franchement j'aurai du tester avant d'acheter... Je ne comprends toujours pas l'intérêt du double appareil photo... J'aurai du prendre le G7 plus ou le Power pour sa batterie résistante !"
Client d'Amazon,"4,0",8 avril 2019,"Excellent produit. très beau. Fin. Qualité d'image parfaite. Hyper facile à configurer. Très performant. Pour leprix, il n'y a pas mieux. En ce qui me concerne, je l'ai renvoyé car Motorola a retiré certaines configurations sur le Wifi et de ce fait, je ne peux plus connecter mon drone à mon portable. C'est vraiment dommage."
Fournel François,"5,0",5 juin 2019,"Très bon téléphone comme un haut de gamme avec la qualité photo en moins (double capteur au lieu de 3) et un processeur moins véloce (uniquement nécessaire pour les gamers et les gameuses). A l'usage quotidien, parfaitement fluide. Écran très moderne, lumineux et de qualité. Le gap de mon moto x de 2014 est flagrant sur l'écran et les perfs.
Très bon produit pour son prix. Autonomie une journée entière en usage normal (pas ou peu de jeu) à l'aise.
Encore une fois, Amazon me l'a envoyé en un éclair. Service béton."
Didier,"5,0",26 mai 2019,"Je suis iPhone et pour mon travail il me fallait un androïd pour une application de mon client. Je ne voulais pas mettre trop d'argent et je suis tombé sur ce smartphone. Il est parfait, répond vite, fluide ce qui me surprend encore! Je recommande ce smartphone!"
GRIMANA,"4,0",10 mai 2019,"belle construction,façile à utiliser,6 jours d'autonomie sans recharge,mais pour cela le poid se fait sentir,avec en plus plein de fonctionalité que l'ont ne trouve pas ailleur."
Manu75,"5,0",28 mai 2019,"Acheté à - de 200€, fluide, bel écran lumineux, aspect qualitatif, Android stock sans surcouche pénible, juste quelques outils pratiques signés ""Moto"", et surtout une batterie de 5000mAh vraiment increvable, je tiens souvent 3 jours dans une utilisation normale (tout dépend bien entendu de l'utilisation). Super avec Microsoft Launcher. Et quel plaisir de ne pas avoir un Samsung comme Mr Tout le monde :). Bref, je ne regrette certainement pas mon achat !"
Alain,"5,0",31 mai 2019,Pour le prix je la je n'avais jamais vu un téléphone aussi remarquable solide comme incroyable je ne trouve pas les mots impeccable fonctionne sur tous les points
abdelhamid tahar,"4,0",1 avril 2019,Produit raisonable pour amateur de motorola sous android avec recharge rapide mais ce qui ma déplu le telephone au bout de quelque jours deviens un peu long spporte pas trop d'application gourmande.
JC B.,"4,0",28 avril 2019,"Modele conforme a la description, sans NFC je crois (modele XT1955-4). La prise en main est agreable, le plus est la batterie de 5000 mAh. Pour l'instant apres juste une journee d'utilisation je suis tres satisfait du produit, c'est un modele basique sans fioritures mais avec beaucoup d'autonomie. Cette autonomie sera tres appreciable pendant de longues randonnees."
Yuko Mitani,"5,0",18 mars 2019,"Pour la gamme de portable moins de 300 euros, Moto G est imbattable."
Chtidoc,"5,0",2 juin 2019,"Comme toujours chez Motorola: un appareil de qualité, très fonctionnel, simple d'utilisation, beaucoup d'aides facilitant l'usage. J'espère qu'il me restera fidèle longtemps (ce que je crois car mes précédents Motorola sont toujours ""en vie"" !"
Jourdain,"5,0",20 mars 2019,ok
ML,"4,0",29 mai 2019,"Je suis passé un peu laborieusement du G5+ à ce G7. C'est moins bien confortable que sur un iPhone.
Ça le fait, mais, mais, mais, il y a un petit cliquetis sur le bouton de son.
Je ne sais pas si c'est normal, ou pas. Est-ce grave, docteurs ?"
Victor Juan,"5,0",25 mai 2019,"Depuis quelques jours d'utilisation, j'en suis très satisfait. Je l'utilise avec 2 SIM's et une carte memoire. Pas de risque de vider la batterie un jour de forte utilisation. Prestations plus que bonnes aussi."
Client d'Amazon,"5,0",27 mai 2019,"J'avais le G6 et n'ai pas hésité à me lancer avec le G7.
Bon téléphone, qualité de photo très bien.
Je recommande ce téléphone."
L.S,"4,0",21 mars 2019,Petit bémol sur l'encoche de l'écran que je n'apprécie pas particulièrement. Impeccable sur le reste.
Marlène GUERIN,"5,0",26 mai 2019,Motorola est une marque sûre et ce portable et parfait
MagFly,"5,0",8 juin 2019,Ma fille est satisfaite et le préfère au mien qui est un Motorola G4 Play. Elle trouve qu'il est plus facile 🤦🏼‍♀️ pourquoi pas 🤷🏼‍♀️
Client d'Amazon,"2,0",9 mai 2019,n a jamais fonctionné retour a l envoyeur..
Alain Guedes,"4,0",8 mai 2019,Belles photos bonne audio .peut être plus difficile à trouver un écran à remplacer !
Sachy Veronique,"5,0",23 avril 2019,Facile d'utilisation
claudio,"5,0",29 avril 2019,"Excellent ! Super smartphone, installation de la carte sim rapide et sans problème  !"
Joseph,"5,0",2 juin 2019,"J'arrive à utiliser ce téléphone pendant 3 jours sur une seule recharge.
Par contre les tonalités ne sont pas les meilleures du monde."
Komadan ,"4,0",30 mai 2019,"tout ce que cet appareil peut faire;
si amazone peut accepter me le revendre un deuxième u même prix, je racheterais du coup"
Amazon Customer,"4,0",12 mai 2019,Bon smartphone de moyenne gamme. Dommage qu'il n'y ait pas de notice digne de ce nom
viala isabelle,"5,0",9 juin 2019,Très bon téléphone avec son petit prix. Je recommande.
Josmar,"5,0",10 avril 2019,Top
Client Kindle,"4,0",17 mai 2019,Acheté pour son autonomie pour utiliser appli pour vae
Tattegrain Sabrina,"5,0",2 mai 2019,Tél au top pour le prix.
dominique ,"5,0",28 avril 2019,tres bon telephone il est super
Client d'Amazon,"5,0",13 avril 2019,Bon article. Pas de problème.
Dr Jones,"5,0",7 mars 2019,"C'est un terminal que je n'aurai pas spontanément recherché car je n'en connaissais
pas le nom, en revanche il est particulièrement agréable à utiliser et compare très
Favorablement avec les autres téléphones du marché dans sa gamme
L'écran large est particulièrement confortable pour la lecture de la presse et le travail sur les mails.
Le son et la photo sont très bons.
Consommatrice de vidéo sur mon téléphone, j'ai été agréablement surprise de la qualité et de la fluidité de l'image, ainsi que par les qualités d’affichage de l’écran.
L’interface Android est intuitive et l’écran tactile très réactif.
Mais surtout ce qui m'impressionne c'est la tenue et la rapidité de chargement de sa batterie.
Un très bon smartphone au bon rapport qualité/prix."
TesteurDeTout,"5,0",23 mars 2019,"Pas forcément les smartphones les plus cités et les plus répandus actuellement, les Motorola sont pourtant des appareils généralement d'excellente qualité.
Je disposais déjà, pour ma part, d'un Motorola Z Play 2 dont j'étais entièrement satisfait.
Ce modèle-là est un demi ton de gamme en dessous mais, à un prix moindre, propose un excellent rapport qualité prix.
Esthétiquement superbe, l'entrée en matière est bonne et le reste, dans l'ensemble, suit.
Je ne rentrerai pas dans les caractéristiques techniques puisque tout est indiqué sur la fiche descriptive, mais j'atteste d'une excellente qualité d'image de l'appareil photo intégré.
La taille de l'écran est pile poil idéale, car il n'est pas, à mon sens, trop grand, et pas trop petit non plus. Le juste milieu en somme. 6,2 pouces, rien à redire pour ma part.
Le processeur Qualcomm n'est pas, comme dit sur la fiche produit ""ultra rapide"" mais est largement dans la moyenne et contentera la majorité.
Pour ce qui est de l'OS, on est, évidemment sur Android. La version 9 Pie, en l'occurrence, qui est très agréable et facile d'utilisation.
Le temps de charge est, tout comme sur mon Moto Z Play 2, un peu plus rapide que la moyenne, me semble t-il.
L'appareil est pourvu d'un double lecteur de cartes SIM, ce qui peut se révéler pratique dans certaines situations, et il y a également de la place pour une carte SD.
Pour le reste, comme sur le Moto Z Play, il est possible d'activer certaines fonctions par des gestes, comme prendre une photo, allumer la lampe torche en secouant l'appareil, etc.
Cela peut faire sourire à première vue mais c'est réellement intéressant.
Mon unique petite réserve concerne les 4 GO de ram. Un poil faiblard à ce prix même si cela reste correct.
En résumé, un excellent smartphone à un prix compétitif. De quoi se laisser séduire !"
Mathieu,"4,0",19 mars 2019,Bonjour les photos sont tel catastrophique a ce que j'ai pu en entendre est il en fonction de filmer en 4k le g7 power merci et t'il meilleur que le ZenFone max pro M1 merci de vos réponses
Laurent,"5,0",24 février 2019,"Grand écran, très rapide, un Android 9 dernier cri, lecteur d'empreinte qui tombe sous l'index sans meme chercher.
Gestion de 2 SIM et d'une SD, Bref très content de mon achat"
Guiseppe V.,"5,0",6 avril 2019,"Pour son prix il est trop bien !!!
Fan de Motorola de la 1er heures je n'ai changerai pour rien...rien que pour les moto geste ;)
Le capteur d'empreinte au dos est trop pratique pour ouvre le telephone cash
L'écran est bien grand, bien lumineux
Le son pete bien
Avec la prise fournie il ce recharge en 30min
De toute facon d'en 1 ans y'en aura un mieux donc ca sert a rien de mettre plus cher dans un smartphone !!!"
Pascal RIQUET,"5,0",19 mars 2019,"Après une semaine d'utilisation.
Bon téléphone pour une utilisation classique.  Très bonne autonomie. Bel écran. Réagi très bien"
Seven Sam,"3,0",21 mai 2019,"Je comprend pas, je l'aurais acheter ici en Belgique il y aurais eu le nfc et sur ce modèle il n'existe pas... Bon on peu s'en passer, mais je ne comprend vraiment pas cette différence entre pays..."
Titof,"5,0",15 mai 2019,"MOTO G7 PLAY
Les + :
Bon écran
Bonne prise en main
Malgré le full plastique, bonne qualité de fabrication.
Performances assez bonnes pour un entrée de gamme
Qualité photo correcte mais en bonne luminosité
Autonomie phénoménale
Charge rapide et USB C
Android Pie 9.0 version proche du stock
Les - :
Photo de nuit.
2 go de ram mais le téléphone est assez réactif, j'aurai mis 3go au moins."
thierry,"5,0",8 mai 2019,"Ayant Déjà eu des Motorola , celui ci comme smart de réserve et parfait, petit format très belle écran bonne fluidité, interface pure android avec un soupçon de Motorola bienvenue, appareil photos moyen mais correct pour le prix, sortir jack 3.5 cool…. Autonomie très correct ( en fonction de son utilisation ) Il se glisse dans une poche ou veste très discret et léger, belle aspect  et qualite de fabrication au rendez vous ."
Eric RIET,"5,0",13 mai 2019,"Parfait excellent rapport qualité prix.
Le seul reproche est le poids dans cette version Power, mais bon plus d'autonomie veut dire plus grosse batterie et donc appareil plus lourd...
Très très bien"
bibi,"4,0",20 mai 2019,Nickel sauf... pas de capteur Compass/magnetomètre. Dommage c'était un de mes critères d'achat. Trompé par GSMarena. Le site Motorola n'en fait effectivement pas mention.
Marcel8854,"5,0",26 mai 2019,"Remplace Moto G5s que j'ai donné, charge super rapide plus de fonction que le G5s prise empreinte au dos et arrêt par touche du côté pour moi un peu moins bien que G5S mais excellent appareil pour ce pris . Satisfait"
Philip,"5,0",3 juin 2019,"Parfait pour le prix. Ça fonctionne parfaitement. Un négatif mineur, je souhaite que l'empreinte digitale est restée sur le devant plutôt que sur le dos."
July,"5,0",20 avril 2019,Téléphone parfait répond à mes attentes..et sa housse en silicone en plus c top
liloue,"4,0",9 juin 2019,Toujours contente de Motorola !! Très bon rapport qualité prix...
Hlc,"5,0",5 juin 2019,"Très bon téléphone, acheté pour remplacer un .... Moto G de seconde génération (2013) qui était toujours pas trop mal .....
Autonomie au top et performances de bon niveau."
Amazon Customer,"5,0",29 avril 2019,"Rapport qualité -prix est super!
Excellent for the price."
