user,rating,date,review
CartoRaptor,"5,0",7 avril 2019,"Excellent téléphone à un prix imbattable.
Tient largement plus d'une journée d'utilisation intensive ( Netflix, YouTube, Spotify, réseaux sociaux,...).
Aucun ralentissement ou bug constaté.
Les features IA font un peu gadget (emoji à reconnaissance facile, réalité augmentée,...), mais, en même temps, il faut bien faire du marketing !
Pour ce qui est de la charge, il passe de 5% à 100% en 1h20 chrono.
Malgré sa grande taille, il tient très bien en main.
Et enfin, c'est un vrai bonheur que regarder des films sur son large écran.
N'hésitez pas à cliquer sur le bouton ""utile"" si ce commentaire vous a paru pertinent !"
Loïc,"5,0",17 novembre 2018,"J'utilise ce smartphone à titre pro et particulier.
J'ai été agréablement surpris par la durée de la batterie. Un vrai plus.
Le téléphone est réactif, c'est appréciable.
Pour le moment, j'ai juste encore un peu de mal avec l'encoche en haut qui limite le nombre de notifications affichées"
Romane Clausse ,"1,0",10 janvier 2019,"Points positifs :
- Bel appareil
- Autonomie
Points négatifs :
- Au bout de 3 jours d'utilisation, je remarque des ralentissements et de nombreuses applications ne répondent pas, je dois forcer la fermeture, parfois redémarrer le téléphone
- Le téléphone indique que la carte SD est endommagée. Mon cas n'est pas isolé (source : https://forum-huawei.com/threads/probleme-micro-sd-toujours-le-message-carte-endommagee.1194/)
Je suis extrêmement déçue et énervée, je vais le renvoyer et vais devoir chercher un nouveau smartphone..."
Jeff. R,"5,0",25 novembre 2018,"Livraison ultra rapide. Normalement prévue 2 semaines après la commande, je l’ai reçue le lendemain. Seul l’emballage laisse à désirer ( un simple carton comme pour un livre, sans aucune protection). Concernant le téléphone, il est parfait. Excellente qualité, beaucoup de possibilités. Les photos et vidéos sont vraiment sympas et la batterie tient bien le coup. A acheter les yeux fermés."
Julien L78955,"5,0",21 février 2019,"Téléphone très sympa par son design, sa finition, sa taille, sa couleur (bleue).
Le système Androïde est fluide et fourni un bon programme.
Après plusieurs mois d’utilisation intense, je suis très content de cet achat! Au passage le rapport qualité prix est top!!
Seul bémol, comme toutes les téléphones de moyenne gamme (sous 500-600 euros), l’appareil n’est pas toujours au top par contre. Il faut suivre un petit cours/titi pour bien utiliser les modules de l’appareil en manuel et faire des photos sympas car en automatique, le téléphone cherche toujours à se régler tout seul (capture,ouverture...) et le flou peut apparaître au mauvais moment.
Côté jeux, les graphismes sont sympas, les couleurs sont agréables.
L’autre point négatif et bien que le téléphone soit beau esthétiquement, il glisse pas mal !!
Privilegiez une housse pour éviter une chute les premiers jours !
La dalle HD est au top pour le prix du matériel.
Je recommande le téléphone sans problème, surtout pour le prix !"
Thierry Chich,"4,0",14 septembre 2018,"Le Huawei mate 20 lite, c’est un joli écran - LCD, mais contrasté quand même. C’est aussi un processeur correct, de la mémoire en quantité suffisante et un look d’iphone X. C’est aussi une épaisseur bien maîtrisée, un design en rondeur très qualitatif. Bref, une apparence vraiment très réussie. Même si, avec une un dos en verre et des objectifs arrières qui dépassent, on l’inserera forcément dans une bonne grosse housse, on est content d’avoir un bel objet.
J’ai découvert avec ce téléphone la surcouche Huawei qui copie IOS et je dois dire que je la trouve très réussie. En supprimant le menu des applications et en le remplaçant par le le bureau, on élimine un niveau de complexité d’Android qui ne me parait pas très utile.
Pour ce qui est des photos, le nombre d’objectifs (deux avants et deux arrieres) ne suffisent pas à se hausser au niveau du haut de gamme. Les photos sont belles tant que la lumière est suffisante. Après, elles perdent rapidement de leur superbe. Quant à la promesse de l’IA, je la trouve inégalement réalisée. Dans certain cas, l’IA se contente de saturer les couleurs (comme on peut le voir sur la photo de gauche). Parfois, elle permet de détecter le type de photo que l’on veut prendre et de proposer des réglages. Pour le selfie par exemple, l’IA vous propose de lisser les défauts du visage: à son maximum, ça vous fait un peu ressembler à une poupée, mais c’est réglable et c’est quand même assez malin.
Une mention à la reconnaissance faciale qui marche pas mal du tout. Le fait d’utiliser un double objectif améliore la sécurité du procédé. Le téléphone ne se déverrouille plus à la présentation d’une simple photo (j'ai essayé). En revanche, il y a des chances qu’elle ne fonctionne plus si vous enlevez vos lunettes. Elle ne fonctionne pas non plus la nuit. Mais comme il est possible de mixer reconnaissance faciale et empreinte digitale, ça reste tout à fait fonctionnel.
J’allais oublier l’autonomie : rien à dire de ce côté. L’angoisse du chargeur n’est plus de mise.
En résumé, c’est un bon téléphone de moyenne gamme, bien fini, joli et performant. A mon sens, il deviendra franchement très attractif quand il sera aux alentours de 300 euros, ce qui ne saurait tarder.
04/2019: aujourd’hui, on le trouve fréquemment autour de 230€. Il tient toujours bien le coup. J’ai trouvé une coque extérieure très satisfaisante, mais j’ai eu moins de succès aves la protection en verre trempée - qui ne s’adapte pas bien. Quoiqu’il en soit, rien à dire de particulier sur le téléphone lui-même."
Lili,"5,0",17 novembre 2018,Agréablement surprise je suis passer de Samsung à  Huawei se resemble beaucoup je trouve
Mich,"5,0",1 décembre 2018,"Mon tel est mon outil de travail. Mon épouse utilise un Huawei depuis 4 ans et moi un Samsung s7 pour lequel j'étais insatisfait. Ce tel est très simple d'utilisation, d'une bonne taille, tactile très agréable et photos extraordinaires. Aucun regret pour l'instant."
Client d'Amazon,"5,0",12 janvier 2019,"Au delà de mes attentes malgré une priwe en main au magasin.
- bonne ergonomie.
- agréablement surpris par l'appareil photo. Déjà pout le grand angle et de nuit (iphone décevant). À titre de comparaison, il est nettement meilleur que le galaxy s7 et que l'iphone 6s plus (que j'ai gardé plus de 3 ans depuis sa sortie) en netteté de jour et surtout nuit.
- rapide
- BATTERIE: 2 jrs en utilisation normal (sans jeux mais avec mail, réseaux sociaux (whatsapp, fb, snap....) navigation gps waze ou maps) incomparable avec un iphone 🤣
- design sympa
Sur la durée, il y a de fortes chances que ça vieillisse plus mal qu'un iphone (casse touche de deverouillage à venir sans doute vu le jeu hasardeux)"
Antoine Rouby,"3,0",7 avril 2019,"Ce smartphone pour son prix est juste excellent si on les compare aux Samsung ou iPhone. Les photos sont belles, la reconnaissance facile et l'empreinte digitale réactifs et l'ecran est lui splendide !
Seul petit bémol... Je ne pense pas qu'il soit d'occasion mais il y avait à son arrivée une micro rayure sur l'écran... L'expéditeur est en Angleterre alors j'ai décidé de le garder mais bon.
N'hésitez pas à définir mon commentaire comme utile, ça me fais plaisir, MERCI !!"
BENOIT,"4,0",11 décembre 2018,"Livraison rapide, produit de qualité
Ancien Huawei p9 lite, je suis conquis
L'autonomie est super moi qui joue bcp aux jeux tu style yugi oh et dokkan, 70% de batterie après une utilisation de 9h00 à maintenant 14h00 !
Chapeau Huawei, je recommande"
CÉLINE ,"5,0",2 décembre 2018,Je recommande ce type de téléphone qui a toute les qualités que j'ai besoin
ManyVAVI,"5,0",15 décembre 2018,"Très content du produit. Après 2 semaines d'utilisation je suis agréablement surpris de la durée de la batterie malgré mon utilisation intensive. Après à voir sur la duree de vie globale du téléphone mais pour l'instant ravi.
Pour le reste niveau rapport qualité prix la capacité de stockage est satisfaisante pour avoir nombreuses applications et photos musiques et vidéos en quantité.
Je conseille donc ce produit"
Client d'Amazon,"1,0",18 mars 2019,"N'achetez pas ce téléphone si vous souhaitez utiliser une carte SD avec.
Le téléphone ne la détecte qu'aléatoirement, et la plupart du temps vous avez un message d'erreur ""carte sd endommagée"". Après en avoir achetée une neuve et constaté le même problème, il ne m'a pas fallu longtemps pour chercher sur internet et découvrir que ce problème est d’ampleur mondiale. Ce modèle est donc tout pourri. Je suis enchantée d'avoir découvert que le problème venait du modèle UNE FOIS QUE le retour Amazon n'était plus disponible. Merci Huawei pour m'avoir fais perdre mon temps et mon argent."
Maxime LELIEVRE,"5,0",22 mars 2019,"Après un mois d'utilisation, voici mon retour :
Les plus :
+ un écran de bonne qualité
+ une bonne autonomie
+ un prix correct
+ une bonne mémoire interne
+ des bonnes performances
Les moins :
- une surcouche Huawei un peu envahissante
- n'accepte pas les cartes SD (mais les NM)
- la carte NM prend l'emplacement de la seconde carte SIM"
MARQUANT,"5,0",31 décembre 2018,"Merci à Amazon mon téléphone est arrivé avec de l'avance.
Ce portable est vraiment super si vous aimez regarder des vidéos ou des films vu la taille de l'écran cela est vraiment agréable.
La durée de batterie est folle j'en ai été agréablement surprise.
Les photos sont très bien pour le prix de ce téléphone. Et il est très simple d'utilisation."
Rizou,"5,0",1 décembre 2018,"honnêtement je me tâtais depuis un moment et puiw j ai sautéle pas. très bon produit il n a rien a envier a ses concurents americain et coréen. il a tout alors foncez !!!
livraison au top super rapide arrivée 3jrs plus tôt, vendeur serieux rien a dire"
Julien Dequaire,"3,0",23 mars 2019,"C'est un téléphone de qualité mais qui a encore des lacunes importantes à combler, notamment en terme de qualité photo, qui laisse à désirer.
J'applaudis tout de même l'effort de Huawei pour cet article vendu au prix de ce qui est aujourd'hui du bas de gamme. J'en étais satisfait mais j'ai dû le retourner pour un défaut au niveau du chargeur (il n'y avait pas de retour).
Je pense réessayer cette marque plus tard sur des modèles ultérieurs."
Louis Moll,"3,0",11 janvier 2019,"Pour 300e je pense que c'est un excellent rapport qualité prix.
Cependant son prix se traduit par un ecran moyen, un appareil photo vraiment pas terrible et une lenteur assez remarquable surtout dans des applications comme Snapchat ou Instagram.
L'autonomie est bonne mais pas meilleure que sur mon One plus 6T.
Design très propre, taille confortable. Pour son prix peut être plutôt se tourner vers un Honor Play ou Pocophone."
Emeline,"5,0",15 avril 2019,"J’aime beaucoup.
Le déverrouillage par empreinte.
La qualité photo.
La qualité de l’image.
Interface simple et neutre.
La grandeur de l’écran.
La finesse du téléphone.
Cependant
La qualité du son est à améliorer.
Le maintient de la charge également.
Je vous recommande bien sûr sans hésitation."
rouat celena MR LAMY VINCENT,"5,0",22 mars 2019,J'avais le p20 lite il m'a lâche en 4mois la carte mer à lâche je cherche un téléphone qui soit plus performant et je suis tombé suis selui la niveau prise en main rien a dire les photos sont parfaite ensuite je viens de l'achète à mon marié car il et juste parfait le prix et attractif je recommande il et plus que parfait le deuxième que j'achète en 4jour 😂
N3D0R,"5,0",9 avril 2019,"Je ne suis pas une utilisatrice très experte : j'utilise mon smartphone pour aller sur internet et les réseaux sociaux, organiser mon emploi du temps et mes voyages, la base. Je dirais que j'en ai une utilisation active (écran allumé) environ 2h30-3h/jour.
J'ai ce terminal depuis un peu plus de 6 mois maintenant et j'en suis très satisfaite :
> Charge rapide (grosso modo 1h pour 100%, vive USB-C) qui me dure deux jours avec encore un peu de marge
> Bel écran
> Bonne fludité même avec plein d'apps ouvertes (hors gaming que je n'ai pas testé)
> Dual sim pratique pour les voyages
> OS agréable
Si je dois donner des points négatifs :
> Photos OK mais sans plus
> Difficulté de trouver une vitre de protection qui couvre la totalité de la surface de l'écran (ou alors je suis nulle ^^)
En bref, je l'ai acheté 150€ plus cher que ce qu'il vaut à présent et même à ce prix là je trouve qu'il vaut le coup donc maintenant il est clairement hyper intéressant !"
Alban,"5,0",14 mai 2019,"Si vous ne jouez guère, ne comptez pas sur l'appareil photo pour faire des chef d'œuvre, il est fait pour vous !!
Je suis super satisfait de ce téléphone construit très sérieusement. Seuls les boutons latéraux de son et d'allumage demanderai à être retravailler. Ergonomique ment parlant il rivalise avec ses collègues deux fois plus cher, il est agreable au touché et réactif au niveau de l'écran.
La batterie est exceptionnelle vous serez ravi de la durée d'utilisation dont vous bénéficier.
Côté photographie la qualité n'est pas à la hauteur néanmoins si vous demander simplement des résultats modeste. il fait largement le job.
Pour mon utilisation massivement orienté internet et lecture vidéo il est génial et peu cher.
Sans regret investir plus ne vaut pas le coup.  Le lecteur d'empreinte marche extrêmement bien aussi.
Livré dans une simple boîte avec chargeur, casque micro petite aiguille pour la trappe à carte sim et une protection plastique pour l'écran (ce n'est pas un verre trempé) mais j'apprécie le geste.
Pas de manuel d'utilisation ou de mise en route, seul le plastique de protection au dos du téléphone vous indiquera comment procéder pour insérer la sim dans son logement. C'est un peut court de ce côté là après si vous êtes familier d'Android il n'y a rien à savoir de plus.
Profitez en bien. Message écrit avec ce téléphone."
Auriaux Claude,"3,0",21 janvier 2019,"Qualité des photos insuffisante pour un appareil de cette game. La notice téléchargée n'aborde pas la totalité des fonctions (gestion du carnet d'adresses, passage carte SD et mémoire propre ...  par exemple"
Lili09,"5,0",28 avril 2019,"Bon téléphone. Biensur c'est pas un téléphone haut de gamme. Il est super super d'abord il est beau, et très facile d'utilisation. Pour moi qui aime voir les vidéos et les films grâce à son grand écran il est très bien. Le top c'est la durée de la batterie qui me dure 2 jours sans problème avec une utilisation correcte. Pour les photos il est très bien. Franchement vu son prix je recommande sans problème. Merci Amazon pour son envoi soigné et rapide arrivé un jour avant."
Elizabeth,"5,0",5 avril 2019,"Après beaucoup d hésitation j ai acheté ce téléphone
Et je suis ne suis  absolument pas déçue. Bien au contraire.
J 'apprécie le grand écran  la grande capacité de stockage la prise en main très simple. Et l' appareil photo est tout simplement génial. Je me régale  pour la qualité de l image et les différentes fonctions
La batterie tiend bien ses promesses. Je recommande ce téléphone
Merci au vendeur  pour l 'envoi très rapide et à sa réactivité suite à une demande
Merci à Amazon"
Scarano domenico,"4,0",29 mars 2019,"je suis satisfait du fonctionnement du smartphone Huawei mate 20 lite répond bien le son ça va prise en main faut faire attention si vous avez de petite main ces pas mon cas mes d'autres l'on essayé et constater que il est grand si non impeccable jusqu’aujourd’hui  l'autonomie tiens 5 jours avec mon utilisation
il manque la carte sd qui doit être fournie avec."
Sylvie ZABOTTI,"5,0",2 mars 2019,"Téléphone très facile en mettre en route, choix des applications, chargement rapide en remplacement de mon SAMSUNG S4 qui n'avait que 16 GB donc limité pour mettre des nouvelles applis. Reçu à la date prévue. Prix promo à 259 € couleur OR."
slania,"5,0",1 juin 2019,Je possède un redmi note 7 et je viens d'offrir a madame  le mate 20 lite. Ayant tester les 2 je trouve que le mate 20 lite a quelques qualité supérieur au note 7 .Il est plus fin la qualité photo de jour est un rien supérieur. Niveau autonomie les 2 sont très endurant.Niveau puissance CPU et GPU ils sont très proche (140000 Antutu) Wifi et 4G parfait bref les 2 se valent.Le mate 20 lite est toujours de base sur Android 8.1 le 9 devrais voir le jour très rapidement.Pour info Compte google et play store tout y est no stress entre les ricains et les chinois a ce niveau là. Bref madame est sous le charme de ce mate 20 lite
Davina,"5,0",19 mai 2019,"Après deux jours d'utilisation je suis conquise, j'avais p9 lite j'ai fais un clonage de mon ancien téléphone et j'ai retrouvé presque tout sur le nouveau (sauf les codes applications lol j'ai galéré un peu du coup) j'en suis ravie et le recommande et je l'ai reçu très rapidement commandé jeudi soir reçu samedi matin"
Piafette01,"5,0",22 janvier 2019,"Acheté pour remplacer un Samsung S7 il fait très bien son travail. Je le trouve même + intelligent que Samsung au niveau de la rédaction des SMS avec l'écriture prédictive et même la proposition d'emojis automatiques en fonction de ce qui est écrit.
La batterie tient 2 jours complets même avec 1 utilisation assez intensive.
Son grand écran est agréable pour regarder des vidéos (c'est pour cela que j'ai préféré prendre le Mate que le P20)"
Rousset Marie-Laure c/o Kersauze Anne-Marie,"5,0",12 février 2019,"J'utilise ce téléphone pour une utilisation personnelle. J'ai lâché mon iPhone 6S pour celui-ci et je ne le regrette absolument pas. L'écran et malheur les fonctionnalités sont bien plus grandes et aussi faciles d'utilisation. Le lecteur d'empreinte est plus rapide et la reconnaissance facials super pratique ! L'appareil photo est par contre pas un très bon point mais il fait le job !
Je recommande vivement ce huawei mate 20lite"
Ferdinand ,"5,0",8 février 2019,"Déçu de la marque Apple avec de nombreux problèmes liés à l'obsolescence programmée, j'ai décidé de me tourner vers un appareil Android et je dois avouer que je suis vraiment surpris de la performance et la qualité de cet Huawei mate 20 lite. Super appareil, bardé d'options et de réglages possible et inimaginable, batterie qui tient en utilisation intensive ! Appareil photos excellent, Je ne suis pas prêt de retourner chez Apple"
Kanon,"5,0",15 mars 2019,"Ayant eu un Sony Xperia qui m’a beaucoup déçu, je suis enchanté par ce téléphone et toutes ses fonctions, dont la reconnaissance faciale qui est vraiment efficace, il ne se déverrouille vraiment qu’avec moi.
Les photos sont de bonne qualité et la fonction qui éclaire l’écran pour prendre un selfie en pleine nuit est assez efficace.
Je recommande fortement ce téléphone surtout au prix où il est en ce moment."
Lassalle emilie,"5,0",30 mai 2019,"J adore, très bonne tenue de la batterie, qualité de l image très bonne ainsi que la qualité des photos. Niveau son on reste un peu comme tout les smartphones c est a dire pas vraiment fort. Ça reste un très bon téléphone. Je ne suis vraiment pas déçue de cet achat je le recommande ! Très bon rapport qualité."
jduchemi,"5,0",8 avril 2019,Très bonne autonomie de la batterie surtout si l'on programme un sommeil nocturne. Photos et son de bon niveau.
Client d'Amazon,"4,0",30 avril 2019,"Je suis passé de la gamme LG (G4 et G6) à Huawei et ce smartphone qui était très bien noté et pour un prix très accessible et pour une forte utilisation pro. Qualité vidéo et photo vraiment top ! Fluidité des applis et la reconnaissance faciale très réactive.
Seul gros bémol dans mon cas car je vois dans les autres commentaires que ce n'est pas le cas, c'est la durée de la batterie. Ne tient absolument pas la journée, pas plus que mon LG G6 au bout de 15 mois !
En espérant ce commentaire utile."
Audrey - ElP,"5,0",24 janvier 2019,"je ne pensais pas que la qualité été aussi génial, vivement que je reçoive ma coque pour l'utiliser sans peur, vu qu'il est en verre On ne sait jamais ;-)"
Mathilde Pommier,"5,0",2 janvier 2019,Super téléphone reçu rapidement même en période de fêtes. Pas déçue de huawei et je recommande à 100% gros avantage sur la durée de la batterie et qualité des photos. L'emballage était intact cependant il serait bien de sécuriser davantage le colis.
Jessica BEGHIEN,"5,0",6 juin 2019,"Correspond tout à fait à mes attentes. Dans carton officiel Huawei. Juste oreillettes de basse qualité mais le téléphone est beau, rapide, et dynamique.
Je le recommande vivement mais à voir avec le temps."
YELLO JACKET,"5,0",21 février 2019,"Bonjour.
C'est un excellent produit. Je l'avais offert à ma moitié pour la Saint Valentin.
Et comme je ne savais quoi, choisir comme téléphone.
Je m'en suis racheté un autre.
Pour son, il est bluffant.
N'hésitez pas.
Merci beaucoup à la boutique
TEKNO STORE.
IMPECCABLE.
LE NOUVEAU COMMANDÉ, LE 20/02, EN ATTENTE DE RÉCEPTION AUJOURD'HUI.
MERCI. TEKNO STORE"
Marie-Pierre,"4,0",13 avril 2019,"Je trouve les Huawei pratiques simples d'utilisation, j'avais un p8 lite 2017 qui n'avait que 16GO, dont la carte SD buggait et qui m'a été volé. Celui-ci à 64GO, je n'ai pas essayé de mettre une SD encore mais j'ai lu que le problème était récurrent sur les Huawei. Après un mois d'utilisation il présente quelques problèmes de localisation GPS avec Google map (déjà rencontré avec le p8) et la qualité des photos est vraiment décevante (surexposées et pas nettes). Cela ne gêne pas mon utilisation, mais je changerai sûrement de marque pour mon prochain achat."
Jacques,"5,0",18 mars 2019,"Produit bien au-delà de mes attentes que ce soit par ses qualités techniques, le son, l'image,toutes ses applications preintegrees, la durée de la batterie (un à deux jours) pour les accros comme moi), rien à redire, c'est le meilleur appareil que j'ai eu jusqu'ici alors que je suis passé par les plus grandes marques qui elles m'ont déçu, je ne changerais plus dorénavant car complètement satisfait !!!
Choisissez le et vous ne le regretterez pas !!
Pour ne pas être surpris, prévoyez que ce smartphone n'accepte que les nanosims."
marc,"1,0",13 mars 2019,"L'ensemble est plus que raisonnable.
Dommage qu'il détruise les cartes sd c'est apparemment un problème récurrent sur ce modèle.
Je le retourne contre remboursement."
Client d'Amazon,"1,0",3 juin 2019,"Usage normal - appels,  mms , sms, photo.
Le clavier du appareil à "" sa propre vie"" - par exemple - pendant que je suis en train d'écrire un simple sms, il "" decide "" de se diriger sur l'ecran d'accueil... c'est tellement énervant.  Il n'est pas du tout pratique ni performant....
Sortant d'un Samsung tout simple, je regrette amèrement cette expérience."
Habitant idl,"4,0",30 avril 2019,Meilleurs qu'un iPhone 6 sur tout les points. Beaucoup de gadgets marrant pour les photos et vidéos. Le plus impressionnant c'est quand même la durée de la batterie.
Maelys Talvat,"5,0",2 janvier 2019,"Ravie de ce smartphone !! Facile d'utilisation, grand ce qui permet une bonne visibilité de chaque détail sur l'écran.
La batterie tiens très bien malgré l'utilisation quotidienne !!!!
Le son et la qualité image est net.
Je conseil ce smartphone ! Très bon rapport qualité/prix !"
Client d'Amazon,"5,0",28 février 2019,"agréablement surprise pour le prix !! je suis passé d'un iphone à un huawei et comment dire ?! je ne regrette pas du tout bien au contraire !!! la batterie me tien 3 jours sur le huawei mate 20 lite alors que chez iphone c'était 1 journée et encore!
bref rien à dire pour le moment il me convient parfaitement ."
julie dedit,"5,0",5 juin 2019,Très bon smartphone avec beaucoup d'effets pour les photos. Très bonne qualité. Je recommande sans hésitation. Je l'ai pris en bleu et il est super beau
Antoine J.,"1,0",19 mai 2019,"Si comme moi vous jouez a des jeux ou il faut bouger une camera ou un joystick ( guns of boom, dragon nest, vainglory ), oubliez ce telephone il y a une bonne demi seconde entre le moment ou vous bouger votre doigt et le moment ou l'appareil réagit, donc a proscrire totalement pour les jeux d'action et les autres truc genre candy crush, même chose, un telephone avec autant de performance mais qui ne permet pas de jouer confortablement c'est bof bof."
Yves Achour,"5,0",22 janvier 2019,"Je suis très heureux d'avoir acheté cet appareil qui fonctionne parfaitement bien.
Appareil très très très rapide et les photos sont excellentes."
Gwen,"5,0",24 mai 2019,"J'ai acheté ce smartphone un peu en urgence car j'avais inopinément cassé mon Huawei mate 10 lite. Grâce à livraison en une journée je l'ai reçu le lendemain.
Ce smartphone répond parfaitement à mes besoins, la navigation est rapide et fluide, il prend de jolie photo, la batterie tient très bien je n'ai plus besoin de recharger mon smartphone tous les soirs. C'est un très bon achat et un excellent rapport qualité prix."
Raymond,"5,0",10 février 2019,"Très esthétique, agréable au toucher, réactif avec de nombreuses fonctions. Une caméra de très bonne qualité, il n'y a que du bon. L'écran est son plus gros atout à mon sens! Le borderless fait en sorte que le téléphone ait une taille raisonnable! Le format très vertical est vraiment très utile."
Gana,"4,0",17 mars 2019,"Les points forts :
* L'autonomie (2 à 3 jours selon les usages)
* Paiement par NFC très rapide
Les points faibles :
* Notifications fonctionnent mal
* Rétro-eclérage dans le noir"
Client d'Amazon,"5,0",13 janvier 2019,"Achat il y a peu de temps. Entièrement satisfaite,le téléphone est rapide avec un bonne memoire de stockage. La qualité du son est un moins performante que Samsung.
Le seule point negatif a été la livraison mais réglé par Amazon avec un dédommagement."
remy pointel,"5,0",20 octobre 2018,"très bon produit, bonne visibilité  , livraison comme prévue"
routier huguette et bruno,"5,0",11 février 2019,Un très bon téléphone avec une très bonne autonomie.en utilisant les jeux et les différentes applications la batterie tient toute la journée aisément. Très Facile d'utilisation. Et très bon rapport qualité prix.
Client d'Amazon,"5,0",25 mai 2019,"Une très bonne qualité, mais c'est dommage que il ya beaucoup de pub sur l'écran à chaque fois que il est allumé.
Mais en bonne qualité pour le prix.
Je suis content, même avec le retard en livraison.
Observation. Just il faut plus faire livraison avec le colis privé.
Ils sont nulle et aucun respect avec les clients que cherche par tout les colis que sont confié à eux.
Merci"
Tweed,"5,0",11 mai 2019,"Ayant acheté ce modèle il y a un moment, mon conjoint conquis me l'a réclamer! Fidèle à huawei, nous sommes ravis de nos achats.
Une bonne autonomie (accro aux jeux sur portable), une capacité de mémoire plus qu'interessante, ce portable saura vous combler."
Mathilde Land,"5,0",30 mai 2019,J'aime beaucoup ce téléphone ! Très beau esthétiquement il a aussi une très bonne autonomie et une superbe qualité de photos avant et arrière.
CAROLO24,"5,0",28 mai 2019,"Très joli portable, bonne facilité à utiliser. Je ne regrette pas mon achat, je suis ravie, me convient parfaitement."
caroline,"4,0",7 mai 2019,"Très bon téléphone , bon rapport qualité-prix. Les photos sont superbes . Les couleurs sont belles . Très facile à utiliser ."
Erich Groeger,"3,0",14 mars 2019,Le téléphone est arrivé parfaitement. mais la boîte est arrivée très gâtée. C'est la version internationale allemande. car ils ont plusieurs applications installées en allemand.
Nessa,"5,0",21 avril 2019,"La notice est écrite en langues étrangères pas de français. je n'ai pas encore utiliser le téléphone mais déjà le clavier apparaît et disparaît lorsque je veux écrire donc impossible, je ne comprend pas car je n'ai changer aucun paramètres
De plus. Mon colis est arrivé ouvert (je l'ai vu qu'une fois revenu à l'intérieur) et un des côtés de la bandes de sûreté du téléphone était ouvert également"
Marion,"1,0",27 mai 2019,J'ai acheter ce téléphone j'ai du le renvoyée il ne voulais pas s'allumer franchement j'ai étais vraiment deçus
Vasse,"5,0",25 mai 2019,"depuis 2 jours pas de PBs j'éspère que trump va changer d'avis pour huawei car les applis google et autre ne seront plus mise a jour , a suivre"
Ruin Isabelle,"5,0",22 mai 2019,"Portable acheté en remplacement d'un iPhone se. Bonne résolution d'écran, très belles photos. Je ne regrette pas mon achat"
caroline,"5,0",22 mai 2019,Vraiment très très bon téléphone. De loin Huawei est devenu très bon. Bravo pour ce super smartphone 😁
Amandine,"5,0",9 janvier 2019,"Très beau téléphone, presque trop grand pour moi. Fluide, simple d'utilisation. Attention le chargeur est différent des chargeurs ""universel"" , il est identique aux chargeurs des derniers Samsung Galaxie."
John Peter,"5,0",18 mars 2019,"Résolution d'image parfaite, très bonne qualité photos, rapide et performant, livré avec verre protecteur. Je suis très satisfait de mon achat."
Saliha,"1,0",20 mars 2019,J ai reçu un réveil au lieu du tel
Michel,"5,0",29 novembre 2018,"Conforme, rien à redire, mate 20 lite reçu rapidement."
Client d'Amazon,"5,0",19 février 2019,"Assez surprise par le téléphone, qui pour la nouvelle génération égale les autres marques.
Nouvelle acquisition donc pas de retour négatif à ce jour.
Bonne taille, poids correct et photos clean."
Caroline,"5,0",8 mai 2019,"Super téléphone qui correspond parfaitement à mes besoins. C'est un excellent rapport qualité/prix face à ses concurrents. Il est facile d'utilisation, il a une grande autonomie et capacité de stockage. Livraison le jour annoncé par Amazon, même si j'ai eu quelques craintes. Un grand merci."
K-Moon,"4,0",14 mai 2019,"Première fois que je prends un Huawei.
Franchement, pas mal, même s'il y a quelques problèmes avec les notifications (problèmes connus visiblement), et avec le bluetooth de ma voiture.
Le reste, rien à signaler."
BERTHELON CHRISTINE BRIDGIT,"5,0",5 janvier 2019,Content il est bien on peut installer plein d'applications extra sa me change et facile à manipuler
Morgane,"5,0",12 mai 2019,"Produit reçu hier, super contente de mon achat les photos sont top, la qualité de l'écran top, Netflix est un plaisir pour les yeux. Il es Grand, facile à une main pour ma part. Facile d'utilisation. Je ne regrette rien j'étais Samsung et iPhone je ne trouvais pas mon bonheur. Mais la je vous le conseil les yeux fermé"
houcine seba,"5,0",24 janvier 2019,Excellent produit. Appareil photo de haute qualité. Je suis très heureux d'avoir ce téléphone. Grande autonomie pour la batterie. Magnifique.
Client d'Amazon,"5,0",21 mars 2019,"Très bon mobile, qualité des photos super."
julimi,"5,0",29 avril 2019,"Ravie de ce téléphone, aux fonctionnalités performantes. La qualité de l'objectif frontal est bluffante ! Très rapide et réactif, bonne prise en main (j'avais déjà un Huawei précédemment). Mes données ont été transférées dans soucis depuis mon ancien téléphone"
Mélodie ,"3,0",30 avril 2019,"Mon téléphone est arrivé avec un léger impact, l'écran est maintenant fissuré. Je voulais savoir si j'avais une garantie mais aucune réponse de la part d'amazon. Je suis déçu.
309269142"
ben,"5,0",5 mai 2019,"A ce prix là (220 euros), il vaut vraiment le détour. Bel écran, belles photos, bonne autonomie.
Par encore testé les photos en faible luminosité. L'interface EMUI est vraiment sympa et très personnalisable.
Côté amazon, expédition et livraison rapide."
Sergio,"5,0",13 mai 2019,"parfait, rapide, fluide, la batterie dure 2 jours en utilisation intense"
Client d'Amazon,"5,0",26 mai 2019,J avais le mate 10 lite et j ai pris le mate 20 lite en changement. Je ne vois pas la différence entre les 2 téléphones mais top comme téléphones pour le prix
oderimaflosalis,"4,0",5 mars 2019,"C'est à mon avis le meilleur smartphone à prix raisonnable
Cependant il y a peu de différence entre le mate 10 lite"
Roki,"4,0",23 mai 2019,Très bon téléphone je comprend pas les gens qui paye des téléphone a 900 ou 1200 euros celui-ci est très bien
CHAMPAGNE,"5,0",15 mai 2019,Très beau produit très grand et ergonomique top
CLAUDE MAURICE,"5,0",4 juin 2019,un bon rapport qualité prix pour un téléphone d'entrée de gamme
Nathalie B.,"5,0",1 avril 2019,"Téléphone élégant, fonctionnel, rapide je suis ravie ! Conquise par la marque Huawei qui n'a rien à envier aux Samsung !
Je recommande !"
bensefia,"3,0",20 avril 2019,"La caméra du téléphone n’est pas top, surtout j’avais le note 8 avant"
Fatma,"5,0",2 mai 2019,Juste ce qu'il faut pour partir en vacances cet été
eleonore alfonsi,"5,0",8 mars 2019,"c'est mieux qu' un Iphone pour bien moins chère!!
facile d'utilisation, version européenne OK
et Amazon assure le service parfaitement... (pas comme d'autre, dont je ne citerais pas le nom mais avec qui le SAV est beaucoup moins réactif!)"
JuJuD,"5,0",10 avril 2019,"Très bon téléphone, navigation fluide. Très bonne autonomie. Belles photos pour l'instant. Pas de défaut apparent à voir dans le temps"
Sublimation studio,"5,0",6 janvier 2019,je suis content d'acheter cet super appareil qui satisfait toutes mes exigences en plus a un super prix chez Amazon.fr je le conseil vivement
Client d'Amazon,"5,0",11 avril 2019,Le top. Beau fonctionnel simple rapide..... Un super appareil de plus abordable
Belounis mak,"5,0",17 mars 2019,"Mon premier Huawei ! Bonne qualité globale, fonctionnement fluide et une présentation EMUI qui change un peu mes habitudes sous Android, mais on s'y retrouve facilement ! quelques petits ""OK Google"" au début pour trouver certaines choses et ça passe tout seul !! un bon portable avec un bel écran pour un budget correct !"
angelica lefebvre,"5,0",6 février 2019,"Je l'ai eu pour Noël et je suis ravie un très bon téléphone, niveau photo, son, batterie... Rapport qualité prix excellent !"
Client d'Amazon,"5,0",3 juin 2019,bien les descriptions sont bien réelle; facile a utilisé
Gérald ,"5,0",18 mai 2019,"Waouh !
Il a tout des grands avec l'autonomie en plus !
Tiens 2 jours avec avec une utilisation ""normale"" Facebook et autre
Épatant pour son prix !"
Nico,"5,0",11 mai 2019,"C'est un cadeau  je n'ai toujours pas de commentaire reçu.  Comme on dit souvent  "" pas de nouvelles bonnes nouvelles """
ANDRE  ANGELIQUE,"5,0",10 mai 2019,Très bel article
christine,"5,0",1 avril 2019,Première fois que j ai un Huawei et franchement pas déçu par rapport à min samsung.  Je le recommande vivement
Treu patricia,"4,0",29 mai 2019,Protégé bien
Fagniard,"5,0",17 janvier 2019,Super qualité d'image pour la batterie entre les deux sinon bon produit
Wust Geoffrey,"5,0",25 mai 2019,"Smartphone génial ! Comparable a un téléphone de la marque à la pomme (dont j'étais client jusqu'à maintenant) mais en (beaucoup) plus abordable.
Autonomie de la batterie incroyable (quasiment 2 jours avec un usage plutôt intensif)
Photos superbes"
Client d'Amazon,"5,0",9 janvier 2019,"C'est mon second smartphone HUAWEI ,  je suis très contente de cette marque , j'en ai racheté un pour mon autre smartphone."
Nao,"5,0",17 janvier 2019,"Le meilleur smartphone rapport qualité/prix, totalement séduit par la marque Huawei, ces services mais également son service clientèle présent et à l'écoute de ces utilisateur pour améliorer L'OS lors de mise à jour par exemple !"
jean claude autexier,"4,0",18 février 2019,Ce portable est ultra rapide; facile à gérer - batterie (pour l'instant) irréprochable)
Client d'Amazon,"5,0",24 avril 2019,"Ce téléphone a un excellent rapport qualité prix.
Ayant besoin d'un téléphone fluide avec une autonomie assez important je ne suis pas déçu de la marque huawei.
Avec une batterie de 3750 mAh qui va correspondre a deux jours de travail vous ne serez pas déçu par ce téléphone"
Hassina,"5,0",5 janvier 2019,J'ai acheté ce tel pour remplacer un Samsung et sincèrement je suis agréablement surprise de la qualité du produit tant qu'aux fonctionnalités ou au design. je recommande
Rawadalghadban,"5,0",25 décembre 2018,Très bon produit je le recommande vivement
Client d'Amazon,"5,0",16 mai 2019,"écran de grande taille et de bonne qualité, la batterie tient facilement 2 jours malgré une utilisation très régulière (réseaux sociaux, mails, photos....) à voir sur le long terme, très satisfait du rapport qualité/prix"
Samuel s,"5,0",9 février 2019,"Excellent rapport qualité prix, merci pour la livraison ultra rapide. Je vous recommande ce mate 20 dévitaminé à moins de 300 roros, à l'autonomie époustouflante."
patrick fabregues,"5,0",22 février 2019,Après avoir us un Samsung s7 donc j'étais très contente j'ai voulu essayer le Huawei et là je ne suis pas déçu il est plus facile d'utilisation plus léger le son est optimale les photos sont excellente avec plusieurs options vraiment rapport qualité prix il n'a rien a envier a Samsung je recommande
Lanorien,"5,0",2 juin 2019,"Voilà voilà ,après hésitation entre Huawei et Samsung ,j'ai choisi le premier et aucun regret surtout rapport qualité/prix.
Malgré les menaces du grand blond états-unien ...............
Cdlt."
Tristan,"5,0",18 décembre 2018,"Produit conforme, la reconnaissance faciale reconnais mal les visages donc mon téléphone se déverrouillé même si se n'est pas moi qui l'ai en main"
Client d'Amazon,"5,0",22 février 2019,"Franchement, bel appareil mais surtout la batterie que j'utilise plus de 40h avec les mêmes fréquences d'utilisation que mon ancien Samsung"
Maillot Romain,"5,0",7 avril 2019,"Ce téléphone est parfait, il a une bonne taille, une batterie qui dure dans le temps. La reconnaissance faciale marche très bien avec le Touch ID. La résolution de l'écran est d'une bonne qualité. Tout est parfait, je suis satisfait de mon achat."
Julien,"5,0",6 mars 2019,"En plus d'arriver en 2 jours (en livraison basique), le téléphone est excellent pour son prix. Que ce soit l'écran, la fluidité, la capacité, ...
Le son laisse peut-être un peu à désirer et il n'est pas fait pour faire des photos pros.
Tout cela reste correct toutefois."
Patrick31,"5,0",9 avril 2019,"Je l'utilise depuis qques jours mais j'en suis entièrement saisfait, bcp plus en tout cas que le P20 Lite qui est une cata !"
Client d'Amazon,"5,0",29 avril 2019,"j'adore l'utilisation es sumple et facile ! recu rapidement, très bien emballé
Les photos sont magnifiques, très bon rapport qualité prix"
Nico45,"3,0",2 mars 2019,"Bon téléphone simple, rapide le seule bemol les photos bien sans plus, vidéo pas terrible, sinon pour le reste sa reste bon pour le prix."
Michel Jacquemin,"4,0",22 février 2019,Bonjour je l'utilise pour le téléphone et l'accès internet. Le temps d'adaptation est assez rapide. Besoin d'une coque car on ne peut pas le manipuler il est trop glissant.
Senga,"5,0",7 janvier 2019,"Téléphone superbe, pas très lourd vu la taille de l'écran. Impeccable. J'adore"
almansba,"2,0",13 mai 2019,"Bonjour
J'ai un problème avec la connexion en 4G. Avec mon Samsung J7 aucun problème. Que dois je faire car je travail en ligne Avec Skype et c'est galère. Quelqu'un a til le même problème ? Tel date de 13avril 2019. Cdlt."
Christina,"5,0",12 janvier 2019,"Rien à dire. Il est troooooop bien ! Niveau qualité de photo aussi.
Et au niveau de la livraison, je l'ai réçu très tôt dans la matinée"
Poilvert Lucas,"4,0",30 mai 2019,"Je cherchais un téléphone pas trop élevé dans le coût, un bon milieu de gamme, le téléphone en lui même es beau, la batterie j'aurais pensé qu'elle durerait plus longtemps, je lui mettrai un 8/10, très bon téléphone mais à quelques défauts."
delionde 59,"5,0",5 mars 2019,"Je l'utilise pour usage privé, très bonne finition et vraiment facile à utiliser, une très bonne autonomie de la batterie. Les photos sont dans la moyenne des Smartphones. Un achat que je ne regrette pas. Une marque pour les allergiques de Samsung et Apple."
Céline P,"5,0",12 avril 2019,"Correspond à ce que je cherchais, livraison plus longue que prévue au départ mais pas trop quand même"
Crix2,"5,0",21 mars 2019,Idéal pour une personne mal-voyante - Grand écran permettant une grande taille de texte bien lisible
maquin,"4,0",22 avril 2019,Pour mon fils
Malorie,"1,0",19 mai 2019,"J'ai acheté ce téléphone pour l'offrir à mon conjoint pour son anniversaire. Quand il a ouvert la boîte (qui était déjà endommagée), découverte d'un écran cassé. Téléphone en mauvais état alors qu'il devait être neuf. Très déçue !!!"
gerard,"5,0",19 février 2019,Super produit envoi nikel
bidah wahiba,"2,0",17 janvier 2019,Bonjour je veux le retourner parceque jai un vrai problème de baterie ä part ça il est excellent.
Marie88,"5,0",10 avril 2019,"Fidèle à Samsung, j'ai opté pour ce téléphone et franchement je ne regrette pas. Une belle découverte !"
benaini,"4,0",5 avril 2019,Super rapport qualité prix le kirin 710 performant en tout cas suffisant
MVM,"5,0",5 mars 2019,"Facile d'utilisation, bonne résolution d'écran, répond Trés vite pour la consultation sur le net, 4G impeccable. Je le recharge en moyenne tous les 2 jours. Livraison express Trés satisfaite du vendeur."
Lewis,"1,0",13 mai 2019,"Bien que protéger par une coque et verre trempé il est tombé une fois sur le mauvais angles, et tout l'écran tactile a cesser de fonctionner, portable médiocre en terme de résistance..."
Arcangelo,"5,0",12 janvier 2019,Top rien a dire! A part nickel!!!
Tancrède,"5,0",7 juin 2019,Je l'ai eu il y a maintenant quasiment un mois et me convient totalement. Ce nest bien sur pas le meilleur model mais le rapport qualité prix est excellent !! Je conseille fortement !
Elo,"5,0",18 avril 2019,"Très bon produit, j'étais sur des Samsung et j'ai souhaité changé pour ce P20 mate lite et je ne regrette pas du tout mon choix !! Facile d'utilisation. Je recommande."
dantec,"5,0",20 janvier 2019,"Utilisation normal facilité d'application
Téléphone correct rapide"
parchemin,"4,0",4 mai 2019,livraison rapide...en français dés qu'on l'ouvre...assez facile d'utilisation qui pour moi est tres important vu que je ne m'y connais pas du tout en portable (c'est mon 1er).
leapar,"5,0",8 mars 2019,"Super rapport qualité prix
Je sors d un galaxie note 4
Celui ci a une batterie incroyable"
Florent,"5,0",28 mai 2019,"Pas déçu de ce téléphone là batterie tiens largement mieux que mon ancien smartphone d'une autre marque, l'écran est grand et de bonne qualité"
ducéré,"5,0",16 mai 2019,"J'aime les couleurs de l écran, tactile réactif, photo de qualité avec l'IA.
Batterie qui dure longtemps.
Très bon rapport qualité prix
Dommage qu il soit aussi grand."
jeanpatrice fruchart,"5,0",30 avril 2019,"Remplacement d'un iphone 7 +
En mieux pour un prix mini
Super
Un vrai concourant pour Samsung"
BRESSON ROMAIN,"3,0",23 avril 2019,"Je suis simplement très satisfait du produit!
Par contre j'attends désespérément une facture pour me faire rembourser par mon employeur, et le vendeur ne me donne aucun signe de vie!"
Jerome Carpentier,"4,0",9 avril 2019,"Pour un téléphone, on va dire premier prix... il remplace avec brio mon Galaxy S6 vieillissant. Bel écran, photo magnifique, rapide ... au top"
Karolyn,"5,0",24 janvier 2019,"Par rapport à mes besoins il correspond tout à fait, un bon smartphone"
middy,"5,0",10 juin 2019,Autonomie
Chevalier,"5,0",4 avril 2019,Très satisfaite
fred44190,"5,0",18 mars 2019,Conforme. Livraison rapide.
DUPOUY ,"4,0",30 mars 2019,Rapidité d execution
Mikael,"5,0",14 mai 2019,Très bon téléphone. Mais attention pas étanche. J'ai l'impression que l'écran se micro-raye très facilement.
Client d'Amazon,"5,0",13 mai 2019,"super portable, grand écran, photos exceptionnelles, reconnaissance faciale au top et installation super facile avec le clonage de l'ancien téléphone"
Minet ,"5,0",20 mai 2019,Téléphone très fonctionnel qui répond à mes attentes. Conforme au descriptif. Je n'ai pas encore utilisé la reconnaissance faciale.
Cathy,"4,0",19 avril 2019,"Ras sauf qu'il n'y a aucune garantie d'achat si il y a un probleme
Aucun papier concernant la garantie ?
Sinon l'appareil est conforme à ma demande"
angélique,"3,0",7 avril 2019,"Bien dans l'ensemble, grande capacité de stockage, tactile répond super vite mais les photos médiocre même mon ancien téléphone qui avait 13mp fait des meilleurs photos."
Client d'Amazon,"4,0",4 janvier 2019,"Usage privé, content du smartphone, mais longévité de la batterie un peu faible"
Client d'Amazon,"5,0",28 mars 2019,"Le moins chère que j'ai trouvé.
Réception très rapide.
Je recommande à 100%
Il est magnifique en bleu ! 🤗🤗🤗"
gigant yoann,"5,0",24 février 2019,"Produit identique a ça description.
Super content 😁😁😁"
Client d'Amazon,"4,0",13 février 2019,"J'adore mon nouveau smartphone. Quelques lacunes sur certains points que j'arrive à résoudre au fur et à mesure. De très belles photos de belles couleurs, une fois en main top."
Kennel Jean Louis,"5,0",6 mai 2019,"Très bon téléphone, répond à mes attentes"
FLEURY,"4,0",4 juin 2019,Très facile à utiliser et bonnes photos
Kobe,"5,0",21 janvier 2019,"Téléphone de qualité pour le prix, recommandé pour ceux qui ne cherche pas le smartphone dernier cri, celui est excellent."
Mado ,"5,0",13 mars 2019,"Parfait, j'aime beaucoup le design, très beau portable, grand avec une batterie qui tiens bien et en ce qui concerne les photos elles sont magnifiques."
Tow,"5,0",11 janvier 2019,Génial rien a dire dautre
charly attard,"4,0",8 juin 2019,"Un produit bon rapport qualité/prix.
Nous montrant qu'on n'est pas forcé de mettre 1500€ dans un smartphone de qualité. Merci huawei, merci la Chine big up 👌"
vitality,"5,0",27 mai 2019,"produit conforme à la description, livraison plus rapide qu'annoncée et parfaitement emballé!"
Mustapha,"5,0",31 mai 2019,Livraison tres rapide en meme pas 12h 👍 telephone tres agreable leger et rapport qualité prix au top...
Client d'Amazon,"5,0",10 juin 2019,Très très bien. Je recommande
Client d'Amazon,"5,0",5 mai 2019,"Téléphone reçu rapidement malgré le transporteur incompétent
Téléphone au très bon rapport qualité prix
Prix imbattable"
Bama,"5,0",4 avril 2019,"La batterie tiens super bien,  il est très esthétique, fluide, je n'ai eu aucun soucis avec pour le moment et l'envoie à été très rapide !"
Coline Perez Fernandez,"5,0",3 juin 2019,Achat pour mon mari qui est très satisfait lui qui voulait un téléphone de qualité qui tient la charge sans donner un rein est comblé par ce téléphone-ci 😉
djemaa,"5,0",3 janvier 2019,je suis en phase aprentissage car je suis un adicte de iphone
laura frazzi,"4,0",8 mai 2019,Bon qualité prix
GOUGEON NATHALIE,"4,0",14 janvier 2019,"Pour le moment, je n'ai pas encore vu de points négatifs. Il correspond en tout point à ce que j'attendais."
Magalhaes christelle,"5,0",10 mars 2019,"Je ne suis pas du tout déçu, je passe à l'androi et je ne rechangerai plus maintenant.
Qualité photo super et prix vraiment raisonnable je recommande vraiment"
Client d'Amazon,"5,0",12 mars 2019,Très bon smartphone élégant et très pratique d'usage je le conseil.
vero,"5,0",22 mai 2019,Utilisation normale bon tel rien à dire.  Dommage pour la france qui a les moyen de faire mieux mais plus rien de bon.
Crepin,"3,0",1 juin 2019,"Utilisation facile
Difficile de jumeler avec d’autres appareils
Contacts et WhatsApp en double"
OBONO MVE AMBROISINE,"4,0",4 mai 2019,Certaines fonctionnalités répondent après plusieurs tentatives
philippe loic,"4,0",2 juin 2019,"je l'ai acheté pour remplacer mon vieux sony m2, je ne suis pas du tout déçu"
Client d'Amazon,"4,0",28 mars 2019,En général je suis content le portable mais l'écran avait quelques griffes quand même j'étais déçu et dégoûté
Client d'Amazon,"5,0",21 janvier 2019,j'adore ce téléphone superbe pratique je recommande fortement merci beaucoup
Tadj,"5,0",28 avril 2019,Rapide fluide. 1er Huawei pas déçu bien au contraire 👍
nathalie berry,"4,0",6 mai 2019,Très bon téléphone pour ma part pour l'instant rien de négatif à voir dans le temps
Amine,"5,0",13 avril 2019,"reçu il y a une semaine, rien a signaler, le produit semble correspondre à la description"
labrosse,"5,0",22 mars 2019,j ai voulu essayer une autre marque de mobile je ne suis pas déçu conforme a ce que j attendais.
Louise,"4,0",7 mars 2019,"Attention pour la carte mémoire, beaucoup de difficultés rencontrées avec la carte mémoire"
alonso,"4,0",20 janvier 2019,"Très bon téléphone
Bien protéger l'écran car même le verre trempé ne suffit pas en cas de chute sur un caillou ; préférez les pochettes à rabat"
BD,"5,0",8 mai 2019,répond aux attente et à notre utilisation
Client d'Amazon,"5,0",17 février 2019,"Bonjour,
smartphone robuste, très facile à utiliser ( après avoir eu du Samsung ), fluide, batterie parfaite.
Rapport qualité/prix imbattable."
Leroy Guillaume,"5,0",14 avril 2019,"Trés bon tél.
Très bon Rapport qualité prix"
JPC,"5,0",10 mars 2019,Rapidité - Capacité
BENOIT PERELA,"4,0",26 février 2019,Très bon téléphone
Bibi,"5,0",3 mai 2019,"Je suis ravie de ma commande. Ce téléphone fonctionne très bien, bonne capacité de stockage. La qualité des photos est vraiment top !"
Julien Jehannin,"5,0",10 mars 2019,Support rapport qualité prix
Doc,"3,0",10 juin 2019,"Jolie téléphone
Sauf que mon microphone ne marche plus donc quand ont m'appelle je doit mes mettre en haut parleur. 😡"
Mathieu,"5,0",15 janvier 2019,Super tel
Romy,"5,0",21 avril 2019,Je viens de l'acquérir donc je ne peux pas dire grand chose pour le moment mais j'aime beaucoup ce téléphone il répond à mes attentes.
biloute,"5,0",15 mai 2019,"Au top Huawei
Batterie sur 2 jours d'utilisation"
Client d'Amazon,"5,0",5 janvier 2019,"Parfait arrivé 2 jours après la commande il est parfait
J avais un iPhone 6 avant je ne regrette rien"
Petit Mélanie,"4,0",28 mars 2019,"Très bon téléphone portable , par contre la qualité ainsi que les options photo sont très decevantes"
SAINT GILLES Dominique,"1,0",8 décembre 2018,le Bluetooth ne marche pas
Pereira José Manuel,"4,0",16 avril 2019,"Bonjour.
J'ai reçu le téléphone portable, tout est propre mais il manque une preuve d'achat et une garantie !!!!"
Melissa,"5,0",17 février 2019,Telephone tres grand et appreciable. Ecran offert cependant pas de raclette pour le deposer donc beaucoup de bulles d'air.
TRIDON Véronique,"5,0",19 mai 2019,"Téléphone facile d'utilisation, bonne qualité de photo, bel écran.
Prix attractif."
NACHEK,"5,0",21 janvier 2019,Très bon téléphone couleur image son vidéo j aime beaucoup.
Caroline V.,"5,0",4 mars 2019,Super téléphone. Excellent rapport qualité prix. Livraison très rapide. Très satisfaite de mon achat.
Client d'Amazon,"5,0",23 avril 2019,Très bon portable...
Christophe R.,"1,0",20 mai 2019,"Très déçu plus de son au bout de 4 mois
SAV Huawei decevant
Je déconseille cette marque"
Client d'Amazon,"5,0",19 janvier 2019,Portable impeccable moi qui était à fond Samsung j'adhère totalement
Client d'Amazon,"5,0",24 décembre 2018,Très bon téléphone et livraison top
Romeo ,"4,0",22 avril 2019,"Cet un téléphone très pratique, performant et de bas prix. Il me facile la vie. J'aime beaucoup sa fonction de multitâche"
Client d'Amazon,"5,0",6 mai 2019,C'est un excellent produit par rapport à son prix.
RAIS MOHAMED,"5,0",2 mars 2019,"Arrivé avant la date prévue
OK top."
Alexis J.,"5,0",7 février 2019,le téléphone et très bien mais je n'arrive pas à configurer le double appel avec une seule carte SIM
Client d'Amazon,"5,0",21 février 2019,Un super téléphone que je recommande !!!
isabelle plesant,"4,0",7 mai 2019,Conforme aux attentes
nicholls,"4,0",5 mars 2019,dommage un très bon téléphone portable le soucis c'est que je ne pouvais pas répondre au appel téléphonique dommage.
auguste aa,"5,0",10 avril 2019,Téléphone reçu rapidement. Superbes photos pour un rapport qualité prix au top. Je recommande
babou88.,"4,0",28 novembre 2018,facile a utiliser
jacques duchene,"5,0",21 février 2019,"Top téléphone, prix abrdable."
Anne Genoud,"5,0",9 mars 2019,"Super produit, 2eme Huawei, pas déçue 😊"
Elise ,"5,0",26 février 2019,"Très bon rapport qualité prix
Portable facile d'utilisation et d'une très bonne qualité atout point de vu"
pelissier,"5,0",10 juin 2019,Plutôt bien pour le prix
Marmarz,"5,0",29 avril 2019,Très bonne Pruduit je recommande
mickette,"5,0",26 février 2019,"pour l instant rien a dire ! je viens de l'achete, il fonctinne tres bien"
Stéphane A,"5,0",18 mars 2019,Conforme à mes attentes. Bon rapport qualité prix.
costet fabien,"5,0",9 janvier 2019,produit arrivé en avance. je l'utilise depuis peux mais répond totalement a mes attentes.
aldon,"5,0",21 janvier 2019,Très beau téléphone. Facile d'utilisation. très bel écran
Jessica,"5,0",6 juin 2019,"Fluide, Rapide, facile d'utilisation, prix.
Fortement recommandé."
Foxtrot,"5,0",27 février 2019,Beau téléphone fin léger et performant. Seul le ralenti sur caméra qui n'est pas top. Je suis ravi .
Arnaud Massange de col ,"2,0",24 mai 2019,Des pubs s'affichent sans cesse aléatoirement. Comme si un virus était préinstallé
B. A,"4,0",20 mars 2019,Bon téléphone en rapport avec son prix...
Client d'Amazon,"4,0",28 avril 2019,"Bon produit . Fonctionne bien. Reconnaissance faciale moyenne.Dommage, pas d'appel wifi..."
piwee70,"5,0",5 janvier 2019,C'est un très bon produit je n'ai pas à m'en plaindre.
Ait ouahmane,"5,0",28 janvier 2019,Livraison rapide vendeur sérieux téléphone irréprochable totalement satisfait
damien,"5,0",31 mai 2019,OK top bon rapport qualité prix ici
Elmahfoud,"5,0",21 avril 2019,Salut. pour l'instant le mobile est bon et facile à utiliser
Salomé Blondeau,"5,0",2 avril 2019,"Très bon téléphone, bon rapport qualité / prix. Très bon appareil photo"
Bakum marie,"5,0",30 janvier 2019,Très bon telephone
Michel B,"4,0",7 juin 2019,"je viens de recevoir ce produit, je ne peux donc pas porter un jugement...."
Dentier,"5,0",18 mai 2019,Génial je recommande
Kernachi A.,"3,0",24 mai 2019,La boîte du téléphone est arrivée déjà ouverte
Client d'Amazon,"5,0",2 juin 2019,utilisation personnelle je découvre mon téléphone pas encore bien utilisé
DIJOUX Aurélie,"5,0",11 juin 2019,Super téléphone.je ne regrette pas mon achat.
MALLET BERNARD,"4,0",23 mai 2019,Courante et un plus grand écran
monique girault,"5,0",18 février 2019,Ce produit est parfait et je le recommande
Client d'Amazon,"5,0",10 mai 2019,Très bien facile d utilisation
Client d'Amazon,"5,0",3 avril 2019,Super merci
Benjamin Couturon,"1,0",15 mai 2019,Reçu du colis sans le téléphone a l'intérieur volé par quelqu'un
covi,"5,0",30 mars 2019,rapidement servi ! aucune critique à ce jour.
 sabrina,"5,0",8 décembre 2018,"J'en suis très contente, de superbes qualités et de très belles photos."
Greg,"5,0",6 juin 2019,"Super réactivité, super photo. Très très bien..."
Mystick13,"5,0",15 avril 2019,Ce portable est super et facile d'utilisation.
Client d'Amazon,"4,0",11 février 2019,Bon téléphone
Andre T.,"5,0",14 décembre 2018,Une utisation normale de tous les jours
Jean-Pierre DURAND,"5,0",18 avril 2019,Produit conforme à mon attente
POINY-VAITY,"4,0",22 avril 2019,"Très bon téléphone ne ralentit pas,fait de belle photo, rien à  dire."
JAUGIN Patrick,"5,0",14 janvier 2019,superbe et genial
dos santos,"5,0",20 mai 2019,Très bien
Gwen,"5,0",7 mars 2019,Pour tout je me sert de mon tel comme un mini ordi.
Client d'Amazon,"5,0",21 mars 2019,Tree bonne qualité
Belarbia,"5,0",21 janvier 2019,Qualité prix super
frederic masseron,"4,0",9 mars 2019,Impeccable produit comforme à mes attente livraison rapide
mourad,"5,0",11 avril 2019,excellent qualité prix
Seizheur,"5,0",17 avril 2019,Super rapport qualité prix.
franck laffet,"5,0",2 juin 2019,Super achat très bon produit
Vincent,"5,0",13 mars 2019,Très très bonne autonomie: 2 jours pour vu que ça dure
Fanny R,"5,0",29 avril 2019,"Vraiment ravie, livraison rapide. Super téléphone!"
Lafidele,"4,0",3 mai 2019,C'est un cadeau offert à un parent
Elodie,"4,0",7 juin 2019,Super photo
Sarah Tidjani,"5,0",16 mai 2019,Très bonne durée de vie de la batterie
breton,"4,0",18 mars 2019,Bonne qualité de l'image
vanessa watissee,"4,0",5 juin 2019,J'aime tout
izard,"4,0",4 février 2019,Utilisation personnelle de très bonne qualité !
FISCHER  ROMAIN,"5,0",5 avril 2019,"Très bon smartphone, avec un prix intéressant."
Demai yve,"4,0",17 avril 2019,Super produit...merci...je vous le conseille...
Amigo,"5,0",18 décembre 2018,Très bon portable !
carol stachowski,"4,0",28 janvier 2019,produit conforme a mes attentes! Nickel!!!!
SOW Harouna,"5,0",28 mai 2019,Super
Caroline ,"4,0",9 janvier 2019,Arrivé en 2 jours comme prévu ! Pour l'instant rien à redire
Laure,"4,0",2 avril 2019,Pour le moment bon rapport qualité prix.
FF,"5,0",1 juin 2019,Super téléphone pour le prix !
mickael lemoy,"5,0",1 mars 2019,Super téléphone  à très bon prix
Leandro,"5,0",16 février 2019,Les photo et la mémoire c'est super
Reine,"5,0",17 décembre 2018,"Livré à la date prévu
Sur le Téléphone rien a dire parfait"
MARIE patrice,"5,0",11 janvier 2019,Trop récent .  Mais pour l'instant super  !
Client d'Amazon,"5,0",22 mars 2019,Super rapport qualité /prix👍
Bonnard Thomas,"5,0",19 février 2019,Super téléphone pour un bon prix
stephane renaud,"5,0",14 février 2019,Je l utilise beaucoup pour les jeux et sms
BOUILLARD,"5,0",29 mars 2019,Très bon produit.
FRANCK,"4,0",3 février 2019,1 seul défaut sa coque en verre ….glissante
pebegh,"4,0",5 janvier 2019,Bon smartphone. Très satisfait de mon achat
oualid abdel,"5,0",20 février 2019,Très beau
Isabelle BROS,"5,0",20 avril 2019,Je le recommande
Client d'Amazon,"4,0",20 avril 2019,Très bon rapport qualité prix
Kevin L.,"5,0",22 mai 2019,Top
Geroldi Alexandra ,"5,0",17 janvier 2019,Un smartphone très très sympa
Lidia Iannino,"5,0",8 janvier 2019,Pour l instant assez contente de mon achat !
Client d'Amazon,"4,0",13 avril 2019,Très beu
AT,"4,0",12 mars 2019,Bon rapport qualité prix
doric binot,"5,0",3 mai 2019,Super produit extra
CHRIS,"5,0",22 décembre 2018,"Appels,photos,"
Freddy Torrealba Anzola,"5,0",4 mars 2019,excellente portable.
KOUYATE ,"5,0",5 avril 2019,Bon produit
monnier henri,"5,0",31 décembre 2018,Super
Rameaux m.,"5,0",20 janvier 2019,Sans regret
LOIC B.,"5,0",6 janvier 2019,Téléphone top. Livraison top
Camelia ,"4,0",7 février 2019,Nikel
Mz,"5,0",24 mars 2019,🤙🏽👍
Tutuianu Gabriel,"5,0",19 avril 2019,Parfait
Blondel Clément17,"4,0",27 janvier 2019,Super
Gonzalez,"5,0",22 avril 2019,Ras
Client d'Amazon,"4,0",11 janvier 2019,tres bon telephone
David OLLIVIER,"5,0",30 janvier 2019,Super qualité
franceschini laura,"4,0",21 janvier 2019,Ras
Robert,"3,0",18 décembre 2018,"Je viens de recevoir ce magnifique smartphone. Tout est impec... sous réserve de qq jours d'utilisation et d'habitudes à prendre.
Mais, Mais qu'est-ce que leur a pris chez Huaiwei de créer une fiche particulière pour la connexion USB ?? !! OK, la fiche normale mini-USB est fragile, mais elle est presque universelle (si on est allergique, comme moi, à Apple). Il faut que je me balade maintenant avec le petit câble, ainsi que l'outil pour ouvrir la trappe à SIM ! C'est Bof de chez Bof !"
Ulrich Corbey,"4,0",8 avril 2019,"produit reçu très rapidement,le samedi 6 avril 2019.
pas déballé(le téléphone) encore car celui ci est pour offrir le 11 avril 2019.
je regrette juste que pour l'envoi la boite du téléphone n'est pas était plus calé que ca dans le carton.
je ne manquerai pas après le 11 avril  de noté se téléphone et de faire part de son utilisation."
boubou kweyol,"5,0",9 décembre 2018,je suis fan de la marque huawei depuis longtemps et ils progressent de plus en plus. j'ai un mate 20 pro dont je suis entièrement satisfait et j'ai eu l'occasion d'essayer le mate 20 lite et pour les petits budgets vous pouvez y aller les yeux fermés
MAXOU81,"5,0",1 février 2019,"Tres emballé par le rapport qualité prix, je suis entièrement satisfait de la technologie de cette petite merveille. Son seul défaut en fait une qualité. Sa finition laqué fait à tendance à vous glisser des doigts. Etui indispensable. Processeur ultra rapide, bref laissez vous tenter sans pb."
wario,"1,0",7 mars 2019,"1 mois avec ce smartphone... très déçu il est très lent le
capteur d'empreint dysfonctionne déja, les syncro
de mes compte goolge ou dropbox ne fonctionne
pas ou mal. la gestion des photos est catastrophique
pas d'album et les photos on toute
impression d'etre retoucher sur photoshop.
je déconseille fortement ce mobile."
Fessmann Oliver,"5,0",9 avril 2019,"Faites le tour des ""grandes marques"" et vous verrez des prix deux à trois fois supérieures à ce téléphone.
Il est top, un grand écran avec une bonne qualité d'image.
Rien à dire vraiment.
Commandé avec Amazon Prime vendredi soir tard et reçu dimanche matin."
Thatgirl,"1,0",30 mai 2019,"Il faut faire très attention, il ne fonctionne plus avec PLAY STORE ! Ce n'est plus un androïde."
Client d'Amazon,"5,0",3 janvier 2019,"Un téléphone surprenant, autant du côté de la batterie que du côté de la puissance et de la qualité d'image écran et photo/vidéo !"
Ls,"5,0",19 février 2019,Bon téléphone pour le prix. Fais bien le taf
Sp,"5,0",18 avril 2019,Il me fallait un téléphone. Novice chez Huawei... Mais très bonne impression jusqu'à maintenant...
RV,"5,0",14 janvier 2019,Bon produit et très bel écran.
AKCHAR,"5,0",26 avril 2019,Un formidable smartphone avec un bon rapport qualité prix.
Hak382301,"5,0",24 avril 2019,Très bon portable
Hafed EL MABROUK,"5,0",22 mai 2019,Top !
NABIS Yann,"5,0",9 janvier 2019,Bonne performance
EagleOne,"5,0",6 octobre 2018,"Difficile de prendre en défaut ce smartphone qui est proposé moitié moins cher qu'un haut de gamme et qui propose pourtant une expérience satisfaisante, une autonomie généreuse et une fiche technique conforme aux standards de 2018 (processeur efficace, communication NFC, Bluetooth 4.2, aptX HD, prise USB-C et jack). Il bénéficie également d'un écran de 6,3 pouces flatteur et lisible, et peut accueillir deux nano-SIM.
Le design n'est pas sans rappeller l'iPhone, notamment avec l'écran à encoche qui occupe l'essentiel de l'écran. Ainsi que la surcouche maison qui, par défaut, ne propose pas de tiroirs d'app (ce qu'on peut corriger dans les options). Mais pour l'essentiel, ce n'est pas tellement différent de l'interface Android classique.
Il y a aussi des applications propres à Huawei, gratuites, qui permettent de proposer quelques gadgets différents des autres constructeurs (comme chacun d'ailleurs). A mon sens, ce n'est pas essentiel.
En usage classique, c'est à dire pour de la téléphonie, l'appareil est satisfaisant. L'autonomie de base, est très bonne. Pour quelqu'un qui a une utilisation raisonnable, le Mate 20 Lite tiendra facilement deux jours. le recharge en USBc est également très rapide. Bref, on a affaire à un smartphone qui est facilement disponible à ce niveau.
Je n'ai pas relevé de problèmes au niveau de la réception - je précise que je suis chez Orange. Il capte bien le signal. On entend bien ce que dit l'interlocuteur, et mes interlocuteurs m'ont facilement compris.
L'appareil photo donne un résultat correct, quoiqu'un peu trop flatteur avec l'IA activé. De jour, la netteté des clichés est bonne, mais la colorimétrie est légèrement altérée. Avec des couleurs un peu trop saturées et un contraste augmenté, cela donne des clichés flatteurs pour publier sur Internet. Mais sur un écran bien calibré, cela donne un rendu lisible mais artificiel. On peut désactiver l'IA, selon les goûts de chacun.
De nuit, il y a quand même pas mal de grains, donc ce n'est pas forcément l'idéal.
Pour du jeu, le joli écran LCD et la puce assez véloce permettent de faire tourner pas mal de titres dans des conditions correctes, et avec fluidité. Bien sûr, ce n'est pas un haut de gamme, donc il ne faut pas non plus s'attendre à tout faire tourner avec un maximum d'effets et détails.  Mais vu le placement tarifaire du smartphone, c'est quand même très correct.
En conclusion, je dirai que le Mate 20 Lite est un modèle adapté pour qui recherche un smartphone endurant, avec un design moderne, un écran correct et des performances ""moyennes"". Ce n'est pas un téléphone de geek, mais on n'aura pas l'air ridicule si l'on en croise un surtout. Le tout pour un positionnement tarifaire très raisonnable.
Soyez quand même vigilant à la référence que vous prenez, selon votre opérateur. Il y a 3 modèles correspondant à 3 profils de fréquence. Celui que j'ai testé est le SNE-LX1 qui couvre les fréquences 4G LTE FDD: B1 / B3 / B7 / B8 / B20 (mais pas B28).
Le modèle SNE-LX2 couvre les fréquences 4G LTE TDD:B38 / B40 / B41 et 4G LTE FDD:B1 / B3 / B5 / B7 / B8 / B18 / B19 / B28 (mais pas B20)
Le modèle SNE-LX3 couvre les fréquences 4G LTE FDD:B2 / B4 / B5 / B7 / B12 / B17 / B28 (mais pas B3 ni B20)."
Marnelle,"5,0",10 novembre 2018,"J'ai acheté ce téléphone pour remplacer mon huawei P20 lite volé.
Je suis entièrement satisfaite de ce modèle comme du précédant. la batterie a une très bonne autonomie il est rapide et facile d'utilisation ."
tyge68,"5,0",8 mai 2019,"J'avais besoin d'un nouveau portable, et pour une fois j'avais pas trop envie de dépenser trop, j'ai donc opté pour ce modèle qui a un grand écran, assez de memoire (RAM) et possibilité d'ajout d'une carte microSD (dont je possédais déjà dans mon ancien Galaxy S7 Edge). Le design est soigné, pas de touches sur l'écran avant, et juste l'espace pour les caméra frontales et haut parleur. Le lecteur d'empreinte étant au dos sous les autres caméras.
Après une semaine d'utilisation, je suis séduit, aucun problème pour l'installation de mon ancienne carte microSD (comme j'ai pu lire sur certains commentaires), tout mes fichiers et photos de ma carte (200Gb) sont encore là. Niveau qualité d'image et de photos, je retrouve ce que j'avais avec le S7 voir même quelques nouveautés dans les possibilités de mode de photos, niveau interface c'est identique à ce que j'ai l'habitude, généralement je n'utilise pas les outils de la marque (que ce soit Samsung ou ici Huawei) c'est une surcouche inutile je pense. Le paiement avec la fonction NFC marche aussi correctement. Enfin la charge de batterie est effectivement très bonne, je tiens plusieurs jours sans problèmes 2-3 jours en moyenne, mais bon il est neuf, à voir dans 1 an et plus.
Au final je suis donc bluffer pour ce prix avoir un téléphone qui convient a mes besoin, et certainement à une grande majorité d'utilisateurs."
Client Amazon,"3,0",6 mars 2019,Habitué a des téléphone comme Samsung Apple et Meizu  j'ai été déçu de la qualité des photos reste un niveau bas de gamme même le Meizu que j'avais acheté 150euros est de bien meilleure qualité a tous niveau .je regrette cet achat pour ma mère surtout car elle a bien vu que les photos était meilleures avec son Samsung a 100 euros .un point positif la batterie qui tiens bien .je regrette cet achat surtout que j 'en ai acheté 2
LaFée,"5,0",6 juin 2019,"Hormis la menace américaine qui nous pend au nez, c'est un téléphone génial avec un bon rapport qualité prix. Je suis passée d'un iPhone 5S avec ios à un Huawei sous Android... Quelques jours d'adaptation et j'ai complètement oublié mon iPhone (que j'avais du mal à quitter)
Sans regret !
La batterie durent longtemps avec un usage régulier de l'intérêt dans la journée.
Les photos sont super belles (je n'en ai pas encore imprimé)
Je regrette juste que la personnalisation des thèmes ou sonnerie ne soient pas plus fvailes ( J'ai peut être encore des choses à découvrir)
Je trouve l'écran un peu grand pour la prise en main."
CeriseC,"5,0",10 décembre 2018,"Téléphone neuf, long, très facile pour la prise en main (après avoir compris comment mettre la carte microsim). Attention accepte 1 carte mirco sim + micro sd. Charge super vite (2h max) et bonne autonomie. A voir dans le temps. Pas facile de mettre le protège écran. Super téléphone. Photo pas encore testé."
Client d'Amazon,"4,0",4 janvier 2019,"Il fait le job. Si vous n'êtes pas friants de jeux 3D, ni photographe pro, vous pouvez l'acheter les yeux fermés. La taille de l'écran impressionne si on n'a pas l'habitude mais on s'y fait rapidement (éviter les petits sacs à main par contre 😉)
Niveau autonomie c'est très bien également
Pour finir, à ce prix c'est une bonne affaire."
Brachet Alain,"5,0",11 janvier 2019,"Réception comme toujours rapide quand ""vendu et expédié par Amazon"".
Le téléphone est facile à utiliser, avec un grand écran et des touches beaucoup plus agréables que sur mon ancien Smartphone.
En espérant que la fiabilité sera au rendez-vous.
Je confirme toutefois un point négatif déjà évoqué par d'autres utilisateurs : pourquoi avoir crée une connexion de câble spécifique ??? Ma femme a un autre modèle récent de Huawei ... avec une connexion différente ! Aberrant."
richard terrain,"5,0",28 novembre 2018,A recommander. Le produit a été livré dans un temps record via Black Friday. Le telephone est vraiement de bonne qualité et la mise en route est très simple. Un petit frisson lors de la découpe de la carte sim pour ajuster au format Nano
kaz fury,"5,0",26 mars 2019,"Ce téléphone n'a rien a envier a la concurrence. le seul soucis que j'ai pour l'instant, c'est au niveau de l’appairage bluetooth avec mon kit moto cardo freecom 2 , il ne parvient pas a envoyer le flux sonore, obliger de ré initialiser l'appairage, pour que le son fonctionne, mais uniquement sur mon kit Cardo (je n'avais pas ce problème sur mon samsung galaxy S6) , sur tout les autres appareils bluetooth je n'ai pas ce problème...sinon R.A.S . petit details, le téléphone a le NFC contrairement à la concurrence au même prix , autonomie a 82 % pour ma part après une journée d'utilisation, (je ne l'utilise que très peu, pas de jeu, pas de vidéo, uniquement internet, spotify... )"
chouette,"3,0",12 avril 2019,"ce tel devait remplacé un ""vieux"" smartphone , de + de 4 ans ; pour moi il devait être bien mieux que l'ancien (samsung) , mais il est loin de le valoir , pour les contacts : pas possible de rajouter le prénom en entier --> limité en lettre,  pour le
N° tel  soit vous mettez le portable soit le fixe , pas possible de mettre une adresse , un mail  ... pas de journal d'appel qui s'affiche directement , pour mon compte mail il réussit pas a ce connecter au serveur ...  bon  reconnaissance faciale c'est bien , les photos ca va"
P. d'herve,"2,0",12 mars 2019,"Écran pas assez large. Il n’accepte pas les apps de samsung même si celles-ci sont dans google play. Mais il devient beaucoup mieux avec qq changements de ui et icons avec nova et kwgt par exemple.
Il est très glissant et tombe de partout où il est posé.
Il chauffe énormément sous google maps, au point d’obscurcir l’écran et de s’éteindre.
Et les actualisations se laissent désirer."
karyced,"5,0",23 janvier 2019,"Ce téléphone tient vraiment mieux la batterie par rapport à mon ancien téléphone (Samsung S7)!
Très bon téléphone pour le quotidien sauf quand les personnes qui ont des gros doigts comme moi ;-) car régulièrement quand j'écris un SMS, je reviens sur l'écran d'accueil.
Par contre, l'application SMS de google est moins bien que celle que j'avais sur mon ancien téléphone et j'ai dû télécharger une autre application."
Rothstein Dominique,"5,0",2 décembre 2018,"Très fluide et performant comme mes autres Huawei.
Plein de possibilités
Lecteur empreintes correct mais empreintes pas toujours reconnues au premier contact."
Corinne H.,"5,0",27 janvier 2019,Super téléphone pratique bonne dimension j'espère qu il tiendra plus longtemps que mon wiko qui n'a tenu que 13 mois. Je garde en général mes téléphones 3 ou 4ans
DUROCK,"5,0",3 février 2019,"Agréablement surpris je suis passé du Samsung galaxie S5  à Huawei le galaxie avec 16 go de mémoire était continuellement saturé il fallait enlever des programmes pour en installer des nouveaux, supprimer des vidéos etc....
Avec  Huawei j(ai 64 go de mémoire, j'ai rajouter une carte de 128 go, maintenant j'ai avec moi ma musique mes documents, mes photos et vidéos.
J’apprécie également le déblocage par empreinte digitale.
De plus il est beaucoup plus rapide que le Samsung
Pour moi donc bon achat à prix très correct."
sebastien,"4,0",23 janvier 2019,"difficile de trouver mieux au même prix (299€). 4Go de RAM, 64Go de mémoire interne plus carte SD ajoutable, bel écran, Bonnes photos dans des conditions idéales (bonne luminosité), capteur avant ok également. Bref, la réelle seule ombre au tableau est je pense l'absence de l'IP68 pour la résistance à l'eau.
Aussi, si vous avez de petites mains, vaut mieux éviter"
Dumoux,"5,0",8 mai 2019,"Après deux mois d'utilisation, franchement RAS, le téléphone n'a jamais buggé, toujours très rapide, la reconnaissance par empreinte est juste magique et ultra rapide.
Grand écran de 6,3 pouces idéale pour les vidéos Youtube ou autres. La qualité des photos est correcte mais sans plus il faut plutôt stabiliser pour avoir des bons clichés.
Grande capacité de stockage et batterie au top je ne recharge que tous les 2 jours."
Le guillou ludivine,"1,0",12 février 2019,"Au bout de 4 mois, la charge ne tient pas, il y a déjà des bugs comme une image en arrière plan qui ne s'enlève pas même après redémarrage. J'étais super ravie au début, bah là je suis super déçue.. Surtout qu'il n'a jamais eu de choc ni rien."
Myriam,"5,0",15 avril 2019,Très bien je viens juste de le recevoir donc à voir dans le temps mais je pense que ce téléphone me conviendra parfaitement  pas encore testé la reconnaissance faciale mis pour l'instant l'empreinte comme sécurité plus schéma donc encore plein de chose à essayer .
Client d'Amazon,"5,0",8 mai 2019,Super rapport qualité prix. Superbe design. Lecteur d'amprente très rapide et efficace. Belles couleurs. Pour moi perso que demander de plus ? Un super smartphone pour sa gamme de prix.
Thiery,"5,0",2 janvier 2019,Je ne donne pas souvent mon avis mais je suis pleinement satisfait de mon achat la durée de la batterie et top et le reste également Amazon me livre avec 1 jours d'avance que demandé de plus voilà pour moi à acheté les yeux fermé et il a rien a envié aux IPHONE qui sont à mes yeux hors de prix
Client d'Amazon,"5,0",10 mai 2019,"Je n'ai pas tous les éléments, il me fallait une carte nano-sim que je viens de commander.
Quelques difficultés liées à des informations de mon FAI que je n'avais pas bien lues, mais à part cela tout est parfait."
JEREMY,"4,0",13 mai 2019,"Téléphone qui marche bien, MAIS dans son carton -bandes de sécurité OUVERTES- il manque la petite clé métallique qui permet d'ouvrir le tiroir double SIM... très gênant!"
Faly,"5,0",19 mai 2019,J aime bien ce téléphone je le conseil pour une utilisation normale. Très bonne qualité photo est assez fluide pour sont prix. Grand modèles. Il a tous d un grand.
lauAjacciu,"5,0",19 mai 2019,"Le portable HUAWEI MATE LITE 20 est doté d'une excellent batterie, de fonctionnalités complètes et simples à mettre en oeuvre, je recommande"
Jen C.,"5,0",17 mars 2019,"Agréablement surprise par la qualité de ce téléphone. Je passe d'un P8 qui marchait déjà très bien au mate 20 lite et je ne suis vraiment pas déçue. Seul petit bemol pour moi : ce téléphone est vraiment très grand et la prise en main n'est pas forcément la meilleure, mais cela reste anecdotique vis à vis de ses capacités."
chadia delaitre,"5,0",18 décembre 2018,Le portable est super rien à dire très bonne qualité
Lisy,"2,0",18 avril 2019,"Passez votre chemin. Les photos avec le honor P9lite sont meilleures...
Plein de bugs à peine au mois de 4 mois.
Vraiment déçue"
Thibault Nonn. ,"5,0",25 février 2019,"En replacement d'un ancien android, celui la fonctionne parfaitement bien,
qualité photo au top, réactif, empreinte pour déverrouillé.
Tout est très bine pour le prix"
LA GRANDE BLEUE,"5,0",19 mai 2019,"Très facile d'utilisation, bonne fluidité, très bonne qualité de photo en plein jour, ravie"
MaStA_BzH,"5,0",14 avril 2019,"Mon coup cœur vraiment, bluffer par le disegne, beaucoup de fonctions, appareil au top et très bonne investissement"
Rothstein Dominique,"4,0",6 janvier 2019,Très satisfaite mais le lecteur d'empreintes fonctionne mal il faut sans cesse les refaire ou faire le code
SEGNI,"5,0",9 mars 2019,j ai reçu rapidement mon téléphone 2 jours cet un très beau fone j ai pris or j ai réinstaller toutes mes application il tourne vite pas de bug les photos la nuit sont tres belles  contrairement ce qu ont dit tres fluide il repond de suite franchement rien a dire je l avait senti que c etais un bon telephone sa sert a rien de prendre telephone a 1000E
sebastien delaigue,"5,0",5 janvier 2019,Arrive en avance joli écran très tactile bonne autonomie en couleur or il est très bien j'espère ne pas être embêter car avec mon ancien tel une barre rose était apparue sur lecran
TROVATELLO,"4,0",14 mai 2019,"je suis très satisfait de mon achat.
A ce prix là, on a un téléphone Haut de gamme. La qualité de l'écran est vraiment très bonne. le portable est très rapide.
la batteries me dure 2 jours en utilisation normale.
donc vraiment top"
Alexandra BICENKO ,"5,0",25 janvier 2019,Très bon téléphone un très beau design à un prix abordable
M. JPJ,"5,0",9 juin 2019,bon produit arrivé dans les temps
Thierry Landes,"5,0",26 février 2019,Super content de mon achat. Rien a dire
Mouslin,"1,0",11 janvier 2019,Produit chers en comparaison de ce qu'on peut trouver actuellement sur le marché
Astroneige,"5,0",30 janvier 2019,"Tres bon smartphone  a un petit prix.
Mention tres bien pour le livreur toujours aussi sympa !!!!!"
lapeyrere jean,"5,0",12 avril 2019,parfait
Johana,"5,0",20 avril 2019,Ayant un peu peur par rapport à la qualité prix et bien j'en reviens toujours pas la qualité de ce téléphone.
Schreiber,"5,0",22 mai 2019,très beau téléphone reçu rapidement pas de problème rencontré
nourry numa,"5,0",9 décembre 2018,"Pour ma part c’est un second téléphone, surpris pas la beauté de l’objet et conquis par son utilisation. Une superbe alternative pour ceux qui ne souhaitent pas mettre des prix exorbitants dans un téléphone.n’hesitez pas!"
