user,rating,date,review
Marc,"1,0",21 décembre 2018,"L'ordinateur est très bien, mais je suis très mécontent d'Amazon !!
J'ai pris la peine, avant de commander, d'appeler le service client, afin de confirmer si la version 14 pouces 8go de RAM était bien tactile.
Après vérification, la dame au téléphone m'a certifié que c'était le cas. Je lui ai dit que ce n'était pas précisé sur la fiche produit, et qu'elle devait être sûre d'elle... Elle m'a certifié que c'était une erreur qui serait corrigée sous peu dans la fiche, mais que l'ordi était bien tactile.
J'ai donc commandé.
Une fois l'appareil reçu, très déçu, pas de TACTILE !!!!
Après réflexion, j'ai décidé de conserver le produit car c'est le seul en 8go RAM. Mais c'est honteux de la part d'Amazon d'induire en erreur ses clients !"
LUMINIS SVCS,"4,0",20 décembre 2018,"Ce n'est pas le premier Chromebook que j'achète ... Celui-ci a l'écran plus grand que les ASUS précédents  mais il n'est bien lisible que sur un certain angle de vue (écran mat). Pour ceux qui utilisait sur le Chromebook la prise HDMI, celui-ci n'en n'a plus ... par contre il est alimenté par une prise USB type ""C"" (légèrement arrondie) donc pour afficher l'écran sur un moniteur ou TV avec HDMI il faut acheter en plus un hub USB-C type ""NOVOO 6 in 1 Hub"" (une vingtaine euros en  plus). Le système supporte Google Play MAIS toutes les applications ne sont pas compatibles et ... j'ai l'impression qu'il ne sait pas comment se situer entre tablette ou téléphone ... Donc certains applications se téléchargent comme téléphone ce qui ne me va pas. Le pack Microsoft fonctionne bien (même OFFICE 365)
Il est assez léger mais l'écran n'est pas bien équilibré par rapport à la base, donc il est impossible d'ouvrir le Chromebook avec une seule main: il faut tenir la base sinon elle vient avec l'écran.
Son démarrage est rapide et avec une bonne autonomie.
Chromebook, ""what else"" ! :)"
jalE.,"5,0",29 novembre 2018,"Je ne connaissait pas Chromebook, et suite à différents conseil de la part de mes proches, j'ai passé le pas, et je me suis orientée vers le produit ASUS, et j'en suis ravie, aucun regret!
Le produit est tout à fait adapté à mon utilisaton. Surf, mail, visionage de mes vidéos!!
La mémoire en 8GB et le processeur offre une utilisation très fluide!
je vous le conseil vivement!!!"
lourme,"5,0",14 décembre 2018,"cette Asus est classe,dans cette couleur argent aluminium,les touches sont très agréables sous les doigts,le pavé tactile est très réactif,une fois assimilé les différentes fonctions avec les doigts,l'utilisation d'une souris est inutile,chrome OS est un peux déroutant aux début,mais après quelque jours d'utilisation,vous ne voudrez plus entendre parlez de Windows  😁,les 8 go de RAM facilite le multitâches,et permet même un peux de montages vidéo,les 64 GB de stockage sont largement suffisant,car vous passez par chrome,pour les réseaux sociaux,les plateforme de vidéo(Netflix,PrimeVideo....,avec un chromecast que du bonheur😃)L’écran de 14 pouces et agréable pour les taches classiques,pour les vidéos aucun soucis sur les scènes de jours,plus discutable sur les scènes de nuits,pour finir je suis tombé amoureux de mon chromebook,je l’emmène partout avec moi,il se glisse facilement dans un sac en plus😉."
Sébastien G.,"5,0",10 avril 2019,"Franchement je suis stupéfait!  Je voulais remplacer mon mac car Apple néglige de plus en plus sont os il me fallait un pc rapide fiable et sécurisé. 64go de stockage j'étais un peux septique .. Mais tout passe par le Cloud automatiquement et on peux synchroniser ses dossiers important en hors connexion. De plus Microsoft Office du play store fonctionne parfaitement bien sûr le chromebook. 8go de ram sais parfait 4go je pense que sais un peux juste pour du multitache.
On peut remplacer facilement un pc avec. Pour ceux qui on besoin de temps a autre d'un pc puissant pour des logiciels il y a le Cloud computing je vous laisse découvrir shadow sans faire de pub mais au moin quand j'ai besoin de indesign ou d'un logiciel qui a besoin de puissance hop direction sur le shadow avec le chromebook  !
La batterie tiens les 10h voire 12h en mode hors ligne de temps a autre.
La recharge est super rapide ! J'ai jamais été aussi satisfait d'un pc a ce prix là comme quoi plus besoins de dépenser une fortune dans un ordinateur pour être tranquille et avoir une machine réactif et multitache.
La prise en main se fait très rapidement. Avec le play store, la possibilité d'installer des soft de linux le Cloud computing et le Google drive on a un pc super puissant avec une excellente autonomie pour une boucher de pain.
Deux défaut voir même trois !
Pas de sortie vidéo mais il y a le chromecast ou je vais voir pour acheter un hub hdmi via le port usb c si cela fonctionne espérons le il n'y a pas de raison.
La dalle mate ... Diminue grandement l'angle de vision sais dommage. De plus la résolution de l'écran et pas top ( pour ce prix on vas pas chipoter l'ancienne génération de macbook air avait la même...  Pour un prix x5)
Et le plus gros défauts pas de clavier rétro éclairé et ça sais dommage car juste ce petit détails aurait tout changer. Le trackpad et cependant très agréable.
Pour des étudiants ou des personne qui font des tâches classique sur leur pc comme écouter de la musique regarder Netflix ou youtube surfer sur 15 page Web en même temps faire du traitement de texte ou du tableur regarder des mail réseau sociaux tchater et jouer a certain jeux du play store ( les jeux de android)
Cette machine et faite pour vous et vous ne serez pas déçu attention les logiciel windows et Mac ne fonctionne pas dessus sais logique on est sur un chromeOS (un linux modifier façon google). Moi cette contrainte me dérange pas car j'ai la solution pour mes besoins pro située plus haut dans mon commentaire.
Donc je récapitule :
J'aime :
Son prix
Son poid
Sa rapidité et le multitache
Les enceinte correct pour une machine de ce gabarit
Le principe de chrome os
J'aime pas
Pas de sortie hdmi ou mini display
Pas de rétro eclairage
La dalle mat
Voilà"
zaza,"3,0",12 janvier 2019,"J'ai acheté ce produit car je pensais avoir un bon rapport qualité prix.
Il est très léger, très fluide, mais étant photographe amateur, je n'ai pas réussi à envoyer mes photos via mon téléphone. En fait il n'existe pas d'espace de stockage. Personnellement, il ne me convient pas pour l'utilisation que je dois en avoir. Autant rester sur un Windows, c'est sans risque.
Donc je renvois..."
ghassan,"3,0",24 décembre 2018,"Gobalement note moyenne pour ce produit . J'ai été mieux servi par les anciens produits ASUS et j'ai l'impression que la mondialisation à laquelle on participe tous moi compris, nous mène à avoir des produits de moins bonne qualité :
Avantages : rapide, léger, fait ce qu'on lui demande, ne rame jamais même après ouverture d'une vintaine de tabs chrome
très bonne qualité sonore
Inconvénients : écran pas très confortable pour les yeux, finitions plastique avec impression d'avoir un jouet entre les mains, touchpad et clavier clairement de moins bonne qualité que les anciens chromebooks chez asus (ma compagne a un ancien ASUS chromebook je crois que c'est le C200)
c'est pour cela je met 3/5"
david gaillard,"4,0",13 janvier 2019,"Produit conforme
Très léger et très design
Facile de rapide d’utilisation
Batterie longue durée (étant étudiant c’est parfait)
Clavier assez silencieux
Bluetooth ...
Inconvénient à noté : très difficile d’imprimer directement un document avec l’ordinateur, nécessitée de passer par des applications ou d’envoyer par mail à tout autres appareils permettant une impression rapide et efficace du document
TRÈS BON RAPPORT QUALITÉ PRIX !"
Samuel,"1,0",30 décembre 2018,"L'ordinateur n'a jamais pu fonctionner après plusieurs tentatives de recharge. Ecran noir qui ne permettait pas son usage. retour et remboursement. Plusieurs Acer à la maison, jamais eu de soucis. Asus est il encore à la hauteur ?"
Théo,"4,0",10 mars 2019,"Déjà deux jours avec mon Asus Chromebook et je tape mon commentaire sur son clavier. Pour le moment je suis ravi. Les débuts étaient un peu compliqués puisque je passais d'un 17,3"" à un 14"" mais au final sa taille est parfaite que se soit pour travailler sur le canapé ou assise à une table. Il est vraiment très leger et j'adore ses finitions plutôt agréable visuellement et même au toucher. Je suis passé d'une interface Window à Chrome et pour tous vous dire les premières minutes sont destabilisantes mais au final c'est sympa et super pratique quand on est adepte de l'univers Google. Pour ce qui est de la durée de vie de la batterie je ne peux pas encore juger cela ne fait que trop peu de temps que travail avec. Et pour la capacité de stockage je trouve que les 64 Go sont pluôt correct mais je prevois quand même d'ajouter une carte micro SD pour etendre les capacités.
Pour finir, je n'ai pas eu de problème avec la livraison amazon, un jour ouvré, et c'est toujours un plaisir de commander sur ce site."
Danwind83,"4,0",12 décembre 2018,"Bonjour,pour ma part j'ai pris ce chromebook en 14',écran HD,8Go de Ram.il est léger,fonctionnel,bonne autonomie,rapide.le playstore est relativement complet,quasi identique a un smartphone androïd,la naviguation est très fluide,la lecture de vidéos aussi.ce chromebook est bien pensé avec une adaptation a chrome OS relativement courte.j'espère qu'il sera fiable dans le temps..."
Client d'Amazon,"5,0",16 décembre 2018,"Je les achètès car j'avais besoin d'un ordi pour travailler et naviguer sur Internet.
Certe il n'a pas de port HDMI mais ce n'est pas grave du tout..
Je suis content de cette ordinateur ."
Maman et Loulous,"5,0",10 février 2019,"j utilise l ordinateur pour faire des blog ,rédiger des texte et après pour aller sur les applications grace au playstore de Google
ordinateur léger solide écran tactile réactifs un bon ordinateur chrombook je suis contente de mon achat"
KIPY,"4,0",18 avril 2019,"C'est un chromebook avec ses qualités et ses défauts. Ne pas payer trop cher car les perfs sont juste adaptées au surf sur le net, l'écran n'est pas exceptionnel ni en luminosité, contraste ni en définition. L'autonomie correcte sans plus. Il faut être familier avec l'écosystème chromebook pour les tâches de la vie quotidienne : bureautique, impression, accès réseau, clavier spécifiques tout comme les raccourcis... A réserver aux experts donc."
Lucas Desvages,"5,0",17 mai 2019,"C'est mon premier Chromebook et j'en suis très satisfait ! Il est performant et très élégant. Il est un peu lourd, 1kg5, mais facile à manipuler, à passer d'une position à une autre. Cette ambivalence le rend super pratique. Chrome OS n'est pas un frein si on connaît un minimum Android. Il est je pense aussi adapté aux utilisateurs peu à l'aise avec un ordinateur. L'écran est très bon, mais je ne l'ai pas encore testé en plein jour, sous forte luminosité. L'autonomie semble correspondre à ce qui est annoncé. Le clavier et le pad sont agréables mais ça reste subjectif.
Je le recommande, même si son prix peut paraître élevé comparé à d'autres Chromebook ou Pc portables sous windows. C'est un produit plutôt haut de gamme"
Lino,"3,0",15 janvier 2019,Le Pc a été livré dans les temps et correspond bien à la description. Je l'ai acheté pour mon fils en 6eme et la prise en main à été bonne. Seul point négatif est la résolution qui est peut être lié à la carte graphique. Du coup le rendu écran est un peu pâle.
Kevin,"4,0",22 février 2019,"Pas facile le passage de window à chrome OS, surtout depuis qu'on connait win 95...
Très content de mon achat, léger, maniable, pratique, ultra rapide, aucun bruit de ventilation,...
A recommander pour ceux qui hésitent encore.
Le seul petit hic, est le transfert de données via USB et qui nécessite l'installation d'un programme. Par exemple : Garmin express dans mon cas.
Je n'ai pas encore trouvé comment transférer mes données de mes GPS vélo/montre, sur mon chromebook..."
Mireille,"5,0",22 janvier 2019,"Bien pour une activité dans l'environnement Chrome, peut être déroutant au début si on est habitué a autre chose. Leger,
pratique pour un usage sur les genoux et dans l'environnement Chrome."
Client d'Amazon,"4,0",28 avril 2019,"Utilisation d'internet et messagerie, gestion personnelle, word et excel (en option) . Chromebook est une alternative à windows qui demande une adaptation à son utilisation sinon c'est bien conçu et assez complet. Beaucoup de logiciel ne sont pas compatibles et c'est dommage."
stone,"4,0",12 février 2019,"Achetez pour ma mère , j’avais une appréhension vu que c’est de l’androïd mais au final c’est nickel. Je recommande. Il fait le job, il est beau et moderne"
Martial,"5,0",22 mai 2019,"Très passionnée par LINUX, j'avais besoin d'un PC portable léger et rapide tournant soit sous Linux ou soit sur Chrome OS.
Ce Chromebook correspond tout à fait à ce dont j'avais besoin, il s'allume en quelques secondes et l'accès Wi-Fi est très rapide.
De plus il est possible d'installer les applications Android, même les jeux comme par exemple Asphalt tournent sans difficulté.
Bravo ASUS et AMAZON."
Bri71,"5,0",11 mai 2019,"Acheté pour des personnes âgées. Il est compact, équipé parfaitement et de manière simplifiée, tactile ce qui permet un maniement hyper simple. Je pense en acheter un deuxième pour moi tellement il est beau et pratique."
Client d'Amazon,"5,0",3 février 2019,"Appareil hyper rapide, Legé, parfait pour mon usage a la maison"
Florian Ternisien,"3,0",3 janvier 2019,"Qualité écran moyenne, démarrage rapide, pour profiter de la pleine expérience il vaut mieux être connecté à Internet.
Le mien avait un soucis d'enceinte qui grésillé ! retour chez Amazon et remboursement."
Client d'Amazon,"5,0",6 mai 2019,"Ce Chromebook est un des meilleurs sur le marché. Les seuls défauts qu'il a c'est l'absence de capteur d'empreintes, ansi qu'un poids et un écran assez conséquent qui réduit considérablement le confort d'usage en mode tablette. Ce même PC en version 11-12 pouces + capteur d'empreintes, t'obtiens la machine parfaite."
tardivel,"5,0",28 décembre 2018,"Taille idéale,très léger facile à manipuler.le top c'est qu'il est tactile je l ai acheté pour ma fille qui en a besoin pour le collège."
Anaelle Samama,"5,0",22 mars 2019,Parfait j’ai le 16 pouces bon tactile mais parfait ! Seul défaut les enceintes sont en dessous de l’ordi donc le son est très souvent ettoufe et mauvais
Marvinho ,"3,0",23 avril 2019,"Je ne m’attendais pas à cette qualité d’image et de son, je suis un peu déçu sur ces points mais sinon le PC tourne bien"
Client d'Amazon,"5,0",25 décembre 2018,"Très bon chromebook. Interface agréable et totalement différente d'un PC Windows. Bonnes finitions, poids très léger."
Rusinowicz L.,"5,0",5 février 2019,"Pas d’écran tactile , alors que dans le titre c’était precisé bien prendre en compte la dalle 720p car franchement en 2019 ça fais tache .... c’est vraiment moche des noirs qui sont gris claire pour le prix de ce chromebook j’en attendais mieux , mis à part les 8 Go de ram on trouve mieux pour moins chère."
Hubeau,"5,0",30 mai 2019,"C'est bon appareil, conforme à la description et très aisé de manipulation je veux commande à 100 % et le vendeur et le produit."
Annems,"5,0",9 juin 2019,"Parfait pour l’usage envisagé, cadeau pour mon Papa qui utilise essentiellement internet et messagerie."
OLIVIA,"5,0",24 mai 2019,"Commandé avant hier avec ""Prime"", reçu avant 20 h aujourd'hui. Service livraison pro.
Visiblement beau, slim, pour le moment je découvre la Bestiole plutôt sympa. Un petit ""grrrrr"", pas  encore
trouvé la touche pour bloquer la majuscule.....
Très beau design, je reviens dans quelques jours pour vous dire ce qu'il a à l'intérieur du capot...."
Mj,"4,0",6 mars 2019,Mon ados l'utilise tout les jours. Très léger. Elle adore l'écran tactile. Bonne investissements
Yfique,"4,0",1 janvier 2019,"Seulement un problème étonnant, le bluetooth ne se connecte que sur des périphériques comme des enceintes, mais pas possible de connecter un smartphone !!. Un peu déçu quand même"
Client d'Amazon,"5,0",17 décembre 2018,super pratique je recommande vivement
Coralie bussy,"1,0",19 mai 2019,Tres tres Déçue de mon achat c'est ordinateur est juste un smartphone avec un écran géant pas de possibilité d'utiliser pack office correctement accès World excel limité.... publicité sans arrêt une horreur....
rachida temimi,"2,0",8 mars 2019,"Problème port USB impossible de mettre une clé USB ou un câble pour charger mon téléphone.  A ma grande surprise, l'écran n'est pas tactile alors que c'est une des raisons qui m'a poussé à l'acheter. Ordinateur reçu avec des traces de doigts partout... déçue de cet achat"
Beccaccia Gérard,"5,0",15 mai 2019,"Excellent Chromebook, rapide, léger et performant"
Gerdex,"2,0",9 février 2019,"L'ordinateur est bien pour ce qui est de la légèreté et pour des tâches simples comme regarder des vidéos youtube. Par contre, j'ai un problème, je ne sais pas mettre de fichiers venant d'un disque dur externe sur l'ordinateur alors que je suis dans la session administrateur ou encore enregistrer une image sur le bureau."
Nathalie,"4,0",26 décembre 2018,Souci avec les ports USB qui sont défaillants. La souris se déconnecte ou n'est pas connectée alors qu'elle est branchée.
mimi56,"5,0",4 février 2019,"Un super produit. Très bel ordinateur léger, taille très agréable. Super Réactif. Je ne m'en passerais plus. Je recommande. J'adore."
Client d'Amazon,"3,0",8 mai 2019,Ordinateur
Theressa,"5,0",24 mai 2019,bon rapport qualité prix
moranzoni,"3,0",14 mars 2019,il n'y a pas de window sur ce portable
Bertrand E,"4,0",20 février 2019,"L'ordinateur est d'une rapidité déconcertante. Malgré sa configuration légère, il fait le job tout en restant fluide.
Mise à part la configuration de l'imprimante qui m'a demandé un peu de temps, c'est du plug-and-play à peu de chose près."
Ueoeb e,"3,0",16 janvier 2019,C'est un très bon PC avec au niveau de la mémoire il y a mensonge sur la marchandise  je me retrouve avec 52 GO au lieu de 64 GO
GAEL,"5,0",8 janvier 2019,Très bel ordinateur de haute performance pour un rapport qualité prix imbattable
AArnault,"5,0",23 mai 2019,"Super, rien de plus à  dire."
LLORENS M.,"5,0",15 février 2019,"Utile pour tous types de travail.
Qualité d'écran au top !"
ISAGORTAZAR,"4,0",24 mai 2019,Dommage que le processeur soit très lent et il est très compliqué de se brancher à nimporte quelle wifi. et surtout à mon VPN ... (5 à 10 mn)  sinon rien à signaler de négatif...
calopsyte,"4,0",26 décembre 2018,"Acheter pour mon fils de 12 ans,conforme à notre attente ,plus écran tactile.Très rapide à l'exécution ,très jolie en couleur argent.
Je le recommande.
Calopsyte"
Marie Claude,"4,0",6 mai 2019,"L'article est conforme à la description. Bon rapport qualité/prix. Pour les personnes qui souhaitent cet appareil, il faut qu'elles se renseignent sur les caractéristiques et les limites de Google OS"
Lthm2,"4,0",29 décembre 2018,"Correspond à mes attentes. Pour ceux qui cherchent un ordinateur pour regarder des films, il faut noter que la qualité vidéo de l'écran est assez basse."
Thierry,"5,0",31 décembre 2018,Très bon rapport qualité prix.
Misszelda,"5,0",30 avril 2019,Réponds totalement à mes attentes... excellent pour la bureautique et naviguer sur internet...
Client d'Amazon,"5,0",8 février 2019,Pas de son sur pornhub
Geppetto1971,"4,0",23 décembre 2018,"Une seule remarque que la qualité du son : perfectible. Le reste très content, compte tenu du prix."
Fruitier,"5,0",19 mai 2019,Il les pratiques et léger pour enmener partout mois c'est pour mettre des documents
Monique BOON,"5,0",22 mai 2019,bon achat conseillé par un de mes petits fils pour rester connecter en dehors du domicile!
