user,rating,date,review
Pierre,"5,0",13 novembre 2018,"J'avais un J7, et il a cassé. Question budget je me suis dit tant pis, je voulais pas dépenser trop. Du coup j'ai pris le J6+ 2018. Il est plus agréable en main, les photos c'est de la bombe! Le son du hp est un peu moins bon, mais on fait avec
esthétique: rien à dire
Photo: top, petits effets de flounen arrière plan sympas
Vitesse: rien à dire
Mémoire: quand j'aurai rempli les 32gigas je serai proche de la retraite je pense
Bref: achètes le!!!"
HALTER SARAH,"1,0",1 mars 2019,"Le colis est arrivé aujourd'hui, avec un jour d'avance, surprise !
Deuxième surprise : le téléphone n'est pas dans la boite !! Il n'y a que le câble de chargement et les écouteurs !!"
Client d'Amazon,"4,0",24 décembre 2018,"Ce télephone est parfait si vous regarder des films sur votre smarphone, que vous utiliser les réseaux sociaux, ou encore jouer à quelques jeux (peux gourmand).
L'autonomie est très correct.
Le seul gros défaut de se smarphone ses la photo.
Elle sont pas très nette mais bon le smatphone ma couter 170 € donc je peux pas me pleindre."
Client Kindle,"3,0",4 janvier 2019,"Bon produit d'entrée de gamme, son gros défaut est la qualité des photos; le lissage des détails , le manque de netteté ne sont pas à la hauteur de la concurrence dans la même gamme de prix. Les photos sont d'une médiocrité pas du tout acceptable, ça relève presque du gadget."
Engoulevent,"1,0",7 janvier 2019,Téléphone défectueux donc inutile.
Alain QUEMENER,"5,0",13 janvier 2019,"Excellent écran. Un beau dos en verre, il fait bien tourner des gros jeux (Fortnite, PUBG...) cela m'a même étonné. Samsung a très bien réussi ce téléphone. De plus, la batterie me tient deux jours. A recommander"
la jeanne,"5,0",18 janvier 2019,bon smarphone prix respectable mais trop dommage pas une notice en français vous regardez sur internet 100 pages a faire défiler c est horrible
Sylla,"5,0",14 décembre 2018,Très bonne téléphone facile à utilisé je suis vraiment satisfait content le tiens bien super qualité
Kaou,"4,0",4 décembre 2018,Je suis très très contente de ma commande
chapeaudepaille,"3,0",28 décembre 2018,"Ce produit ne capte les fréquences wifi à 5 GHz. De ce fait, il n'est pas compatible avzc ma box"
Client d'Amazon,"5,0",22 décembre 2018,"J adore . écran 6 pouces c'est le top.
Facile d utilisation je recommande"
cindye,"3,0",3 avril 2019,"Alors la reconnaissance facial je ne sais pas , il veux je sans avoir ""fb"" et toute les applications ainsi que jeux,  donc si vous êtes comme moi , que vous vous en servez pour le boulot choisissait autre chose
Capacité de stockage correcte
L'écran et top
Qualité photo à revoir"
Drocourt,"2,0",19 février 2019,"des l'arrive du produit j'ai de suite remarque que c'etait un telephone plastique.
dommage pour le prix"
AOUDIA B.,"1,0",1 février 2019,"Bonjour
Vendeur pas correct dans la description du produit
Commandé single sim
Envoi double sim
J'ai l'ai même pas allumé"
Bertrand Anne,"5,0",22 janvier 2019,"Un seul conseil, protégez votre écran. Pour le reste je ne peux que conseiller ce téléphone, un très bon rapport qualité prix."
Patricia Séverine,"5,0",16 janvier 2019,"ravie pour le moment de mon téléphone , durée de vie de la batterie et longévité ,voir plus tard car ça ne fait pas longtemps que je l'ai acheté."
ludovic leduc,"3,0",5 juin 2019,super qualité super rapport qualité prix super disingne après je vient de l'avoir donc a voir ci il ya des souci je le serai pars la suite mes bon a des pris pareil il pourrais offrir la coque de protection les gens son pas tous Rothschild déjà dure de sortie une somme pareil quand on et au chaumage donc faite des cadeau pack quart après avec les article supplémentaire on arrive vite a 200e merci j’espère que vous prendrai note mes bon je peux pas le conseillée vu que ca fait un moi que je les a voir
Client d'Amazon,"5,0",7 mars 2019,Excellent cadeaux très bon produit
Jules Hello World,"3,0",6 mai 2019,"Un téléphone d'entrée de gamme, clairement destiné à une utilisation light. Dommage que les 3 go de RAM ne soient pas associés à un processeur plus véloce."
Chartoire Marc,"4,0",4 avril 2019,Pour un entrée de gamme Samsung c'est de très bonne facture mais attention il est difficile de mettre le téléphone en français les premiers temps voir tuto sur Google
mathos,"5,0",23 avril 2019,"C'est un cadeau de ma femme , le portable en lui même est très bien,  facile à utiliser, la taille me convient car je regarde beaucoup de films sur mon portable , très satisfait de mon acquisition."
BERRICHON,"5,0",14 février 2019,Commande reçue rapidement qualité prix excellent c'est un cadeau pour ma fille qui est super contente de son portable .
Bruno ANGELO,"5,0",3 février 2019,"J'utilise depuis quelques années un portable SAMSUNG , qui m'a donné pleine satisfaction . Je commande le même produit dans la gamme plus récente.
J'ai rapidement reçu le produit , il fonctionne correctement."
Bergès Mietté,"4,0",14 mars 2019,"Très beau téléphone avec plusieurs points forts mais des défauts également. Batterie s'épuise assez vite, en partie à cause de l'usage. Impossible de faire une capture d'écran. Mais dans l'ensemble, ce portable est impeccable. Je recommande."
Stephen mur,"5,0",20 mars 2019,le j6 plus correspond tout a fait a mes attentes très fluide bonne qualité d'image.
remy jean marie,"1,0",10 juin 2019,J'ai remplacé mon Huawei P8 par ce Samsung J6+. Sans doute il faut le découvrir et m'y habituer…  J'obtiens Internet sur ce smartphone mais pas en partage de connexion. Pour envoyer un texto les 2 premiers mots dictés s'affichent puis je dois continuer avec le clavier.
Corinne Lelo,"5,0",26 mars 2019,"j'ai commandé ce téléphone pour mon fils. Il a été livré plus tôt que prévu et il était ravi.
La prise en main est rapide. Cependant, il n'y a pas de guide d'installation en ""FRANCAIS"".
Donc, je pense que si vous le commandez, préférez la version française et non internationale."
BigFlo,"5,0",31 mai 2019,"Très bon téléphone un peu sceptique au départ car achat sur le net mais fonctionne parfaitement bien, très pratique et pas mal d option."
Client d'Amazon,"5,0",12 février 2019,Changement téléphone non inclus dans forfait opérateur. Ravie de mon achat.
Asma,"2,0",4 février 2019,Dommage Que l’écran et pas trop éclairé
runge,"4,0",4 janvier 2019,ras
kherouf,"5,0",2 février 2019,"Mon Grand prime a rendu son âme.
Le j6 plus est ce que je recherche rapport qualité prix!
Grand écran et fluide!
Livraison rapide!"
Stephane,"5,0",26 mai 2019,"Belle qualité ,et très fluide rien à dire de plus"
Client d'Amazon,"5,0",5 mai 2019,Super pour le prix .top le son.qualité d image très bien .super pour quelqu un qui peut pas ce permettre d acheté des téléphones dernier sortie .et livraison super plutôt que prévu.
Client d'Amazon,"5,0",22 mars 2019,"Je suis contente de mon choix, prise en main assez facile, je n'ai pas encore tout exploré mais contente."
waeldin,"5,0",10 mars 2019,"un vrai smartphone, toutes les fonctions utiles
bonne qualité de photo
prise en main facile"
vanderschelden,"5,0",8 février 2019,Bon téléphone batterie tien deux jours mémoire super a par la luminosité qui diminue et revien tout seul il va nickel et prix très interresant
MARCHAND N.,"5,0",8 mai 2019,excellent portable à prix raisonnable. Je l ai acheté pour ma fille en remplacement d un iPhone 5.La charge de la batterie tient longtemps l appareil photo est bon.je le recommande
amateur d'Arts,"4,0",24 mars 2019,"J'aurais apprécié le mode d'emploi en Français parce que je ne suis pas particulièrement ""intuitif""!"
cailloce,"4,0",5 janvier 2019,Téléphone facile à prendre en main car habitué au Samsung.
Zoia,"5,0",4 février 2019,"Superbe smartphone, très bon rapport qualité-prix, j'adore la taille de l'écran c'est parfait pour visionner une série ou film, je le recommande vivement"
geronimi stephane,"5,0",2 juin 2019,Super
Client d'Amazon,"3,0",26 avril 2019,"Telephone super à la réception mais depuis que je l'ai reçu,  sauf que depuis hier impossible de déverrouiller le clavier 😕, il a beugé et je ne peux plus m'en servir.
Comment ça se passe dans ce cas-là ?? Il est neuf reçu il y a même pas deux mois 😤😤"
carnis,"5,0",8 janvier 2019,Tro bien
Mumu ,"4,0",6 février 2019,Usage personnel
Azouzi Mohamed,"5,0",10 décembre 2018,Pour appelle mais proches Ami Est mont patron
Moyen,"5,0",7 avril 2019,Très bon téléphone. Très bon rapport qualité prix
Client d'Amazon,"1,0",17 mai 2019,"Apres 2 mois d'utilisation normal, le téléphone dois etre envoyer au constructeur SAMSUNG car le micro ne fonctionne, aucun son audible n'est émis…...c'est à dire que je peux appeler mais on ne m'entend….pratique pour un téléphone!!!"
Julia,"5,0",14 avril 2019,Super produit
Sabine Adam,"5,0",4 juin 2019,"Conforme à la prescription
Téléphone neuf sans aucun problème"
lauda44,"1,0",28 mai 2019,panne de chargement en mai alors qu'acheté en avril. Nous devons appeler Samsung qui nous envoie dans un magasin de réparation. bravo :(
guy,"5,0",19 janvier 2019,le seul problème j attente la facture avec impatience. merci de votre comprehension.
lugon françoise,"5,0",10 janvier 2019,j en suis ravie
Jo,"5,0",8 mai 2019,"Tres bon téléphone. L'appareil photo est de très bonne qualité. Rapide, un son fort pour la musique ;)"
Client d'Amazon,"5,0",23 décembre 2018,Bon
Client Kindle,"5,0",18 mars 2019,"Je n'ai pas essayé la reconnaissance faciale. Par contre le reste est très bien. La bascule entre les cartes Sim se fait de manière automatique.
Très bon produit"
mohamed,"5,0",1 mai 2019,Tout va bien pour mon fils
Giovanni,"5,0",21 avril 2019,"Bon produit , conforme a la description, bon rapport qualité / prix."
Claude,"5,0",11 avril 2019,"Belle qualitée photo
Bonne ergonomie
Un bémol sur la puissance du haut-parleur."
Lolo,"5,0",19 décembre 2018,Super
Rrrrr,"5,0",9 mars 2019,Bonne experience la qualite samsung est la. Et niveau stockage est important
virgile,"5,0",21 janvier 2019,Bon rapport qualité prix
felipe josiane,"5,0",10 mars 2019,Ce produit est avant tout un telephone très agréable point de vue des qualités et des services qu'il fournit.
Steven,"5,0",14 mars 2019,Acheter en decembre rien a signaler le produit et conforme à mes attentes seul defaut pas de charge rapide mais batterie qui dure en contrepartie
Morel,"4,0",20 avril 2019,"Bon telephone.
Ne vaut pas un S mais je l'ai pris pour ma fille et il et tres bien pour elle."
angignard bruno,"5,0",25 janvier 2019,"Bon portable fonctionne  tres bien et facile a utilisé  je le recommande
Merci à Amazon livraison rapide"
DASTIC,"5,0",14 mars 2019,j'ai beaucoup de réservations pour mon gite je dois me servir de ce téléphone très souvent
Client d'Amazon,"4,0",8 avril 2019,Je viens de l'offrir à ma fille qui semble satisfaite mais elle n'a pas encore eu le temps de découvrir toutes les applications.
Client d'Amazon,"4,0",22 mars 2019,totalement satisfait
Valtat,"4,0",11 mars 2019,"Il a une bonne durée de batterie, il a beaucoup d'espace, la qualité photo est aussi très bien."
Marine,"5,0",23 janvier 2019,"Super téléphone super grand , réagis aussitôt et est arrivé avec une journée d’avance je recommande"
Client d'Amazon,"5,0",24 février 2019,"Très satisfaite, prise en main facile. Idéal pour la débutante que je suis. De plus envoi rapide, c est parfait"
MENNADI Tekfa,"5,0",8 janvier 2019,"Acheté pour mon fils de 13 ans.
Grand écran idéal pour jouer sur un téléphone"
Meurant sylvie,"5,0",1 avril 2019,"apres un iphone je constate la difference bcp plus simple d utilisation gran écran, belle couleur et maniable."
sabine baudru,"4,0",19 janvier 2019,"Achete pout mln ado de 14 ans. Il en est très content!
Livre rapidement très bon rapport qualité prix"
penelope,"5,0",4 février 2019,il y a énormément de possibilité  il me sert aussi pour retrouver ma voiture télèph  avec skype
Gg33,"5,0",12 mai 2019,"Je suis ravie de mon achat
Bon produit
Écran agréable"
Sylla,"5,0",17 avril 2019,"Bonne qualité de produit
Merci"
seine,"5,0",30 décembre 2018,la précision d'un éventuel changement de puce m'aurait permis d'anticiper cette commande auprès de mon fournisseur.
Client d'Amazon,"4,0",16 février 2019,"Téléphone  grand écran
Mémoire interressante
Qualité correcte"
Vaval,"4,0",31 décembre 2018,"Pour l'instant une bonne prise de main car je viens tout juste de l'avoir , je verrai par la suite."
allaire marjorye,"4,0",18 janvier 2019,Pour l’instant rien a dire
Msevin,"5,0",30 décembre 2018,"Téléphone top, de bonne taille, facile d'usage
Seul point négatif : le son des notifications(résonne)"
Chris,"5,0",4 mai 2019,utilisation personnelle. écran très large. fonctionnalités très intuitives.
Daniela Matias,"5,0",11 juin 2019,Très bien. Excellent qualité prix.
Client d'Amazon,"5,0",8 janvier 2019,Au top du top rien à dire.
ATEMA,"5,0",20 janvier 2019,Très bon appareil !
Chevalier J.,"3,0",12 mars 2019,pas encore assez d'expérience
Client d'Amazon,"5,0",30 mars 2019,simplicité et grande qualitée
DOSSOU,"5,0",7 avril 2019,Super téléphone
Mohammed,"4,0",25 avril 2019,J'aime bien ce smartphone Samsung j6+ je suis content de ma.commande
winkel V. ,"4,0",18 avril 2019,"Service rapide, excellent smartphone très bon rapport qualité prix"
Fred.du 83.,"5,0",25 avril 2019,Très bon produit . TV . INTERNET . JEUX tout fonctionne très bien
lassalle,"5,0",14 mai 2019,Je suis très contente
BEGUE jp,"5,0",29 janvier 2019,Perso
Client d'Amazon,"5,0",21 mars 2019,j;aime la marque j;ai plusieur appareil est tres satisfaite
Client d'Amazon,"4,0",27 mai 2019,Facile à utiliser
CD,"5,0",23 janvier 2019,je n'ai pas encore eu le temps d'evaluer les performances du produit
Cathy,"5,0",14 janvier 2019,Pas du tout déçue de mon achat et une sacré  différence  de prix
isabelle,"5,0",11 mars 2019,Envoyé dans les délais  aev garanties. Parfait !!!
ghestin louis,"5,0",10 mai 2019,facile d'utilisation et performant bonne autonomie
fernande vanlande,"5,0",9 juin 2019,super
GRANGIER Sonia,"5,0",12 mai 2019,Super
Jaja,"5,0",23 mars 2019,Excellent rapport qualité-prix.
NuNuméro de service client,"5,0",4 mars 2019,Très bien merci
Virginie MINTA,"5,0",20 mai 2019,Internet sms appel messenger
CrewZ,"5,0",26 janvier 2019,Pour le prix c est vraiment pas mal
LanaLalo,"5,0",21 janvier 2019,Très bon rapport qualité prix et un chouette look
Luc D.,"4,0",18 février 2019,Pas mal
Client d'Amazon,"5,0",6 mars 2019,Très beau téléphone.Fonctionnel
Béatrice,"4,0",21 février 2019,Produit conforme à mes attentes
Client d'Amazon,"5,0",13 mars 2019,photo internette
Philippe,"3,0",5 juin 2019,Cool et rapide
Tep 9405,"4,0",5 mai 2019,pour utilisation personnel
Mama,"5,0",7 avril 2019,Produit top
DINA Georges,"4,0",12 janvier 2019,ras
othman,"5,0",2 juin 2019,Bon produit
Ionela,"5,0",28 mars 2019,Satisfet
Gheorghe,"5,0",15 avril 2019,Super
Elshahry Aya,"5,0",23 janvier 2019,J’ Le produit
Amar talla,"5,0",12 mars 2019,Très jolie
Zak,"4,0",9 février 2019,"J'ai récemment acquis ce modèle Samsung. Je suis encore dans la phase ""découverte, apprentissage"". Il me convient pour le moment, les applications sont nombreuses mais pas envahissantes. Pour jouer à de petits jeux il suffit mais il ne convient pas pour les jeux 3D. le rendu des images et des films est bon mais le contraste et la luminosité sont excellents. Processeur basique et peu performant. leger dans la moyenne et bonne ergonomie dans l'ensemble. Si vous êtes un maniaque de la propreté vous passerez autant de temps à passer la chiffonnette pour oter les traces digitales qu'à utiliser les applications du smartphone (les traces de doigts sont visibles partout !). Rapport qualité/prix : moyen."
Aghrib a.,"1,0",3 janvier 2019,"Nul, produits qui peux  se lâcher m'importe quelle moment ! En plus une ogmontation de prix !!! Au magasins  coute mon chère ☠"
Alex M,"5,0",3 janvier 2019,"Très bonne surprise! Milieu de gamme Samsung très réactif, écran superbe, photos satisfaisantes et fonctionnalités au top! Je recommande pour ce prix !"
galin patricia,"5,0",20 mai 2019,"Je viens de le recevoir, pour le moment pas de souci"
Client d'Amazon,"5,0",17 février 2019,Super aucun souci pour l'instant
S.b,"5,0",12 mars 2019,Super tél rien a redire ma fille est ravie !
Lamsiah,"5,0",19 janvier 2019,Oui j'aime bien
Priscilla,"5,0",28 décembre 2018,Offert a mon mari pour son Noël il en est ravi. Il fait de belles photos. Il y a 32Go d'espace. Il est simple d'utilisation. Très bon rapport qualité prix. Fonctionne avec une NANO sim uniquement.
Sylviane ,"5,0",9 avril 2019,"J'ai longtemps hésité avant d'acheter le Samsung J6+, à cause des commentaires assez négatifs que j'ai lu à son propos. Et je suis agréablement surprise.
Les photos sont très nettes, très bonne qualité de l'écran.
Son utilisation est facile, très intuitive.
Sa capacité de stockage et ses 3 RAM de mémoire vive ont été les points forts pour lesquels j'ai voulu l'acheter, et je ne suis pas du tout déçue.
On peut aisément installer des applis, même des jeux assez gourmands sans bug. On peut également jongler facilement d'une appli à une autre, ainsi que regarder des films, vidéo sur YouTube....
Il ne chauffe pas, et la batterie tient presque 2 jours alors que je m'en sert beaucoup.
Bref je suis vraiment très satisfaite de mon achat.
Je recommande."
