user,rating,date,review
John,"5,0",24 avril 2018,"Si vous cherchez un smartphone sans surcouche, ce mobile est fait pour vous.
L'écran est très bon, le mobile est rapide/fluide, l'appareil photo est également très bon (je ne suis pas exigeant de ce côté là), le haut parleur est juste excellent (certain mobile haut de gamme n'a pas un aussi bon son), il accroche très bien le réseau et enfin grosse surprise, le mobile est vendu avec une coque de protection en silicone transparente, merci Nokia !
Le seul reproche que je peut faire c'est le manque de led de notification, mais ça reste anecdotique.
100% satisfait de ce mobile au rapport qualité/prix excellent !"
RC CHEAP FRANCE,"1,0",2 octobre 2018,"Déçu que cela ne soit pas indiqué  dans la description, attention à ne pas commander le modèle import europe car c est le TA1055 single Sim.
Pour ma part juste ouvert  mis en route et remballer pour son retour.... perte de temps et je n'ai plus de smartphone en attendant le remboursement !
Merci d'indiquer ces mentions  dans la description"
Scratch-2000,"4,0",23 juillet 2018,"Pour les adorateurs de Nexus qui n'ont pas les moyens de passer aux Pixels, voilà un téléphone parfaitement adéquat grâce à l'Android pur intégré.
Alors certes un pseudo Nexus, mais clairement plus esthétique, voire même sublime. Le côté cuivre/noir rend parfaitement bien, même si un peu en deçà des photos présentées.
L'appareil photo d'assez bonne qualité (même si je ne suis pas un expert), et la ""nouveauté"" de Nokia avec le mode bothie vraiment gadget.
Petit bémol (parce que oui, aucun téléphone n'est parfait, d'où le petite étoile en moins), les problèmes de connexion en Wi-Fi avec le téléphone, alors que celle-ci fonctionne parfaitement bien avec mes autres appareils. Sinon la 4G+, au top !
Et petite indication tout de même que je trouve intéressante puisque ce n'est pas tout le monde qui le mentionne, le contenu de la boîte :
- Téléphone (merci) ;
- Coque en silicone transparente (pour vous éviter d'en racheter une et devoir la rendre derrière) ;
- Kit oreillettes intra-auriculaire ;
- Prise française avec câble USB-A vers USB-C ;
- Et enfin la petite tige pour ouvrir l'emplacement carte SIM.
Je préfère préciser tout ça, parce qu'en regardant pas mal de vidéo sur internet, je suis tombé sur des contenus de boîte différents, et même un sans la tige pour tiroir SIM, c'est pour cela que je préfère énumérer le tout ! 😊
Après une semaine d'utilisation ça n'est pas vraiment représentatif, mais j'en suis vraiment content, et plus qu'à voir comment il évolue dans le temps..."
Camille B.,"5,0",19 avril 2018,"Idem qu'un autre commentaire d'un autre utilisateur, acheté pour remplacer mon Nexus 5x. Très bon produit, un tout petit peu large pour être utilisé à une seule main mais très bel ecran. L'appareil photo rend également bien le change : je viens de poster la première photo faite avec et on m'a demandé si je l'avais retouchée :p"
Bosco_barracuda,"5,0",16 juin 2018,"Il y a quelques semaines, j'ai changé de téléphone portable.
Au début, je recherchais un téléphone type ""Baroudeur"", ultra résistant, et étanche.
J'avais opté pour un Blackview BV9000 Pro... mais ce dernier a rendu l'âme au bout de 3 semaines seulement.
Après bataille avec le vendeur, j'ai finalement obtenu remboursement.
Je suis donc revenu sur une ""Marque"", et Nokia est de loin ma préféré.
Au cours de ces 20 dernières années, j'ai eût des téléphones de nombreuses marques entre les mains : Nokia, Samsung, Sony, Sony/Ericsson, Huawei, Acer, LG, etc...
Hormis, LG, Nokia et Samsung, tout les téléphones des autres marques sont tombés HS... peu de temps après la fin de la garantie.
Le Huawei Mate qui tombe HS au bout d'1 an, 1 mois et 1 jour... curieux comme coïncidence.
Sony... batterie HS et irréparable au bout de 2 ans.
Acer... firmware bugué, plus possible de passer des appels (un comble pour un téléphone)
Blackview... Carte mère du téléphone HS au bout de 3 semaines.
Tout les téléphones Nokia que j'ai êut entre les mains... sont tous toujours en parfait état de fonctionnement.
Je suis donc retourné sur du Nokia. Et mon dévolu s'est jeté sur ce Nokia 7 Plus.
Une chose appréciable : Pas de surcouche du firmware !
Alors que Samsung ou Sony ou LG, ou n'importe quel constructeur y ajoute sa touche personnelle sur la couche d'Android, cela affecte les mises à jour de sécurité et la fiabilité du téléphone.
Nokia... reste fidèle à eux même. Pas de surcouche inutile. C'était déjà le cas sur mon dernier Nokia en date le 640XL, équipé de Windows Phone.
Android One, est super rapide et réactif. Que du bonheur.
L'écran 18.9, le nouveau standard en la matière, permet de visionner des vidéos en 18.9 sans redimensionnement. C'est plus joli.
Le contour effet cuivre est sympa... et permet de reconnaître son téléphone du premier coup d'oeil.
Le lecteur d'empreinte est hyper réactif. Là aussi Android One, sans surcouche, aide à la reconnaissance.
La qualité des photos/vidéos est surprenante. Cela ne vaut pas un Reflex, mais on s'en approche bien.
Cependant la qualité de ces dernières chutent dans l'obscurité... c'est dommage. Mais qui fait des photos dans l'obscurité avec un téléphone ?!
La compatibilité wifi 5Ghz... est très utile pour moi. On peut télécharger ainsi des applications ou photo beaucoup plus rapidement.
Le téléphone respire la confiance, la solidité et la qualité.
La qualité sonores est au rendez-vous. On reste loin de la qualité de haut parleur Bose... mais le rendu sonore est très correct et audible pour le prix.
J'ai choisi ce modèle, car il permet de choisir en 1 carte mémoire pour augmenter sa capacité de stockage ou une 2e carte sim.
La 2e carte sim est un plus... quand on est comme moi a devoir jongler entre 2-3 téléphone. N'en avoir qu'un est un gros plus.
Débloqué tout opérateur et bénéficiant des dernières avancées dans le domaine, il capte sans problème le réseau mobile... et pourtant, j'habite à la campagne dans une zone où les réseaus passent très mal.
Au niveau autonomie... c'est le point négatif des smartphones. Si on remonte 10 ans en arrière les téléphones tenaient 1 semaines sur batterie.
Là... ce Nokia 7 Plus tient à peine 2 jours, avec mon utilisation.
Au niveau processeur et puissance : Ce Nokia 7 Plus ne manque pas de puissance. Tout les jeux tournent sans ralentissement !
Petit plus : Nokia fourni une coque silicone dans la boïte ! Un téléphone à moins de 400 euros vendu avec une coque ! Même chez Apple, avec le dernier Iphone à 1200€, il faudra acheter une coque en supplément.
En terme de rapport qualité/prix, je lui met 8/10.
Un verre de protection sur l'écran ne serait pas du superflux.
La batterie qui manque de ""punch""
Je recommande ce Nokia 7 Plus, si vous cherchez un téléphone fiable, puisssant, performant, et de qualité... pour moins de 400€ !"
Nicolas AMEAUME,"5,0",19 avril 2018,"Je cherchais un Android pur avec de bonnes performances et pour un prix correct... Le Nokia 7 Plus répond à tous ces critères. Efficace, bel écran, APN sympa (pour un smartphone), Android One... Bref.. un choix à ne pas négliger pour qui veut rester sous la barre des 400€ sans sacrifier la qualité ni la performance.
Bravo Nokia !"
Cedric,"5,0",1 septembre 2018,"**Portable en fonction depuis Mai 2018.** J'ai donc attendu quelques mois avant d'en faire son évaluation.
Avec ce dernier modèle Nokia signe son retour dans les références de milieu de gamme.
Côté style rien de bling bling ou d'original son design classique souligné par une bande latérale couleur cuivre lui donne un aspect chic/élégant très appréciable.
Note ⭐⭐⭐⭐⭐
Son écran IPS 2160x1080 manque un poil de luminosité en pleine lumière et se trouve un peu froid. Il sera par ailleurs impossible de modifier ce dernier paramètre du fait d'un OS Android One. Il demeure malgré cela très réactif et offre d'excellents contrastes.
Note ⭐⭐⭐⭐
Animé par un Snapdragon 660, 4Go de Ram pour une mémoire interne effective d'env 48Go (extensible via SD) ce portable offre des performances tout à fait agréables à l'usage. Même si je ne fais pas dans les jeux gourmands, les fonctions multitâches ne présentent aucun problème pour lui.
Note ⭐⭐⭐⭐⭐
Sa batterie de 3800mA assure un très bonne autonomie de 2 jours pour une utilisation soutenue ""classique"" de plus elle se recharge très rapidement grâce à sa connectique USB-C.
Nota: si comme moi vous branchez votre portable un peu partout je vous conseille de prévoir l'achat de câbles et ou d'adaptateurs afin de vous éviter quelques désagréments 😉
Note ⭐⭐⭐⭐⭐
Au chapitre du son ses performances sont correctes malgré un haut parleur unique qui manque un peu de clarté. La sortie jack et les écouteurs fournis offre une bonne qualité d'écoute lors de mes séances de courses.
Aucun souci rencontré en mode main libre également.
Note ⭐⭐⭐⭐
Côté réseau il offre une excellente accroche 4G chez Orange/Sosh, sa puce GPS est efficace et sa connectivité BT et WIFI tout aussi performantes.
Il offre également toute une panoplie d'options non essentielles mais terriblement utiles comme le lecteur d'empreinte très réactif, accéléromètre, boussole, gyroscope ainsi qu'un capteur de lumière.
Note ⭐⭐⭐⭐⭐
Côté photo ces capteurs avant et double arrière offrent de très bon rendus avec un angle de prise important et peu déformant (12Mpx en 4/3 et 8Mpx en 16/9 et vidéo pour la partie arrière). Les captures offrent un joli piqué ainsi que de belles couleurs toutefois le résultat sera nettement moins bon en basse lumière aussi bien en mode photo que vidéo. cela dit il reste très homogène et efficace dans cette gamme de prix.
Note ⭐⭐⭐⭐
J'en terminerai avec l'OS Android One pur qui aura été un autre critère de choix pour moi.
Cette option très subjective apporte des performances accrues du fait d'un système d'exploitation sans surcouche ni fioritures au détriment de réglages (à l'instar de la colométrie de l'écran par exemple) et de possibilités de personnalisations réduites.
Tout cela est donc très subjectif mais si j'appuie ce choix c'est aussi du fait que Nokia tient ses promesses à offrant des mises à jour de sécurité régulières. De fait j'ai eu une mise à jour majeure + sécurité dès le premier démarrage du portable et depuis lors, une mise à jour de sécurité mensuelle là ou Motorola m'avait particulièrement déçu je suis ravi de voir que Nokia se révèle très sérieux sur le sujet.
Pour info la mise à jour vers Android 9 Pie est prévu pour le mois de septembre 2018 donc d'ici peu.
Note ⭐⭐⭐⭐⭐
Pour conclure je suis totalement satisfait de mon choix et malgré quelques défauts mineurs ce produit sans excellence offre une homogénéité parfaite pour sa gamme de prix.
Je ne peux donc que le recommander et lui accorder une note très proche du maximum."
Client d'Amazon,"5,0",29 mai 2018,"Je cherchais un Android pur avec de bonnes performances et pour un prix correct... Le Nokia 7 Plus répond à tous ces critères. Efficace, bel écran, APN sympa (pour un smartphone), Android One... Bref.. un choix à ne pas négliger pour qui veut rester sous la barre des 400€ sans sacrifier la qualité ni la performance.
Bravo Nokia !"
eberhard fabien,"3,0",5 mai 2018,"Pour le moment satisfait du nokia7 plus les photos sont de bonnes qualités, le son est parfais la finition et top livré avec une coque silicone ce qui est rare , par contre on est loin des deux jours de batterie plutôt 1 jours et demi max selon utilisation c est même tous les jours qu il faut charger mais dans l ensemble très bon produit
Après 6 mois d utilisation le bilan est mitigé par rapport au début .
Écran qui bug et se bloque , vitre de l'appareil photo fissuré dans ma poche donc résistance a revoir , le téléphone est sous Android 9 pie, pas franchement une réussite,le téléphone s'éteint et se rallume seul, je le met en vente et reprend un Huawei"
MrSeriousMath,"3,0",13 juin 2018,"Après un mois et demi mon avis avec mon Nokia 7 plus (modèle TA-1046) penchait vers la bonne surprise.
MISE À JOUR 9/10/18 : Mais après quelques mois, une douche glacée est arrivée et j'enlève au final une étoile. La faute à HMD Global (Nokia) et non vraiment au smartphone en lui même.
Bons points :
- Android one : pas de chichi, pas application installé en plus au lancement du téléphone. Et surtout, possibilité de supprimer les applications qu'on ne désire pas, même  les applications Google !
- Suivi : Pour l'instant les mises à jour arrivent régulièrement tout les mois, le téléphone tourne toujours avec la dernière sécurité Android.
- Autonomie : 2 jours complet si je n'utilise pas le téléphone de manière intensive.
- Appareil photo : réactif, pas mal de modes différents, mode manuel, et sort des photos très propres.
Points négatifs :
L'application Fichiers qui ne fonctionne pas complétement. Impossible de transférer des applications sur carte SD. Mais heureusement, pour ce qui est musique et photo, le problème ne se pose pas (réglable dans les paramètres des applications dédiées).
Édit du 9/10/18 :
Je rajoute ce point important. Septembre 2018, HMD Global (Nokia) annonce qu'Android 9 (Pie) est arrivé sur le Nokia 7 Plus (et qu'il est le premier appareil Nokia a recevoir la mise à jour)... Et bien oui et non. Seul l'Inde (10% des Nokia 7 Plus en circulation) ont eu la mise à jour mais aussi la mise à niveau de la sécurité. Les autres rien, toujours sur 8.1 et la sécurité du 1er Août.
Sur Twitter, Nokia et son patron annonce que la mise à jour arrivera dans les jours qui arrivent. Mais on apprend la sortie de nouveaux smartphones Nokia et que ces nouveaux appareils recevront la mise à jour avant le Nokia 7 plus, qui l'aura en novembre, en même temps que le Nokia 8 ! C'est donc non seulement une promesse non tenue (novembre au lieu de septembre) mais egalement un mensonge d'annoncer la disponibilité de cette mise à jour alors que tous les Nokia 7 plus n'y ont pas le droit .
C'est un très mauvais message envoyé de la part du Finlandais, surtout qu'en plus sur les smartphones qui ont eu la mise à jour, beaucoups d'utilisateurs annoncent des bugs et de une version stabilité  mais pas vraiment pour la version finale d'Android 9 alors que même la beta avait eu moins de bug, et même était plus stable que la version finale. En plus il semblerait que certaines fonctionnalités prévus auraient disparues d'Android 9.
C'est donc un oui pour le smartphone en lui-même mais un non pour Nokia. Si le constructeur revoit sa copie niveau communication et suivi, je changerais de nouveau mon avis, mais en l'état, j'invite les gens a voir plutôt du côté de Huawei/Honor/OnePlus pour un meilleur suivi et écoute de sa communauté et au final  surtout fuir Nokia."
MaxB,"4,0",8 décembre 2018,"Bonjour à tous ,
J’avais quitté NOKIA ( N95 ) pour tester d'autres marques sous Android .
Je suis comblé.
La dernière version qui est disponible sur mon NOKIA  :Android P & mise à jour de sécurité novembre 2018
Ecran 6 pouces résolution 2160X1080 pour profiter de vos photos et regarder en bonnes conditions des vidéos
en streaming sur Amazon prime vidéos , Molotov , Netflix ou mycanal ...
Photos 12 MP & 13 MP objectif ZEISS + zoom optique X2 joint les photos ne sont pas retouchées ( sans flash )
ainsi que la vidéo qui filme en 1920X1080 px .
Une bonne autonomie pour tenir une journée bien remplie
J'ai installé une nano sim et j'ai étendu le stockage avec une micro sd de 256go .
Six jours d'utilisation je continue mon test ...
Comme toujours livraison et livreur au top ..."
C. F.,"3,0",29 octobre 2018,"Bon smartphone dans l'ensemble, mais quelques ralentissements se font sentir lorsque l'on alterne entre plusieurs applis (pas forcément gourmandes). Cela reste cohérent avec la gamme de prix.
Néanmoins, et là est un gros défaut pour moi, la luminosité de l'écran ne descend pas en-dessous de ~15% (le soir ou dans la pénombre, ça agresse les yeux). Aucune mise à jour n'a réglé le problème. En cherchant sur internet, j'ai vu que je n'étais pas le seul, et que les nouveaux modèles semblent tous touchés (depuis ~juillet 2018). La seule différence qu'il y a entre les smartphones produits avant et après cette date est la version du firmware de l'écran tactile : pour ceux qui n'ont pas ce défaut, il y est inscrit ""07"", pour les autres (comme le mien), il y a ""Novatek-07"". En plus de la luminosité, la dalle serait apparemment plus jaunâtre (voir comparaisons sur les forums). Mais ça ne se perçoit que lorsque l'on compare.
Ça reste un bon appareil mais je vais me tourner vers une autre marque et une autre gamme."
T K,"5,0",2 avril 2019,"VOIR EDIT EN BAS DE PAGE
C'est un très bel objet, sans aucun doute et, après quelques années sous gestion Microsoft, la qualité Nokia est enfin de retour. La finition, l'écran, les photos, je n'ai rien  à reprocher à ce mobile ...
... sauf que lorsqu'on téléphone sur un autre mobile, il n'y a pas de tonalité! Aucun problème quand on essaie de joindre un fixe, mais quand c'est sur un mobile, le Nokia 7+ reste complètement muet jusqu'à ce que l'interlocuteur réponde. Parce que chez lui, ça sonne.
J'ai passé plusieurs heures (!) avec le SAV de Nokia et, après avoir manipulé le mobile dans tous les sens, l'avoir redémarrer en mode sans échec et vérifié tous les menus et sous-menus, les seules ""solutions"" qui me restent seraient de faire un reset usine ou de renvoyer le téléphone sous garantie.
Je n'ai pas envie de tout remettre à zéro, de perdre mes donnés et de recommencer à installer tous mes applis, j'ai suffisamment perdu de temps avec ce téléphone. Surtout que le résultat n'est pas garanti. Et si je renvoie ce mobile à Amazon, je perds de l'argent, les prix ont sensiblement augmenté depuis mon achat.
EDIT: Comme par hasard, deux ou trois jours après la publication de ma critique ci-dessous, TOUT EST RENTRE DANS L'ORDRE, enlevant toute crédibilité à mon récit. Peut être qu'il y avait une mise à jour dont je ne me serais pas rendu compte? Aucune idée.
Toujours est-il que ce problème m'est arrivé, Nokia n'a pas pu proposer de solution et, sur leur forum, j'ai vu que je ne suis pas le seul: il y a un message (en anglais) sans réponse de novembre 2018 relatant la même mésaventure.
Il est vrai que sans ce problème de tonalité, ce téléphone mérite ses 5 étoiles, je rectifie donc, tout en gardant le récit de ce qui s'est passé. Si quelqu’un de chez Nokia passe par là, contactez-moi."
KvR,"4,0",30 juin 2018,"Ecran de qualité mais la fonction touchscreen est peu efficace dans les coins ce qui m'a obligé de changer de place certaines applications, programmes intuitifs mais malheureusement souvent intrusifs dans la vie privée, juste un peu trop grand pour pouvoir le mettre en poche, appareil photo de qualité. malheureusement, la durée de la batterie est <12h en roaming bien que je n'utilise qu'un minimum de programmes peu gourmands et que je ne fasse que quelques photos/jour, par contre la géolocalisation fut utilisée."
Godier Philippe,"1,0",13 décembre 2018,"acheté en juin, déjà en panne.
le matériel bugge, il faut appuyer plusieurs fois sur la touche démarrage pour le  débloquer.
ce soir , il m'a fallut à 7 reprises le brancher et rebrancher avant qu'il ne se mette en alimentation.
il est très lourd.
A bannir"
Client d'Amazon,"1,0",20 janvier 2019,"Je fais vous part de mon expérience concernant le Nokia 7 plus. C'est sur le papier certainement le meilleur smartphone milieu de gamme cependant j'ai eu bien trop de problèmes avec deux exemplaires. J'ai reçu le premier qui avait un très bel écran très lumineux avec une colorimétrie bien calibrée toutefois au bout de quelques heures j'ai constaté que les 2cm en bas de l'écran n'étaient plus tactiles. J'ai d'abord cru à un bug de la navbar mais j'ai bien compris que ce n'était pas cela car le tactile ne répondait plus même 1/2cm au dessus. J'ai donc redémarré le smartphone et tout est rentré dans l'ordre jusqu'au lendemain ou le souci s'est reproduit. J'ai été voir sur les forums de Nokia et XDA developper et j'ai constaté que je n'étais pas le seul dans ce cas car en effet pas mal de monde avaient ce problème depuis plusieurs mois. Il y avait cependant un moyen de contournement en allant dans le menu système et à propos du téléphone le tactile se remettait à fonctionner. J'ai quand même trouvé cela intolérable surtout que Nokia ne comptait pas corriger le problème car certainement hard et non firmware.  J'ai demandé un remplacement Amazon et j'ai reçu un nouveau smartphone qui oh malheur avait un écran horrible. Très bleu, très peu lumineux et le 1/5 du bas de l'écran voilé jaune vert. J'ai gardé ce téléphone deux jours, il n'a pas présenté le bug de tactile qui ne répondait plus (même version de firmware écran). L'écran était tellement horrible que j'ai finalement demandé un remboursement. Conclusion, je pense qui certaines personnes vont se contenter des problèmes que j'ai rencontré et ne vont pas retourner le téléphone pour cela mais le Nokia 7 plus semble être une loterie et peu de versions ont l'air de ne pas avoir de souci. Dommage car il aurait pu être un très bon milieu de gamme."
Cristi C.,"1,0",9 août 2018,"Je suis vraiment déçu. J'ai reçu le model TA-1055 (single sim), mais la description de l'article dit que le téléphone est dual sim. Je doit maintenant le retourner et faire une autre commande."
Blackie541,"3,0",18 mars 2019,"Le Nokia 7+ est un petit téléphone (en terme de performances, non de taille). Comme son grand frère le Nokia 8 sirocco, il ne supporte pas du tout Android 9 Pie qui le fait dysfonctionner à plusieurs niveaux. La seule vraie différence avec le N8s, c'est que la commande OK Google fonctionne sur le N7+. Comme le N8s, l'écran tactile est peu réactif, tout dépend de l'angle du doigt quand vous le touchez. Il a beau afficher des specs supérieures à l'Asus Zenfone 5 Ze620kl, ce dernier est plus véloce la plupart du temps et en plus il est stéréo, ce qui n'est pas le cas du N7+. C'est un smartphone assez cher par rapport à ses qualités somme toute moyennes. Si vous êtes handicapé, je ne vous le recommande pas. L'accessibilité est problématique même si c'est plus grave encore sur le N8s. Ça s'arrangera peut-être avec une prochaine mise à jour mais quand celle-ci aura-t-elle lieu... mystère. Cela étant dit, je préfère encore un N7+ à un Samsung ou un iPhone qui sont pour moi le pire du pire en matière de smartphones."
Tony Moutaux,"1,0",11 janvier 2019,"Ce smartphone serait très bien si le Wifi fonctionnait correctement ou que Nokia ne se contentait pas d'attendre que les mises-à-jour AndroidOne corrigent les problèmes. Impossible de lister des réseaux qui étaient détectés 3/6h auparavant,  une fois un réseau trouvé, aucun trafic qui ne passe : le Wifi est absolument inutilisable si on change de réseau/coupe (mode avion ou pour économiser de l'énergie). A moins d'aimer redémarrer le téléphone avant chaque utilisation, et d'avoir une musiquette débile à un volume tout aussi débile.
Les forums de Nokia (ou ailleurs) sont remplis d'utilisateurs avec le même problème. La solution de Nokia est de faire l'autruche et d'attendre que le programme AndroidOne veuille bien corriger les problèmes (c'est surement le même programme AndroidOne qui amène ces misères).
Retour après 1 mois de découragement journalier. Et plus jamais de Nokia pour ma part."
Rg76,"5,0",2 juillet 2018,"Vraiment un bon smartphone, rapide et fluide. La tenue de la batterie est en cours de test mais c'est pas le pire mais pas le meilleur non plus. Mon redmi note 5 le dépasse largement tout en ayant une utilisation plus forte de celui-ci."
Client d'Amazon,"5,0",2 janvier 2019,"C'est avec regret que j'ai abandonné mon Windows Phone puisque Microsoft a lâchement abandonné les utilisateurs. Nokia a été mon tout premier portable et j'aime bien cette marque. Reprendre un Android après un Windows c'est un peu difficile. Je suis agréablement surprise par ce Nokia. Déjà je le trouve très beau ; la navigation est aisée, très facile ; les photos sont superbes. Heureusement Microsoft nous permet d'associer un nouveau portable au PC ce qui m'a permis de retrouver Edge et plusieurs options sympas que j'avais sur le Windows. Pour l'instant, je suis enchantée de mon achat."
Benjamin,"5,0",8 octobre 2018,"Très satisfait de cette commande arrivée le vendredi au lieu du lundi suivant. Donc cela m'a permis de le tester tout le week-end.
Pour ceux qui demandent, il s'agit du modèle TA-1055 64Gb dual SIM. Qui plus est, il y a une coque de protection dans la boite de très bonne facture. Je l'aurai su avant, j'aurai pas pris une coque à côté.
J'ai pris ce nokia 7 plus afin de remplacer mon Nexus 5X vieillissant. Je ne suis pas déçu par ce choix :
- Le téléphone est aussi large mais un poil plus long. Cela ne gène en rien au confort.
- L'écran est d'excellente qualité, peu salissant (à voir avec le temps) et très réactif.
- Seul bémol : Il n'y a pas de LED de notification. J'en avais l'habitude avec le Nexus 5X. Cela va m'aider à ne pas rester accroché dessus et réagir à la moindre notification."
Babillebabou,"4,0",18 décembre 2018,"Très bon smarphone, la finition est impeccable pour le prix. Au premier démarrage, il y a une grand nombre de mise à jour, environ 2go (Android Pie v9).
+
Ecran lumineux, le mien est équipé d'une dalle novatek-07 mais malgré cela je n'ai pas constaté de tendance verdâtre en haut et bas de l'écran, le pb a peut être été corrigé avec un nouveau firmware
Très réactif pour l'ensemble des applis, pas testé les jeux je ne joue pas
Programme Android One, on a un Android sans surcouche, c'est du bonheur
prise jack écouteur
emplacement carte SD ou deuxième sim
-
Pas de réglage approfondi de l'écran
La taille peut être pour certaines personnes
Je ne ferai pas de commentaire sur l'appareil photo, pas eu le temps de tester pour le moment.
Livré avec une coque transparente, alim & câble usb-c et écouteur"
BARBS,"5,0",23 septembre 2018,"Et quel retour de Nokia!
Téléphone sobre et très élégant. Excellente qualité technique (affichage superbe, processeur rapide, appareil double objectif Zeiss aux photos époustouflantes, vidéo et audio à la hauteur, etc.). Grand écran. Batterie longue durée, autonomie 2j malgré un usage fréquent. Clavier confortable. Correction/suggestion linguistique au point. Coque transparente fournie, impeccable.
Et petit détail appréciable, enfin un téléphone qui échappe à l'hérésie dominante des bords d'écran arrondis, pas si pratiques et disgracieux.
Seul petit regret, la couleur de la pastille de notification des applications, vert, ce qui n'offre pas assez de contrastes avec les couleurs des applis. Le rouge conviendrait mieux bien évidemment. J'écrirai à Nokia pour leur proposer une mise à jour du système dans ce sens."
jefferson,"5,0",6 mai 2018,très très bon produit facile d'utilisation performant rien a dire mon ancien téléphone qui avez couter le double ne lui arrive pas à la cheville
rambolit1,"2,0",9 mars 2019,"Bonjour, au retour de Nokia je me suis dit que ce smartphone serais comme les anciens, mais j'ai vite déchanté, soucis avec le wifi maison ou il faut redémarrer le téléphone pour le capter. La recharge qui est pris en compte quand le téléphone et redémarrer,  les touches de contrôle qui se bloque toute seule, obliger de redémarrer le téléphone, pour ma pars je le renvoie chez amazon au bout de 2 semaines d'utilisation. Je ne le conseille vraiment pas"
Woody44,"4,0",11 février 2019,"Je voulais un smartphone sans surcouche ni applis constructeur/fournisseur qui alourdisse l'os. C'est chose faite avec ce Nokia. Fiable, autonomie parfaite.
Je lui enleve une etoile pour 2 raisons:
-Le réglage du son n'est pas pratique. Pas de possibilités de reglé le volume de la sonnerie sans passé par les parametres, on peut juste mettre en silencieux ou activer la sonnerie. Pas pratique quand on navigue entre le mode exterieur et interieur.
Autre chose concernant le son. La notification qui dit que le telephone est branché sur secteur est toujours à fond. Pas moyen de trouver où baisser ce reglage.
-Le bouton de veille sur le coté semble avoir un defaut, il faut appuyer fermement pour que cela fonctionne. Avec l'habitude, on s'y fait mais avec la renommé du constructeur, on ne s'attend pas à ce genre de defaut.
En tout cas, je conseil ce telephone, et mon prochain sera son successeur... (quand celui-ci aura rendu l'ame ;) )"
MDM,"5,0",9 septembre 2018,"Solide, pratique avec android one pour éviter toute fioritures et surcouches inutiles. Un bon retour de la marque Nokia avec tout ce qui a fait son succès. Vraiment très heureux de ce téléphone. Son écran est superbe, il réagit vite et son autonomie est conséquente. Que du bonheur pour un prix raisonnable au regard du marché actuel."
Nico1986,"5,0",4 décembre 2018,"J'ai acheté ce smartphone en remplacement d'un ancien Nokia vieillissant et je n'en suis pas déçu. Il est superbe et d'une qualité irréprochable. Le son et les photos sont de très bonne qualité et il capte très bien, je me sers aussi d'un smartphone Sony dernier modèle pour mon travail et j'avoue que le Nokia capte bien mieux et a une meilleure autonomie. Son rapport qualité prix est excellent. N'hésitez pas acquérir se petit bijou il ne vous décevra pas."
Olivier,"2,0",29 décembre 2018,"Très emballé à la réception, après quelques mois d'utilisation et diverses MAJ d'OS, me voilà bien déçu de ce téléphone.
L'écran freeze, seul moyen de reprendre contrôle sur le téléphone, verrouiller/déverrouiller le téléphone. Le problème a l'air de revenir très souvent chez beaucoup d'utilisateur depuis une MAJ.
Le téléphone a des ralentissements (en consultation simple internet), le logiciel pour la prise de photo est nul en mode pro (on ne voit pas en direct à l'écran les modifications apportées à l'ouverture de l'obturateur par exemple).
Je m'attendais à un milieu de gamme sympathique et j'ai l'impression d'avoir une entrée de gamme laborieuse entre les mains.
3 points positifs cependant : la batterie vraiment excellente, le design et le bel écran.
J'aurai su, j'aurai rajouter quelques euros et me serait tourné vers un P20. Dommage."
Olivier Rhein,"5,0",3 mars 2019,"Smartphone complet, étanche, avec une carte SD et un jack audio...
Les photos et les videos sont franchement pas mal (mon précédent téléphone était un Samsung S7).
La fonction zoom optique x2 est top.
Et puis pas de surcouche sur l'OS, c'est l'android tout droit sorti de chez google dans les dernières versions. Tres content de mon achat."
RR JS,"2,0",11 décembre 2018,"acheté en mai 2018,NOKIA 7 plus LTE 64 GB dual white, malgré plusieurs essais de réglages  photos toujours d'une apparence verdâtre,mon ancien nokia 5  était 10 fois mieux en photo,
agenda/calendrier, impossible d'arriver à faire des rappels (anniversaires etc..RDV, et annoncent écrites sur portable, trés déçue, ai repris le nouveau nokia 7 (plus performant ?!!!!!!) mais trop de changement et pas mieux"
Valentin Burgraeve,"5,0",18 novembre 2018,"Très bon smartphone sans surcouche ni app degeulassses préinstallées, il est puissant de ouf avec son Snap 660 on se croirait avec un 8xx. Foncez !"
Client d'Amazon,"5,0",11 décembre 2018,j'ai étudié de nombreux articles sur un téléphone avec android one afin d'avoir un durée de vie optimale avec des mises à jours garanties et j'ai trouvé ce téléphone Nokia qui est équipé comme un samsumg ou un iphone et qui vaut le tiers du prix.... à méditer
Amazon Customer,"5,0",20 décembre 2018,Très bon smartphone Android one. Bel écran de grande taille. Bonne capacité de stockage. Bien construit. Pèse son poids. Bonne autonomie. Respire la qualité. J'espère que ce ne sera pas qu'une impression.
Xavier,"4,0",1 février 2019,Le portable est parfait en revanche il n'a pas la double SIM mais uniquement un emplacement simple SIM + carte Micro-SD.
mathilde b.,"5,0",1 août 2018,"Parlerait correspond aux attentes , coque et film dans la boîte
Tiens bien la charge, agréable en main"
Client d'Amazon,"5,0",2 décembre 2018,"Après avoir été un fan de Windows phone, première expérience Android avec un Nokia sans surcouche. Simplement génial. Je ai trouvé un launcher qui permet de avoir le interface Windows et la, j ai le meilleur des deux systèmes. Simplement bluffant."
FREREBEAU Julien,"5,0",27 septembre 2018,"Ma femme a un Samsung s9 qui fait le sans fautes. Plus raisonnable j'ai choisi ce Nokia. Hormis les photos où l'on voit quand même une petite différence, pour le reste franchement c'est du pareil au même. Je dirai même plus, Android one est nettement plus agréable. Très bon produit, qualité de finition Nokia qui plus est."
florian descollonges,"4,0",9 mars 2019,"J'avais Lumia 640 au début j'ai eu un peu de mal a l'utiliser et maintenant c'est impeccable.
Attention il faut une carte sim nano."
Client d'Amazon,"4,0",23 février 2019,"Très bon téléphone ! Venant d'un Honor j'avais un peur d'être perturbé par le côté très simpliste et pas personnalisable de Androïd Stock et finalement je m'y fais bien. Il fait des photos de bonne qualité, la batterie est vraiment bonne et le téléphone ne souffre d'aucun ralentissement."
hamon,"5,0",3 avril 2019,"Surement un des meilleurs smartphones actuels dans cette tranche de prix. Aucun regrets et aucuns soucis rencontrés à ce jours avec ce téléphone. simple, fluide, réactif et tout à fait performant. Les mises a jour android se font chaque mois ce qui est un plus en terme de sécurité."
PierrotBlack,"5,0",25 avril 2019,Super portable sans surcouche. Très réactif. Beau design. Aucun ralentissement. Pas de défaut majeur.
Nado44,"5,0",18 décembre 2018,Mon époux ne voit que par lui.
Linor,"5,0",30 décembre 2018,"Livré avant l'heure, correspond à la description, pas de mauvaise surprise. Le tactile est fluide, belle luminosité.
Après... il faut l'utiliser plus longuement pour en savoir plus !"
Poncet,"5,0",20 septembre 2018,Très bon téléphone. Bonne réactivité. Écran très lumineux. Batterie durant 2 jours sans problèmes.
Gggarth,"3,0",30 janvier 2019,"Le téléphone est étonnamment bien pour le prix, mais je l'ai reçu avec une rayure en bas de l'écran..."
Yvan De Raeymaeker,"5,0",21 novembre 2018,Produit de qualité qui répond a mes attentes . Pour le moment je suis très satisfait . Dommage pour la led de notification qui est tout simplement absente . ( Mais ça je le savait ...)
Philou,"5,0",25 mai 2019,"Après un an d utilisation, j en suis très satisfait. Android one permet d avoir toujours les dernières mises à jour.
Les photos sont de bonnes qualités et la batterie tient sans problème une journée voire 2 selon l utilisation."
Marie-Line,"5,0",14 décembre 2018,Enchantée par ce téléphone que j'ai déjà depuis plusieurs mois ! il est parfait et son grand écran permet de bien visionner photos et vidéos ! je recommande
Client d'Amazon,"2,0",14 décembre 2018,Pour la vie de tous les jours et mon travail
Zouz,"4,0",19 avril 2019,"Satisfait de ce modèle avec dual sim qui profite des dernières mises à jour.
La lampe torche a une couleur qui tire légèrement sur le orange et attention au niveau de la prise de rechargement qui a un jeu et semble fragile."
Philippe BIRCHENALL,"5,0",11 décembre 2018,"Tellement content de retrouver NOKIA pour ce smartphone que je ne lui trouve que des qualités , mais c'est justifié !!!!"
Silip,"4,0",23 septembre 2018,Parfois l'écran est difficile à voir en plein soleil mais ce smartphone est très bon. Android pur = un vrai plaisir
berthelet,"5,0",29 décembre 2018,Pas de soucis pour la commande. J'ai bien reçu la version TA 046 de ce téléphone qui possède la bande B28 à 700mhz (je suis chez Free mobile). Il faut faire attention aux importations car tous les modèles de 7 plus n'ont pas cette bande.
TELOU,"4,0",4 février 2019,Franchement bon rapport qualité prix c'est quand même du Nokia avec super objectif photo mais la prise de chargement est une vraie catastrophe fragilité avérée usage de 6 mois pour le téléphone précédent.
Anna,"5,0",8 janvier 2019,"Jusque là, tout se passe extrêmement bien. Ce téléphone me satisfait totalement. Il faut dire que je n'en avais pas acheté depuis plus de 4 ans. Il est rapide et a une esthétique sympa. Je recommande."
wetz,"4,0",28 novembre 2018,Bien
Petit,"5,0",6 février 2019,"fluidité impeccable, belles photos, bon son, bonne réception 4g... pour cette catégorie de prix c'est le meilleur que j'ai eu..."
Christophe Leconte,"5,0",22 novembre 2018,"Le téléphone est rapide.
La mise à jour d'Android se fait rapidement."
Client d'Amazon,"5,0",2 mars 2019,Super contente. Je recommande.
Spo,"4,0",24 novembre 2018,L'écran ne répond pas de temps en temps pendant des longues secondes.
Mr. Gregory Gonzalez,"5,0",8 novembre 2018,"La batterie tient bien, aucun problème à signaler."
Amoujou abdellah,"5,0",9 mai 2019,Très satisfait de la qualité et même du prix je recommande
Client d'Amazon,"5,0",27 janvier 2019,Usage quotidien. Simple à utiliser.
Therese A.,"5,0",7 avril 2019,"Produit excellent, mais police de caractères ne convient pas à un quelqu'un qui a un problème de vue."
Client d'Amazon,"5,0",16 février 2019,"Très bon smartphone, correspond à mes attentes."
Bastet62,"5,0",9 juin 2019,Autonomie incroyable
pujos.bernard,"5,0",26 mars 2019,Super  téléphone
Tiphaine Bihoreau,"5,0",3 mars 2019,Je recommande.
hugo ,"5,0",19 février 2019,Super produit
Modou,"5,0",6 mai 2019,Satisfait
Da P.,"4,0",28 février 2019,Bien
inadmissible,"1,0",31 mai 2018,"Ce téléphone est mis en avant par Google pour son programme Andoid One (cf site web Anroid One).
Google a fait une mise à jour début mai de l'OS -> résultat plus de 4G avec le réseau Orange/Sosh.
Nokia est au courant du problème qui devrait (ou pas) être fixé par la mise à jours de Juin.
Donc 1 mois sans 4G... visiblement rien ne presse pour Google (en charge des mises à jours).
Google a donc pousser une mise à jours sur les terminaux des clients sans l'avoir testé à minima (la 4G est tout de même une fonction de base) avec le réseau Orange (un opérateur important). Bien sûr aucun message d'excuse de la part de Google ni même d'information sur la résolution du problème et son échéance.
Là, le programme Android One de Google en prend un bon coup pour son image !
Petit rappel d'un des slogans du site Anrdoid One:
""Android, pur et simple
Avec Android One, vous bénéficiez instantanément de la meilleure version d'Android disponible, pour que votre téléphone soit toujours à la hauteur de vos attentes.""
... ce doit être du second degré.
Update : nous sommes en juin, toujours pas de correctif"
Client d'Amazon,"5,0",29 avril 2018,"Beaucoup de qualités pour très peu de défauts:
- appareil très réactif, sans aucun bug ni lags quels que soient les usages
- écran magnifique : ce n'était pas gagné car c'est de l'IPS et pas de l'OLED, mais sa luminosité et sa brillance m'ont convaincu (je ne jure que par l'OLED)
- très bonne autonomie, et en plus, la recharge est ultra rapide (>1% par minute de charge)
- le design est agréable et lui donne une vraie identité à part des autres appareils du marché
- la partie photo est très bonne, les clichés sont de qualité
- le rapport qualité prix est bon
- Android Oreo sans surcouche... Moi qui vient de chez Samsung, je suis conquis. Et en plus la promesse de mises à jour rapide et fréquentes.
- capteur d'empreinte parfaitement placé et efficace.
- très bonne accroche des réseaux que ce soit mobile ou wifi. Parfaite stabilité. Il capte d'ailleurs partout, et mieux que mon ancien appareil (le réseau à mon domicile est un peu problématique)
Au rayon des défauts:
- je n'aime pas la disposition des boutons volume et marche arrêt. J'aurai préféré qu'ils soient inversés
- un stabilisateur photo aurait été bienvenu pour éviter les photos floues
- pas de batterie amovible... Pourquoi les constructeurs s'obstinent t'ils à ne pas permettre son remplacement facile ?
- taux d'occupation de l'écran: un peu faible pour un appareil de 2018. Surtout que la bande inférieure ne sert à rien (aucunes touches sensitives)
- taille de l'écran: elle est un peu juste pour moi avec 6 pouces.
Au final, je l'utilise depuis 15 jours (je l'ai acheté à sa sortie) et il a remplacé ma Galaxy tab S2 8 pouces que j'utilisais en smartphone. Passé le temps d'adaptation lié à la taille de l'écran, je suis conquis. Je ne veux plus jamais de surcouche constructeur sur Android. Je ne suis plus non plus aussi catégorique sur l'IPS VS OLED.
Pour un appareil de ce prix, il offre des prestations proches du haut de gamme. Pas besoin de payer plus cher, avec l'assurance de la qualité d'une grande marque (même si Nokia appartient à HMD qui est une marque chinoise).
Conclusion: foncez, vous ne regretterez pas votre achat."
Client d'Amazon,"4,0",18 mai 2018,"Je viens d'un Nokia Lumia 735 sous windows 10 mobile. Et quel bonheur d'avoir enfin un téléphone avec des applications et surtout, qui ne lag ou ne crash pas tout le temps. Le suivi des mises à jour est parfait puisque je viens d'avoir la mise à jour de sécurité de mai d'Android 8.1 (actuellement le 18 mai)
La prise en main est excellente, j'adore Android one sans aucune surcouche, et la partie photo est excellente pour le prix. Le Quick Charge 3.0 me change le vie puisque le téléphone charge en une 1h en mode avion et en 1h30 avec les données mobiles d'activées. Je tiens facilement une journée entière en usage assez intensif (musique en Bluetooth, données mobile activées tout le temps et partge de connexion le soir pendant quelques heures).
Le capteur d'empreinte est réactif et le son des hauts-parleurs est bon même si pas excellent non plus. L'accroche réseau est bonne et les débit en 4g+ sont très bons puisque je suis monté au maximum à 202 Mb/s.
Le seul inconvénient est que je me sens un peu fliqué car depuis que je suis passé à Android, je trouve beaucoup de pub cyblée et je reçcoit beaucoup plus de courriers indésirables. Et je regrette égalemment l'absence d'écran Oled même si le LCD est ici très bon.
Mais sinon, pour quelqu'un qui cherche un excellent milieu de gamme, je le conseil vivement"
Dheilly Alain,"3,0",24 mai 2018,Pour ma part dans l'ensemble Bon téléphone mais le problème des que je peux mettre qu'une carte sim et une carte sd je comprends pas car lorsque l'on lie la notice on vous fait voir que vous pouvez en mettre deux mais regardez bien la photo que je joint avec car ses le support sim qu'il y a à l'intérieur.qui peut m'expliquer le problème car là il y a soucis dites moi si ses pareil pour vous merci pour vos réponses.
Richard,"5,0",14 juin 2018,"Bonjour
Si comme moi vous avez des intermittences 3G,3G+,4G, et pas de réseau, avec sosh orange et Nokia 7 Plus, et ce malgré la mise à jour de mai et juin, je vous invite à entièrement sauvegarder ,puis réinitialiser totalement le mobile
Et ""O"" joie, la 4G+ fonctionne à nouveau avec les opérateurs sus cités.
Cordialement
Richard"
el pato te mato,"5,0",17 avril 2018,"Je cherche depuis un moment le remplaçant de mon nexus5x et même si j'ai la capacité d'acheter un big one, non, rien ne me convenait. Pour faire simple c'est une tuerie, incroyable, franchement fluide, mise à jour vers oreo 8.1 à l'allumage. Pour faire une comparaison avec le nexus5x : il le laisse par terre... rien à dire. Bref Nokia is back. Le cerclage en cuivre alors je dis bravo ! Il est lourd, il tient bien en mains, pas plus gros que le nexus5x. Android pure !!! alors avec nos amis chinois je garantis pas une back door dedans mais l'objet est magnifique. Petite touche sympa, un étui de protection se cache dans le compartiment accessoires. Sinon niveau performance, rien à reprocher il est puissant et agile :D Regarder des vidéos est un plaisir. GPS réactif, APN 6.75/10, superbe accroche en 4G. Merci Amazon.fr pour la protection d'écran offerte."
Thierrix,"5,0",8 septembre 2018,"smartphone remarquable
wot else ??"
Client d'Amazon,"2,0",23 octobre 2018,"Acheté chez Proximus il y a un mois.
Ce Nokia 7 Plus fait d'excellentes photos (zoom optique X2 : excellent). La batterie tient longtemps.
MAIS...
La reconnaissance faciale est présente sur ce Nokia 7 Plus. Le programme enregistre correctement le visage. Mais à  l'activation du smartphone, l'appareil ne se déverrouille pas avec la reconnaissance faciale. La reconnaissance faciale ne fonctionne tout simplement pas! Problème signalé au support Nokia depuis mars 2018! Problème toujours non-résolu, même après la mise à jour vers Android 9 !!!
Pas de gestes de navigation (""gestures""), pas de reconnaissance faciale... L'écran qui se fige parfois ou reste sans réaction, le jack audio qui ne reconnaît pas certains écouteurs, pas de stabilisation en 4K, bootloader verrouillé...
Pour 399€, je m'attendais à mieux ! Surtout d'une marque telle que Nokia.
C'est mon premier et dernier Nokia.
Je retourne vers Xiaomi : au moins chez eux tout fonctionne et pour beaucoup beaucoup moins cher !"
Ben지,"5,0",27 juin 2018,"J'ai acquis ce smartphone via un opérateur ""quelconque"" 📱
Ce téléphone est épuré avec son dos en métal effet céramique, le toucher est doux. Autour du téléphone se trouve une bande en cuivre très élégante qui fait ""classe"", voire sobre et élégante. On retrouve une prise jack en haut (bien que ça aurait été bien en bas à côté du port usb c) le portable est léger pour ma part, comparé à mon Iphone 6s plus. Ce qui m'a fait donné envie de prendre ce téléphone c'est bien sûr son dos qui se salit moins vite qu'un dos en verre, car j'hésitais avec le A8 de samsung. De plus on retrouve un scanner d'empreintes qui est très rapide *-*
Le point fort du portable est son écran qui est juste sublime, dont les détails sont parfaits pour cette gamme de téléphone. Avec son écran, les jeux, vidéo, et autres utilisation sont un bonheur :3
Je ne connais pas grand chose en ce qui concerne la puissance 😅, mais tout ce que je peux dire c'est qu'il est puissant, et cela fait 2 semaines que je l'ai et zéro latence. Et concernant la photo, il fait son boulot, les photos sont belles sans surcouche. Le logiciel de même est parfait, et les mises à jours sont régulier, mais...
J'oublie, faites attention à l'écran, il peut rayer rapidement si vous ne mettez pas de verre trempé, ou de film protecteur.
<<<< préparez-vous au mises à jours dès le premier allumage de téléphone elles viennent les une après les autres environ 8 ou 9>>>>
Je conseille ce téléphone si vous êtes maniaque des tâches de doigts 😂 si vous voulez des mises à jours régulières, avoir un grand écran ou si vous êtes un fan ou un utilisateur/trice qui aime Nokia !! :')"
Laurent,"4,0",28 juin 2018,"J'ai acheté ce téléphone en remplacement de mon Nexus 6P tombé en panne (achat chez Darty).
Ce que j'aime :
- Système Android One : une garantie de recevoir rapidement les mise à jour rapide de sécurité mais également celle de l'OS (en ce moment la Beta 2 d'android P est testée, et est disponible sur le site Nokia)
- Un écran de bonne qualité bien adapté à l'usage
- Un appareil photo au gout du jour
- Des performances plus raisonnables pour un usage normal.
- Une durée d'utilisation de la batterie pouvant dépasser un jour et demi
- Prise USB type C
- Prise Jack 3,5 mm
-présence quasiment de tous les capteurs en dehors du capteur Barométrique.
Ce qui manque :
- Recharge par induction
- Recharge Rapide
- Ecran Oled (?) mais là je suis plus mesuré au vu de la qualité de l'écran d'origine.
Les spécifications et le prix en font un appareil de milieu de gamme mais ses finitions le démarque de la meute de téléphone que l'on trouve dans cette gamme de prix"
introid,"4,0",23 mai 2018,"Bonjour,
le smartphone est très bon particulièrement dans cette gamme de prix, je le trouve relativement fluide, bien fini (revêtement mat au dos avec cerclage cuivré) il n'a pas trop chauffé lors de mes essaies (MAJ OTA directement sous Android Oreo 8.1, surf internet, youtube, etc...), l'écran IPS est agréable (mais il y a mieux niveau angle de vue), je ne suis pas certains de sa capacité lumineuse en extérieur par beau temps (premiers essais convaincants malgré tout) par contre il se montre agréable en séance nocturne, l'APN (appareil photo) parait aussi très bon en bonnes conditions lumineuse (l'application mériterait d'être plus intuitive par contre) et moins à l'aise en faible luminosité (classique dans cette gamme), aucun des objectifs ne possèdent la stabilisation optique mais électronique avec utilisation du gyroscope, le résultat se montre convaincant. L'autonomie parait également très bonne et l'appareil ne s'est jamais montré chaud ou brûlant.
Par contre je ne le trouve pas si agréable que cela en main car ses arrêtes sont en angle droit donc pas très confortable.
Le détecteur d'empreinte est très rapide, le son puissant et très clair même si seulement mono.
Bref c'est un très bon appareil dans cette gamme de prix (prix officiel de lancement de 399 euros) mais attention la concurrence est très rude avec les Asus Zenphone 5 et Honor 10...
Parfois j'ai choisi ce Nokia 7 Plus me direz-vous? Parce que je souhaitais avoir un téléphone Android à jour (je possède un iPhone7 sous IOS évidemment et c'est le top niveau suivi et MAJ) et à même de recevoir les MAJ Android/sécurité très rapidement, et avec Android One c'est le cas! De plus le fait qu'il soit dépourvu d'une surcouche logicielle lui demande moins de ressources matérielles et donc son couple processeur Snapdragon 660 et GPU Adreno 512 se montre très convaincant et à même d'affronter de nombreuses situations exigeantes. Le dernier point, je souhaitais une prise jack et idéalement un appareil sans encoche que beaucoup finalement masque, autant ne pas l'avoir...
Dans mon cas une grosse déception, j'ai reçu un appareil MONO SIM (modèle TA-1055) et non DOUBLE SIM (modèle TA-1046), c'est la raison pour laquelle je dois malheureusement le retourner... :( pour le commander à nouveau en double SIM.
Dans tous les cas je ne peux que vous recommander cet appareil qui en plus à la possibilité de recevoir de suite la Beta d'Android P, enfin un bon suivi sous Android hors Nexus/Pixel, cela fait très plaisir!
Cordialement"
ERIC,"5,0",15 février 2019,"Je l'ai acheté pour ma femme ;en noir cerclé de cuivre il est très élégant !  il n'est pas du tout trop grand c'est parfait.
je vais certainement me prendre le même."
LuC,"4,0",13 décembre 2018,"Android one parfait
Rapport qualité prix parfait"
inadmissible,"1,0",22 mai 2018,"Ce téléphone est mis en avant par Google pour son programme Andoid One (cf site web Anroid One).
Google a fait une mise à jour début mai de l'OS -> résultat plus de 4G avec le réseau Orange/Sosh.
Nokia est au courant du problème qui devrait (ou pas) être fixé par la mise à jours de Juin.
Donc 1 mois sans 4G... visiblement rien ne presse pour Google (en charge des mises à jours).
Google a donc pousser une mise à jours sur les terminaux des clients sans l'avoir testé à minima (la 4G est tout de même une fonction de base) avec le réseau Orange (un opérateur important). Bien sûr aucun message d'excuse de la part de Google ni même d'information sur la résolution du problème et son échéance.
Là, le programme Android One de Google en prend un bon coup pour son image !
Petit rappel d'un des slogans du site Anrdoid One:
""Android, pur et simple
Avec Android One, vous bénéficiez instantanément de la meilleure version d'Android disponible, pour que votre téléphone soit toujours à la hauteur de vos attentes.""
... ce doit être du second degré.
Update : nous sommes le 5 juillet, toujours pas de correctif"
Prodigious,"4,0",8 mai 2018,"■ MISE A JOUR 23 / 06 / 2018
- Le Nokia a enfin effectué sa mise à jour. Je suis passé de la version 8.0 à la version 8.1.0 de juin directement début juin. Certains ont eu des mises à jour dès avril et certains seulement en mai. Le mien a attendu le mois de juin.
- L'interface camera a été améliorée, elle est devenue plus agréable à utiliser contrairement à sa version initiale.
- Apparition d'un thème sombre mais seulement pour la barre de notifications (choix automatique selon l'arrière plan et non disponible si utilisation d'un launcher tiers).
- La charge rapide a disparue lorsque le téléphone est branché et allumé. Elle est cependant toujours là lorsque le téléphone est éteint. Cette restriction est peut être dû à la constatation des utilisateurs d'une forte augmentation de la température lors de la charge rapide quand elle était encore disponible téléphone allumé.
■ Avant propos
Le présent commentaire concerne l'Amazon edition (Nokia 7 plus dual SIM noir + film protecteur). Cette édition n'est plus dispo et désormais se trouve en vente ici une édition mono sim. Ce commentaire pourra tout de même vous aider à vous faire une idée du téléphone en lui-même et vous trouverez actuellement les versions dual sim sur Amazon grâce aux ASIN suivants :
- B07B65SGKJ (dual sim blanc).
- B07B68N35M (dual sim noir)
■ Amazon Edition (plus disponible)
La particularité de cette édition est qu’elle est fourni en plus avec un film de protection écran. Ce n’est pas du verre trempé et à en croire ce qui est écrit c’est mieux qu’un simple film. C’est en fait un plastique assez épais mais souple. A noter, le sticker à retirer après pose tenait tellement, qu’il a soulevé le film, m’obligeant à effectuer une nouvelle pose.
Autre point, cette édition Amazon fait l’objet régulièrement de réductions de prix. Acheté à 368 euros un week-end quand l’édition standard restait à 399 euros.
■ Design
Son aspect noir mat avec finition cuivré fait son effet. Le smartphone se distingue sur ce point par rapport à la grande majorité des smartphones. Après, si l’on veut le protéger avec la coque silicone ou autre, forcément, le bel habillage ne se voit plus. Comme souvent les capteurs dépassent mais cette proéminence se résout avec une coque.
■ Ecran
L’écran 6 pouces (ratio 18:9) est de bonne facture. Certes, ce n’est pas de l’AMOLED, mais la dalle IPS délivre des couleurs vives et des noirs profonds. En veille, l’heure et les notifications ressortent bien tout en laissant le reste noir. C’est vraiment agréable à l’oeil. Un peu semblable à une liseuse.
■ Photo / Vidéo
C’est vraiment bon, surtout quand on sait qu’on a dans les mains un smartphone milieu de gamme (il manque un capteur doté OIS pour prétendre à du haut de gamme). On retrouve Nokia sur ce point après les échecs photos des Nokia 3, 5 et 6.
L’EIS est bienvenue mais est malheureusement dépendante de la qualité vidéo. Toujours activée, la stabilisation n’est pas disponible en 4K. C’est un peu dommage de ne pas avoir le choix même si l’EIS est un plus, on a tendance à penser qu’elle à un prix en terme de qualité.
L’interface n’est pas des plus agréable.
- Une incohérence : le passage photo/vidéo se fait par slide. Mais un menu déroulant contient aussi un bouton photo/video qui vous propose la photo quand vous êtes déjà en photo et la vidéo quand vous êtes déjà en vidéo...
- Un bug textuel : si le téléphone est en français, à chaque début d’enregistrement d’une vidéo le message “Audio OZO est désactivé” apparaîtra, même s’il est bien activé. Si la langue est en anglais, c’est l’inverse qui se produit avec “Audio OZO is enable” même si vous l’aviez désactivé. OZO, c’est cette technologie de 3 micros permettant un son plus immersif.
- 2 façons d’accéder au mode pro : via le menu déroulant ou en slidant le bouton de prise de vues.
A l’instar de la lentille téléphoto, la caméra frontale permet aussi le mode portrait (bokeh). C’est assez réussi, mais les cheveux restent trop complexe pour l’algorithme logiciel pour être totalement réussi.
Niveau couleur, on a tendance à les trouver naturelles quand on photographie des paysages. Mais s’il s’agit d’objet, on trouve alors les couleurs un peu ternes.
Il est possible de contrôler la vitesse d’obturation ce qui est utile pour les photos de nuit. le mode HDR ne m’a pas convaincu et il est préférable de passer en mode pro pour avoir un meilleur résultat du cliché.
A noter que l'autofocus en mode auto n'en fait qu'à sa tête. Vous pouvez pendant 2 secondes mettre le focus sur un élément mais si vous ne photographiez pas dans les 2 secondes le focus se réajuste. La solution est de passer en mode pro pour affiner précisément la mise au point en déplaçant le curseur.
■ Son (mise à jour 25 / 06 / 2018)
Munie d’un seul haut parleur, le son n’est pourtant pas mauvais. Il tire vers le grave, ce qui a pour conséquence au moins de ne pas balancer des sonneries stridente. En sortie jack ou  bluetooth, aucun problème. Cependant, en bluetooth, j’ai relevé une nette différence entre 2 crans de volume (où le niveau sonore monte beaucoup plus). Ce problème se règle en désactivant le volume absolu dans les options développeurs (accès au menu développeur dans tapant 7 fois sur le numéro de build). Les appels voix n’ont montré aucun défaut.
■ Puissance
Avec un Snapdragon 660 et 4Go RAM, les jeux actuels tourneront sans problème (ex PUBG mobile). On peut juste noter de tout petit lags par-ci par-là, mais rien d’alarmant. Le téléphone ne chauffe pas ou très peu.
Benchmark Antutu : 140 311 points
CPU=66067
GPU=30733
UX=3650
■ Autonomie
Très bonne autonomie. Vous pouvez facilement faire 2 jours en faisant tourner quelques vidéos, jeux, Maps et en naviguant sur internet. Les utilisateurs les plus gourmands ne passeront pas plus de 1.5 jour d’autonomie tandis que les plus sages passeront très facilement les 2 jours.
■ Android One (ancienne version, voir mise à jour au début du commentaire)
Si votre unique intérêt pour le Nokia 7 Plus est son label Android One, passez votre chemin. En effet, si Android One nous assure des mises à jour régulières, à ce jour le téléphone tourne toujours sous Oreo 8.0 en date de février 2018. Néanmoins, vous pourriez faire partie des chanceux qui auront le droit à une mise à jour Oreo 8.1. Mais un rapide tour sur divers forum, ainsi que le forum officiel Nokia témoigne d’un nombre de plus en plus important d’utilisateur attendant vainement le patch de sécurité d’avril alors que nous sommes déjà en mai. Android One est à ce jour, en Europe, une promesse non tenue.
■ Divers
- Le téléphone semble teès sensible niveau tactile. Il m'est arrivé (si l'option réveil de l'écran par double tap est activé) que l'écran s'allume alors qu'il était tenu en main. Au cours d'un appel en kit main libre, téléphone en poche a activé la mise en attente.
- Le capteur d'empreinte ne fonctionnera pas si vos doigts sont moites (ce qui peut arriver en pleine chaleur)
(+) Pour
Livré avec coque silicone
Bonne autonomie
Qualité photo/vidéo
Android pur
Bonne accroche GPS
(-) Contre
Batterie inamovible (si seulement il était étanche on pourrait comprendre)
Bugs/lacunes dans la fonction photo/video
Capteur empreinte capricieux (rare)
Un petit like m'encourage à faire des commentaires aussi complet ^-^"
Seb16s,"5,0",7 mai 2018,"A la base, ce qui m'a poussé vers ce mobile est l'expérience Android One que je recherchais vraiment, puisqu'elle garantit une interface Android stock sans surcouche et des mises à jours régulières et durables.
Je donnerais un avis plus détaillés plus tard, mais après une semaine et demi, il en ressort déjà des points positifs :
+ Très bonne finition et qualité des matériaux
+ Interface fluide et efficace
+ Grand écran lumineux
+ Photos très correctes et zoom x2 appréciable
+ Batterie de 3800 mAh assurant une très bonne autonomie et bonne tenue en veille
+ Chauffe peu
+ Double SIM ou microSD
+ Prise jack
+ Bonne réception et qualité du son et des conversations
Quelques points négatifs cependant :
- Pas de diode de notification (mais l'écran s'allume brièvement, ou lors de la prise en main de l'appareil)
- Pas d'étanchéité
- Un peu grand (158 mm), il faut oublier les poches de jean
Mais je lui octroie 5 étoiles pour le moment, pour le prix proposé, il ne présente aucun point faible rédhibitoire.
EDIT du 19/05 : Attention, la MaJ 2.22 avec patch sécurité du mois de mai créé des problèmes de réception en 4G sur le réseau Sosh/Orange, vérifié sur des forums. En attendant un correctif de la part de Nokia, je recommande à ceux qui peuvent encore de ne pas l'installer !
EDIT du 08/06 : le bug semble corrigé, la 4G chez Sosh est à nouveau fonctionnelle. Ne plus tenir compte des commentaires négatifs sur ce sujet. Par ailleurs, cela n'enlève en rien les autres qualités du produit et ne justifie pas une ""mauvaise note""."
XF06,"1,0",6 février 2019,"Concernant la fiche technique et le rapport qualité prix, ça pourrait aller s'il n'y avait pas un problème majeur avec ce tel que Nokia (HMD), informé depuis décembre 2018 ne résout pas:
La connexion Wifi ne fonctionne pas!!
Il faut systématiquement redémarrer le téléphone pour espérer se connecter à un wifi et encore ça ne fonctionne pas à tous les coups.
Si c'est votre wifi chez vous, mettez l'adresse IP ""en dur"" dans le téléphone (quand vous renseignez les infos de votre wifi) et là ça fonctionne. Bien entendu, il faut qu'elle corresponde ""au réseau"" qu'il y a dans votre box ou routeur. (Pour la technique et la config wifi, tuto sur le net ;-) ).
Si vous vous connectez à des wifi public (resto, aéroport...), là ou l'attribution d'adresse IP se fait par un serveur DHCP (il la donne à votre tel et vous ne pouvez pas intervenir) ça ne fonctionnera pas.
Le tel verra bien le wifi et tentera de s'y connecter sans succès, ça tournera en boucle.
Peu importe le wifi, sa sécurité, la bande (2.4Ghz ou  5Ghz).
Bref, ça ne fonctionnera pas!!
(Une adresse IP est un élément essentiel pour se connecter sur un réseau, un élément parmi d'autre mais sans elle pas de net).
Et pas de wifi= pas de grosse maj et autres choses qui nécessitent le wifi et refuse la 4G.
Ce bug touche tous les Nokia 7 +, j'en ai testé deux et les problèmes sont remontés sur différents forums dont celui de Nokia qui dit s'occuper du problème depuis décembre 2018...
A se demander si le problème ne serait pas matériel plutôt que lié à Android lui-même?
Un tel temps de réaction de la part d'un constructeur est inadmissible et cache peut-être quelque chose.
Sur Android 8 et 9, le wifi ne fonctionne pas. Pas sûr que le Nokia 7 + voit Android 10 malgré les annonces, le tel est dans sa deuxième année de version Android, il est donc presque ""obsolète.
Dommage pour de l'Android One...
Si Nokia (HMD) ne sort pas un ""patch"", ce tel restera donc buggé.
Son successeur le Nokia 8.1 dispose d'une grosse encoche qui masque une partie des notifications en haut, un peu dommage de copier bêtement ce que tous abandonnent maintenant. Voilà la réactivité de cette marque.
A 300€, il n'y a pas vraiment d'alternative rapport qualité/prix/performance."
biboy25,"4,0",6 juillet 2018,"Ayant l'habitude d'avoir des smartphone HDG, je trouve que cette appareil est d'un excellent rapport qualité/prix et qu'il est le meilleure téléphone dans sa catégorie (évidemment cela n'engage que moi lol ). Oui c'est un appareil moyenne gamme mais il fait ce qu'on lui demande et il est largement suffisant pour l'utilisation que j'en fais (tout sauf les jeux). Il est fluide, il a une bonne accroche réseau, une l'autonomie excellente, on regrettera la stabilisation optique et la led de notification. Fonctionne sous Androidone donc des mises à jour régulières et les derniers patch de sécurité. On aime ou l'on aime pas l'interface pur android lol. 141000 points sous Antutu."
Stretoo,"3,0",30 mai 2019,"Lassé d’un Samsung dont la surface trop glissante et à l’écran trop fragile en ont vite fait un téléphone prématurément vieilli, je me suis décidé pour ce Nokia 7 Plus. Mon choix a été dicté par les caractéristiques suivantes : un écran Corning Gorilla 3, d’une solidité remarquable, la prise USB C, 64 go de mémoire, la possibilité de monter un micro SD card de 256 go, et surtout la qualité attendue des photos avec les optiques Zeiss. A l’usage ce téléphone se montre tout à fait convainquant et mériterait 5 étoiles pour son rapport qualité / prix. Ce ne sera cependant pas la notation que je laisserai car, sans être mauvaise, la qualité des photos est une grosse déception. Elle n’est pas au niveau de ce que j’attendais des optiques Zeiss mises en avant : manque de définition des clichés et, en extérieur, une dominante peu naturelle du vert. Enfin, ce reproche s’adresse à tous les constructeurs, pourrait-on avoir un écran utilisable en extérieur ? Il me semble qu’il est légitime de s’attendre à pouvoir utiliser son écran en plein jour sans que ce dernier ne devienne pratiquement illisible.  En conclusion : l’optique Zeiss n’apporte rien de plus à cet appareil si ce n’est un argumentaire marketing surfait pour finalement des photos de qualité (très) moyenne à mon goût. Au plan des points positifs : c’est un smartphone solide et agréable à utiliser avec une excellente réception 4G, une lecture d’empreinte redoutablement efficace (largement supérieure à celle de mon Samsung) et une très bonne ergonomie. L’autonomie est tout à fait satisfaisante avec une batterie de 3800 mAh. Peut-être qu’une future mise-à-jour améliorera la fonctionnalité photo…ça ne serait pas du luxe. Je réviserai éventuellement ma notation à ce moment là."
jweikert,"4,0",3 janvier 2019,"Très beau téléphone portable. Solide et bien construit. le son lorsque vous regardez des vidéos est très bon sur le haut-parleur. Il ne dispose pas de charge sans fil et d’un écran Oled. Je le souhaite. Il a le système Android le plus récent, Android 9 qui est génial! J'aime la longue vie de ce téléphone cellulaire. C'est un peu lourd et gros à tenir. Va prendre le temps de s'y habituer. Si vous ne pouvez pas vous permettre un téléphone cellulaire phare, je recommande celui-ci. J'aime la nostalgie d'avoir à nouveau un Nokia. J'adore la vieille sonnerie."
elwind,"5,0",1 février 2019,"Suite casse d'un samsung S8, j'ai acheté ce Nokia 7 plus. Et bien franchement c'est tout bon.
L'écran est grand et lumineux. Certes cela ne vaut pas celui des smartphones haut de gamme mais finalement cela convient.
Android One est parfait pour se débarrasser des surcouches constructeurs. Les mises à jour sont faites dans les temps (Android 9.0 et dernier patch de sécurité).
Le capteur d'empreinte est mieux placé que sur mon S8. L'appareil photo est bon, et permet beaucoup de réglage en mode manuel (pour ceux que ça intéresse).
Pour un usage jeux vidéo 1H30/jour + vidéos netflix c'est parfait pour le prix.
Petit + : vendu avec une coque de protection.
Petit - : Les écouteurs sont à jeter par contre."
Myriam,"5,0",27 août 2018,"Excellent smartphone, je voulais un androïd , le prix reste attractif, il correspond à tout ce que j'en attendais.
La batterie tiens plus longtemps que les smartphones que j'avais auparavant. La taille est parfaite. Au point qu'il a remplacé ma tablette.
Bravo Nokia."
Slolelo,"5,0",2 avril 2019,"J'ai beaucoup aimé ce smartphone, bien qu'il soit à mes yeux un peu trop grand. Le revêtement type céramique est très qualitatif, la photo est géniale, l'autonomie plutôt bonne, dans la moyenne de ce type de smartphone (en milieu d'après midi je le branche). Il est sous Android stock, donc les mises à jour de sécurité arrivent bien plus rapidement que sur un téléphone comportant une sur couche opérateur ou fabricant."
DOM13,"5,0",24 février 2019,"Appareil bon dans tous les domaines , très bien fini et simplement beau .
Pas de surcouche inutile puisque Android 9 se suffit à lui-même et l'assurance de mises à jour rapide avec Android one .
Dimensions de l'appareil encore raisonnable .
Au prix où il était en décembre/janvier ( - de 300 €) on ne pouvait pas passer à côté.
Bravo Nokia, c'est la bonne voie surtout pas d'erreur n'en changez pas même si l'expérience (Samsung puis Huawei) montre que le succès conduit à des engins énormes tant en taille qu'en prix ."
r,"5,0",15 mai 2018,"téléphone qui vaut son prix , 2 semaines que je l'ai et j'en suis content.
il peut y avoir des bugs , mais c'est dû à oreo 8.1, le téléphone en lui-même est vraiment bon."
Bastien.G,"5,0",21 février 2019,"Tres bon mobile au rapport qualité prix imbattable. Ma batterie tiens 2 jours et un peut plus. En utilisation ultra abusive je tiens 1 jour et demis.
La qualité photo, pour cette gamme de prix et top sans non plus remplacé un reflex."
talon bertil,"5,0",8 avril 2019,"Compatible toutes bandes 4g françaises (dont celle de Free).
Super appareil photo.
Logiciel Android pur en version one.
Bonne capacité de stockage interne extensible par sd.
Pas de surchauffe en usage intense.
Batterie 1 journée de 9h en usage intensif."
